,2AW7,,,2XZM,,Discrepancy,
A:U5, ,---,---, ,---, ,
A:G6, ,---,---, ,---, ,
A:A7, ,---,---, ,---, ,
A:A8, ,---,---, ,---, ,
---, ,---,A:A1, ,---, ,
---, ,---,A:A2, ,---, ,
---, ,---,A:C3, ,---, ,
A:G9,cWW ,A:C25,A:C4,cWW ,A:G20,0.393740,
A:G9,cHS ,A:A559,A:C4,---- ,A:A600,0.393740,
A:A10,cWW ,A:U24,A:U5,cWW ,A:A19,0.266934,
A:G11,cWW ,A:C23,A:G6,cWW ,A:C18,0.271336,
A:U12,cWW ,A:G22,A:G7,cWW ,A:C17,0.421557,
A:U13,tHW ,A:U20,A:U8,ntWH,A:U15,0.276175,
A:U13,cWH ,A:A915,A:U8,ncWH,A:A1112,0.276175,
A:U14, ,---,A:U9, ,---,0.197773,
A:G15,cWW ,A:U920,A:G10,cWW ,A:U1117,0.173308,
A:A16,cSS ,A:A1080,A:A11,---- ,A:A1272,0.201454,
A:U17,cWW ,A:A918,A:U12,cWW ,A:A1115,0.175346,
A:C18,cWW ,A:G917,A:C13,cWW ,A:G1114,0.123461,
A:C18,ncSS,A:A864,A:C13,cSS ,A:A1058,0.123461,
A:A19,tSS ,A:A572,A:C14,tSS ,A:A613,0.423602,
A:A19,cWW ,A:U916,A:C14,cWW ,A:G1113,0.423602,
A:U20,tWH ,A:U13,A:U15,ntHW,A:U8,0.503512,
A:G21,tSH ,A:A914,A:G16,---- ,A:A1111,0.538064,
A:G22,cWW ,A:U12,A:C17,cWW ,A:G7,0.528052,
A:G22,tSS ,A:A913,A:C17,---- ,A:A1110,0.528052,
A:C23,cWW ,A:G11,A:C18,cWW ,A:G6,0.388780,
A:U24,cWW ,A:A10,A:A19,cWW ,A:U5,0.200648,
A:C25,cWW ,A:G9,A:G20,cWW ,A:C4,0.393740,
A:C25,bif ,A:A559,A:G20,---- ,A:A600,0.393740,
---, ,A:G557,A:U21,cWW ,A:A598, ,
A:A26,tHS ,A:G558,---, ,A:A599, ,
A:G27,cWW ,A:C556,A:U22,cWW ,A:U597,0.429514,
A:A28,cWW ,A:U555,A:A23,cWW ,A:U596,0.425276,
A:U29,cWW ,A:A554,A:C24,ncWW,A:A595,0.369619,
A:U30,cWW ,A:A553,A:A25,ncWW,A:U594,0.483218,
A:G31, ,---,---, ,---, ,
A:A32,cWW ,A:U552,A:U26,cWW ,A:A593,0.499477,
A:A33,cWW ,A:U551,A:A27,cWW ,A:U592,0.280386,
A:C34,cWW ,A:G550,A:U28,ncWW,A:G591,0.203946,
A:G35,cWW ,A:C549,A:G29,cWW ,A:C590,0.209578,
A:C36,cWW ,A:G548,A:C30,cWW ,A:G589,0.121651,
A:U37,tWW ,A:A397,A:U31, ,---,0.176988,
A:U37,ntSS,A:A547,A:U31,tSS ,A:A588,0.176988,
A:G38, ,---,A:U32, ,---,0.199905,
A:G39,cWW ,A:C403,A:G33,ncWW,A:A466,2.846892,
A:C40,cWW ,A:G402,A:U34,cWW ,A:A465,0.446460,
A:G41,cWW ,A:C401,A:C35,cWW ,A:G464,0.319625,
A:G42,cWW ,A:C400,A:U36, ,---,0.481779,
A:G42,tSS ,A:A622,A:U36,---- ,A:C753,0.481779,
A:G42, ,---,A:U36,cWW ,A:A463,0.481779,
A:C43,cWW ,A:G399,A:U37, ,---,0.481779,
A:C43, ,---,A:U37,cWW ,A:A462,0.481779,
---, ,---,A:A38,tSH ,A:C461, ,
A:A44,cWW ,A:U398,---, ,---, ,
A:G45,cWW ,A:C396,A:A39,tHS ,A:G459,0.639337,
A:G46,cWW ,A:C395,A:A40,cWW ,A:U458,0.639337,
A:C47,cWW ,A:G361,A:U41,ns55,A:A425,0.515616,
---, ,---,A:A42, ,---, ,
---, ,---,A:U43, ,---, ,
A:C48, ,---,---, ,---, ,
A:U49,cWS ,A:G362,A:U44,---- ,A:G426,0.523239,
A:U49,tHW ,A:U365,A:U44,---- ,A:A429,0.523239,
A:A50,tSS ,A:G360,A:A45,---- ,A:A424,0.314144,
A:A51,cWS ,A:C314,A:A46,ns55,A:G377,0.259946,
A:C52,cWW ,A:G359,A:C47,cWW ,A:G423,0.231610,
A:A53,cWW ,A:U358,A:C48,cWW ,A:G422,0.256948,
A:C54,cWW ,A:G357,A:C49,cWW ,A:G421,0.246077,
A:A55,tHS ,A:G357,A:A50,tHS ,A:G421,0.168276,
A:A55,tWW ,A:U368,A:A50,tWW ,A:U432,0.168276,
A:U56,cWW ,A:A356,A:U51,cWW ,A:A420,0.141870,
A:G57,cWW ,A:C355,A:G52,cWW ,A:C419,0.128312,
A:C58,cWW ,A:G354,A:C53,cWW ,A:G418,0.138703,
A:A59, ,---,A:A54, ,---,0.207749,
A:A60,ntSS,A:G107,A:U55,tWS ,A:G87,0.327197,
A:G61,cWW ,A:C106,A:G56,cWW ,A:C86,0.264107,
A:U62,cWW ,A:G105,A:U57,cWW ,A:G85,0.174336,
---, ,---,A:G58, ,---, ,
---, ,---,A:C59, ,---, ,
---, ,---,A:C60, ,---, ,
A:C63,cWW ,A:G104,---, ,A:U84, ,
A:G64,cWH ,A:G68,---, ,---, ,
A:A65, ,---,---, ,---, ,
---, ,A:G200,A:A61,cSS ,A:C265, ,
---, ,A:C217,A:A61,tSS ,A:G278, ,
A:A66,cWW ,A:U103,A:G62,cWW ,A:C83,0.270631,
A:A66,cSS ,A:A172,A:G62, ,---,0.270631,
A:C67,cWW ,A:G102,A:U63,cWW ,A:A82,0.203615,
A:C67,cSS ,A:A171,A:U63, ,---,0.203615,
---, ,---,A:U64, ,---, ,
---, ,---,A:C65, ,---, ,
A:G68,cHW ,A:G64,---, ,---, ,
A:G68,cWW ,A:A101,---, ,---, ,
A:G68,tSS ,A:A152,---, ,---, ,
A:G69,cWW ,A:C99,---, ,---, ,
A:G69,tSH ,A:G100,---, ,---, ,
A:U70,cWW ,A:A98,---, ,---, ,
A:A71,cWS ,A:C99,---, ,---, ,
A:A72,cWS ,A:A98,---, ,---, ,
A:C73,cWW ,A:G97,---, ,---, ,
A:A74,cWW ,A:U96,---, ,---, ,
A:G75,cWW ,A:C95,---, ,---, ,
A:G76,cWW ,A:U93,A:A66,ntHS,A:G79,0.638942,
A:A77,cWW ,A:U92,A:G67,cWW ,A:C78,0.638942,
A:A78,cWW ,A:U91,A:U68,cWW ,A:G77,0.356178,
A:G79,cWW ,A:C90,A:A69, ,---,0.356178,
---, ,---,A:U70, ,---, ,
---, ,---,A:U71, ,---, ,
---, ,---,A:G72, ,---, ,
---, ,---,A:A73, ,---, ,
---, ,---,A:A74, ,---, ,
---, ,---,A:C75, ,---, ,
---, ,---,A:A76, ,---, ,
A:A80,cWW ,A:U89,---, ,---, ,
A:A81,cWW ,A:U88,---, ,---, ,
A:G82,cWW ,A:C87,---, ,---, ,
A:C83,cWW ,A:G86,---, ,---, ,
A:U84, ,---,---, ,---, ,
A:U85, ,---,---, ,---, ,
A:G86,cWW ,A:C83,---, ,---, ,
A:C87,cWW ,A:G82,---, ,---, ,
A:U88,cWW ,A:A81,---, ,---, ,
A:U89,cWW ,A:A80,---, ,---, ,
A:C90,cWW ,A:G79,---, ,A:A69, ,
A:U91,cWW ,A:A78,A:G77,cWW ,A:U68,0.356178,
A:U92,cWW ,A:A77,A:C78,cWW ,A:G67,0.432679,
A:U93,cWW ,A:G76,A:G79,ntSH,A:A66,0.638942,
---, ,---,A:A80, ,---, ,
---, ,---,A:A81, ,---, ,
A:G94,cWH ,A:G97,---, ,---, ,
A:C95,cWW ,A:G75,---, ,---, ,
A:U96,cWW ,A:A74,---, ,---, ,
A:G97,cWW ,A:C73,---, ,---, ,
A:G97,cHW ,A:G94,---, ,---, ,
A:A98,cWW ,A:U70,---, ,---, ,
A:A98,cSW ,A:A72,---, ,---, ,
A:C99,cWW ,A:G69,---, ,---, ,
A:C99,cSW ,A:A71,---, ,---, ,
A:G100,tHS ,A:G69,---, ,---, ,
A:A101,cWW ,A:G68,---, ,---, ,
A:G102,cWW ,A:C67,A:A82,cWW ,A:U63,0.203615,
A:G102,cSS ,A:A151,A:A82, ,---,0.203615,
A:U103,cWW ,A:A66,A:C83,cWW ,A:G62,0.203615,
A:G104,cWW ,A:C63,A:U84, ,---,0.270631,
A:G104, ,---,A:U84,cWW ,A:A444,0.270631,
A:G105,cWW ,A:U62,A:G85,cWW ,A:U57,0.249822,
A:C106,cWW ,A:G61,A:C86,cWW ,A:G56,0.174336,
A:G107,ntSS,A:A60,A:G87,tSW ,A:U55,0.264107,
---, ,---,A:A88, ,---, ,
A:G108, ,---,---, ,---, ,
A:A109,tHS ,A:G324,A:A89,tHS ,A:G387,0.378493,
A:C110, ,---,A:U90, ,---,0.283173,
A:G111,bif ,A:G331,A:G91,---- ,A:G394,0.283173,
A:G112,cWW ,A:A315,A:G92,cWW ,A:A378,0.322200,
A:G113,cWW ,A:C314,A:C93,cWW ,A:G377,0.330348,
A:U114,cWW ,A:A313,A:U94,cWW ,A:A376,0.294307,
A:G115,cWW ,A:C312,A:C95,cWW ,A:G375,0.297698,
A:G115,ncSH,A:A116,A:C95,cSH ,A:A96,0.297698,
A:A116,ncHS,A:G115,A:A96,cHS ,A:C95,0.316463,
A:A116,---- ,A:A313,A:A96,cWS ,A:A376,0.316463,
A:G117, ,---,A:U97, ,---,0.357223,
A:U118, ,---,A:U98, ,---,0.307561,
A:A119,tHW ,A:U287,A:A99,tHW ,A:U349,0.302261,
---, ,---,A:A100, ,---, ,
A:A120,ntHW,A:U239,A:A101,tHW ,A:C299,0.557735,
A:U121, ,---,---, ,---, ,
A:G122,cWW ,A:U239,A:A102,---- ,A:C299,0.455512,
A:U123,cWW ,A:A238,A:C103,cWW ,A:G298,0.455196,
A:C124,cWW ,A:G237,A:A104,cWW ,A:U297,0.223436,
A:U125,cWW ,A:A236,A:G105,cWW ,A:C296,0.457611,
A:G126,cWW ,A:C235,A:U106,cWW ,A:U295,0.532034,
A:G127,cWW ,A:C234,A:U107,cWW ,A:U294,0.463998,
A:G128,cWW ,A:C233,A:A108,cWW ,A:U293,0.338159,
A:A129,cWW ,A:G232,A:U109,cWW ,A:G292,0.348088,
---, ,---,A:A110, ,---, ,
A:A130,cSS ,A:A263,A:G111,ncSS,A:U325,0.386734,
A:A131,cWW ,A:U231,A:U112,cWW ,A:A291,0.562694,
A:A131,cSS ,A:A262,A:U112,ncSS,A:A324,0.562694,
A:C132,cWW ,A:G230,A:U113,cWW ,A:A290,0.250249,
A:U133,cWW ,A:U229,A:U114,cWW ,A:U289,0.251312,
A:G134, ,---,A:A115, ,---,0.287129,
A:C135, ,---,A:U116, ,---,0.286892,
A:C136,cWW ,A:G227,A:U117,cWW ,A:U287,0.442141,
A:U137,cWW ,A:G226,A:U118,cWW ,A:A286,0.416684,
A:U137,s55 ,A:G227,A:U118,cWS ,A:U287,0.416684,
A:G138,cWW ,A:C225,A:G119,cWW ,A:C285,0.275686,
A:A139,cWW ,A:U224,A:A120,cWW ,A:U284,0.149683,
A:U140,cWW ,A:A223,A:U121,cWW ,A:A283,0.319179,
A:G141,cWW ,A:C222,A:A122, ,---,0.319179,
---, ,---,A:A123, ,---, ,
---, ,---,A:U124, ,---, ,
---, ,---,A:U125, ,---, ,
---, ,---,A:A126, ,---, ,
---, ,---,A:A127, ,---, ,
---, ,---,A:A128, ,---, ,
---, ,---,A:G129, ,---, ,
---, ,---,A:A130, ,---, ,
---, ,---,A:U131, ,---, ,
A:G142,tSS ,A:A196,---, ,---, ,
A:G142,cWW ,A:C221,---, ,A:A282, ,
A:A143,cWW ,A:G220,---, ,A:A281, ,
A:G144,cWW ,A:C178,---, ,---, ,
A:G145,cWH ,A:G177,---, ,---, ,
A:G146,cWW ,A:C176,---, ,---, ,
A:G147,cWW ,A:C175,---, ,A:C198, ,
---, ,---,A:U132,cWW ,A:A263, ,
---, ,---,A:A133,tWS ,A:G169, ,
---, ,---,A:C134, ,---, ,
---, ,---,A:A135, ,---, ,
---, ,---,A:U136,cWW ,A:A167, ,
---, ,---,A:G137,cWW ,A:C166, ,
---, ,---,A:G138,cWW ,A:A165, ,
---, ,---,A:A139, ,---, ,
---, ,---,A:U140, ,---, ,
---, ,---,A:A141, ,---, ,
---, ,---,A:A142, ,---, ,
---, ,---,A:C143,cWW ,A:G159, ,
---, ,---,A:C144,cWW ,A:G158, ,
---, ,---,A:G145, ,---, ,
---, ,---,A:A146,cWW ,A:U156, ,
---, ,---,A:G147,cWW ,A:U155, ,
---, ,---,A:C148,cWW ,A:G154, ,
---, ,---,A:U149, ,---, ,
---, ,A:G347,A:A150,tWS ,A:G410, ,
---, ,---,A:A151, ,---, ,
---, ,---,A:U152, ,---, ,
---, ,---,A:U153, ,---, ,
---, ,---,A:G154,cWW ,A:C148, ,
---, ,---,A:U155,cWW ,A:G147, ,
---, ,---,A:U156,cWW ,A:A146, ,
---, ,---,A:G157, ,---, ,
---, ,---,A:G158,cWW ,A:C144, ,
---, ,---,A:G159,cWW ,A:C143, ,
---, ,---,A:C160, ,---, ,
---, ,---,A:U161, ,---, ,
---, ,---,A:A162, ,---, ,
---, ,---,A:A163, ,---, ,
---, ,---,A:U164, ,---, ,
---, ,---,A:A165,cWW ,A:G138, ,
---, ,---,A:C166,cWW ,A:G137, ,
---, ,---,A:A167,cWW ,A:U136, ,
---, ,---,A:U168,tWH ,A:A263, ,
---, ,---,A:G169,tSW ,A:A133, ,
---, ,---,A:C170, ,---, ,
---, ,---,A:U171, ,---, ,
---, ,---,A:U172, ,---, ,
---, ,---,A:A173, ,---, ,
---, ,---,A:A174, ,---, ,
---, ,---,A:A175, ,---, ,
A:G148,cWW ,A:A174,A:A176,---- ,A:A197,6.207856,
A:G148,cSS ,A:A1446,A:A176, ,---,6.207856,
A:G148,---- ,A:C175,A:A176,cWW ,A:C198,6.207856,
A:A149,tWH ,A:A172,A:U177, ,---,1.946247,
A:A149,s55 ,A:A174,A:U177,cWW ,A:A197,1.946247,
---, ,A:C169,A:U178,cWW ,A:A196, ,
A:U150,tWH ,A:A171,---, ,---, ,
A:A151,cSS ,A:G102,---, ,A:A82, ,
A:A151,tHW ,A:U170,---, ,---, ,
A:A152,tSS ,A:G68,---, ,---, ,
A:A152,tHW ,A:C169,---, ,A:A196, ,
A:C153,cWW ,A:G168,A:C179,cWW ,A:G195,0.150988,
A:U154,cWW ,A:A167,A:C180,cWW ,A:G194,0.146518,
A:A155,cWW ,A:U166,A:G181,cWW ,A:C193,0.449813,
---, ,---,A:U182, ,---, ,
A:C156,cWW ,A:G165,A:G183,cWW ,A:C192,0.446896,
A:U157,cWW ,A:G164,A:U184,cWW ,A:A191,0.677079,
A:G158,cWW ,A:C163,A:C185,cWW ,A:G190,0.614960,
A:G159,tSH ,A:A162,A:C186,---- ,A:G188,0.576726,
---, ,---,A:U187, ,---, ,
A:A160,tWS ,A:G347,---, ,A:G410, ,
A:A161, ,---,---, ,---, ,
A:A162,tHS ,A:G159,A:G188,---- ,A:C186,0.576726,
---, ,---,A:C189, ,---, ,
A:C163,cWW ,A:G158,A:G190,cWW ,A:C185,0.576726,
A:G164,cWW ,A:U157,A:A191,cWW ,A:U184,0.710896,
A:G165,cWW ,A:C156,A:C192,cWW ,A:G183,0.430076,
A:U166,cWW ,A:A155,A:C193,cWW ,A:G181,0.417771,
A:A167,cWW ,A:U154,A:G194,cWW ,A:C180,0.152999,
A:G168,cWW ,A:C153,A:G195,cWW ,A:C179,0.150988,
A:C169,tWH ,A:A152,A:A196, ,---,0.150988,
A:C169, ,---,A:A196,cWW ,A:U178,0.150988,
A:U170,tWH ,A:A151,---, ,---, ,
A:A171,cSS ,A:C67,---, ,A:U63, ,
A:A171,tHW ,A:U150,---, ,---, ,
A:A172,cSS ,A:A66,---, ,A:G62, ,
A:A172,tHW ,A:A149,---, ,A:U177, ,
A:U173, ,---,---, ,---, ,
A:A174,cWW ,A:G148,A:A197,---- ,A:A176,6.769485,
A:A174,s55 ,A:A149,A:A197,cWW ,A:U177,6.769485,
A:C175,cWW ,A:G147,A:C198, ,---,6.769485,
A:C175,tSS ,A:A1447,A:C198, ,---,6.769485,
A:C175,---- ,A:G148,A:C198,cWW ,A:A176,6.769485,
---, ,---,A:G199,cWW ,A:C260, ,
---, ,---,A:U200,cWW ,A:U259, ,
---, ,---,A:A201,cWW ,A:U256, ,
---, ,---,A:U202, ,---, ,
---, ,---,A:U203,cWW ,A:A254, ,
---, ,---,A:U204,cWW ,A:A253, ,
---, ,---,A:A205,cWW ,A:U252, ,
---, ,---,A:U206,cWW ,A:G251, ,
---, ,---,A:U207,cWW ,A:A250, ,
---, ,---,A:A208, ,---, ,
---, ,---,A:G209,tSH ,A:A248, ,
---, ,---,A:A210, ,---, ,
---, ,---,A:U211, ,---, ,
---, ,---,A:A212, ,---, ,
---, ,---,A:U213, ,---, ,
---, ,---,A:U214, ,---, ,
A:C176,cWW ,A:G146,---, ,---, ,
A:G177,cHW ,A:G145,---, ,---, ,
A:C178,cWW ,A:G144,---, ,---, ,
A:A179,tWH ,A:A196,---, ,---, ,
A:U180,tWH ,A:A195,---, ,---, ,
A:A181, ,---,---, ,---, ,
A:A182,tWW ,A:C194,---, ,A:G234, ,
A:C183, ,---,---, ,---, ,
---, ,---,A:A215,cWS ,A:C821, ,
---, ,---,A:G216, ,---, ,
---, ,---,A:A217,cWW ,A:U819, ,
---, ,---,A:C218,cWW ,A:G818, ,
---, ,---,A:C219,cWW ,A:G817, ,
---, ,---,A:A220,cWW ,A:U816, ,
---, ,---,A:A221,cWW ,A:U815, ,
---, ,---,A:U222, ,---, ,
---, ,A:C194,A:C223,cWW ,A:G234, ,
A:G184,cWW ,A:C193,A:G224,ncWW,A:U233,0.298158,
A:U185,cWW ,A:A192,A:C225,cWW ,A:G232,0.377408,
A:C186,cWW ,A:G191,A:A226,cWW ,A:U231,0.425291,
---, ,---,A:G227, ,---, ,
A:G187,tSH ,A:A190,---, ,A:A230, ,
A:C188, ,---,A:C228, ,---,0.412123,
A:A189, ,---,A:A229, ,---,0.412123,
A:A190,tHS ,A:G187,A:A230, ,---,0.493893,
A:G191,cWW ,A:C186,A:U231,cWW ,A:A226,0.539591,
A:A192,cWW ,A:U185,A:G232,cWW ,A:C225,0.425291,
A:C193,cWW ,A:G184,A:U233,ncWW,A:G224,0.298158,
A:C194,tWW ,A:A182,A:G234, ,---,0.298158,
A:C194, ,---,A:G234,cWW ,A:C223,0.298158,
---, ,---,A:A235, ,---, ,
---, ,---,A:U236, ,---, ,
---, ,---,A:U237, ,---, ,
---, ,---,A:G238, ,---, ,
---, ,---,A:A239, ,---, ,
---, ,---,A:G240,cWW ,A:C247, ,
---, ,---,A:A241, ,---, ,
---, ,---,A:U242, ,---, ,
---, ,---,A:G243, ,---, ,
---, ,---,A:A244, ,---, ,
---, ,---,A:A245, ,---, ,
---, ,---,A:U246, ,---, ,
A:A195,tHW ,A:U180,---, ,---, ,
A:A196,tSS ,A:G142,---, ,---, ,
A:A196,tHW ,A:A179,---, ,---, ,
A:A196,cSS ,A:C221,---, ,A:A282, ,
A:A197,tSS ,A:G220,---, ,A:A281, ,
---, ,---,A:C247,cWW ,A:G240, ,
---, ,---,A:A248,tHS ,A:G209, ,
---, ,---,A:A249, ,---, ,
---, ,---,A:A250,cWW ,A:U207, ,
---, ,---,A:G251,cWW ,A:U206, ,
---, ,---,A:U252,cWW ,A:A205, ,
---, ,---,A:A253,cWW ,A:U204, ,
---, ,---,A:A254,cWW ,A:U203, ,
---, ,---,A:C255, ,---, ,
---, ,---,A:U256,cWW ,A:A201, ,
---, ,---,A:G257, ,---, ,
---, ,---,A:A258, ,---, ,
---, ,---,A:U259,cWW ,A:U200, ,
---, ,---,A:C260,cWW ,A:G199, ,
---, ,---,A:G261, ,---, ,
A:G198,cWW ,A:U219,A:G262,ncWW,A:U280,0.542780,
---, ,---,A:A263,cWW ,A:U132, ,
---, ,---,A:A263,tHW ,A:U168, ,
A:A199,cWW ,A:U218,A:U264,cWW ,A:A279,0.437891,
A:G200,cWW ,A:C217,A:C265,cWW ,A:G278,0.426155,
A:G200, ,---,A:C265,cSS ,A:A61,0.426155,
A:G201,cWW ,A:U216,A:G266,cWW ,A:C277,0.523361,
A:G201,cSS ,A:C469,A:G266,---- ,A:C522,0.523361,
A:G202,cWW ,A:C215,A:A267,cWW ,A:U276,0.246159,
A:G203,cWW ,A:C214,A:G268,cWW ,A:C275,0.259290,
---, ,---,A:G269,cWW ,A:C274, ,
---, ,---,A:U270, ,---, ,
---, ,---,A:U271, ,---, ,
---, ,---,A:U272, ,---, ,
---, ,---,A:A273, ,---, ,
A:G204, ,---,---, ,---, ,
A:A205, ,---,---, ,---, ,
A:C206,cWW ,A:G213,---, ,---, ,
A:C207,cWW ,A:G212,---, ,---, ,
A:U208,tSW ,A:G211,---, ,---, ,
A:U209, ,---,---, ,---, ,
A:C210, ,---,---, ,---, ,
A:G211,tWS ,A:U208,---, ,---, ,
A:G212,cWW ,A:C207,---, ,---, ,
A:G213,cWW ,A:C206,---, ,---, ,
---, ,---,A:C274,cWW ,A:G269, ,
A:C214,cWW ,A:G203,A:C275,cWW ,A:G268,0.259290,
A:C215,cWW ,A:G202,A:U276,cWW ,A:A267,0.259290,
A:U216,cWW ,A:G201,A:C277,cWW ,A:G266,0.357697,
A:C217,cWW ,A:G200,A:G278,cWW ,A:C265,0.579134,
A:C217, ,---,A:G278,tSS ,A:A61,0.579134,
A:U218,cWW ,A:A199,A:A279,cWW ,A:U264,0.356639,
A:U219,cWW ,A:G198,A:U280,ncWW,A:G262,0.468554,
A:G220,cWW ,A:A143,A:A281, ,---,0.542780,
A:G220,tSS ,A:A197,A:A281, ,---,0.542780,
A:C221,cWW ,A:G142,A:A282, ,---,1.066809,
A:C221,cSS ,A:A196,A:A282, ,---,1.066809,
A:C222,cWW ,A:G141,---, ,A:A122, ,
A:A223,cWW ,A:U140,A:A283,cWW ,A:U121,0.319179,
A:U224,cWW ,A:A139,A:U284,cWW ,A:A120,0.190850,
A:C225,cWW ,A:G138,A:C285,cWW ,A:G119,0.194313,
A:G226,cWW ,A:U137,A:A286,cWW ,A:U118,0.447080,
A:G227,cWW ,A:C136,A:U287,cWW ,A:U117,0.445720,
A:G227,s55 ,A:U137,A:U287,cSW ,A:U118,0.445720,
A:A228, ,---,A:C288, ,---,0.270660,
A:U229,cWW ,A:U133,A:U289,cWW ,A:U114,0.282140,
A:G230,cWW ,A:C132,A:A290,cWW ,A:U113,0.242794,
A:U231,cWW ,A:A131,A:A291,cWW ,A:U112,0.316735,
A:G232,cWW ,A:A129,A:G292,cWW ,A:U109,0.554415,
A:G232,tSS ,A:A263,A:G292,ntSW,A:U325,0.554415,
A:C233,cWW ,A:G128,A:U293,cWW ,A:A108,0.334602,
A:C234,cWW ,A:G127,A:U294,cWW ,A:U107,0.412515,
A:C235,cWW ,A:G126,A:U295,cWW ,A:U106,0.518119,
A:A236,cWW ,A:U125,A:C296,cWW ,A:G105,0.512312,
A:G237,cWW ,A:C124,A:U297,cWW ,A:A104,0.251503,
A:A238,cWW ,A:U123,A:G298,cWW ,A:C103,0.521521,
A:U239,cWW ,A:G122,A:C299,---- ,A:A102,0.477468,
A:U239,ntWH,A:A120,A:C299,tWH ,A:A101,0.477468,
A:G240,cWW ,A:C286,A:C300,cWW ,A:G348,0.300043,
A:G241,cWW ,A:C285,A:C301,cWW ,A:G347,0.217635,
A:G242,cWW ,A:C284,A:U302,cWW ,A:G346,0.307950,
A:A243,tWH ,A:A282,A:A303,ntWH,A:A344,0.359746,
---, ,---,A:U304, ,---, ,
A:U244,cWW ,A:C893,---, ,A:G1090, ,
A:U245,cWW ,A:U283,A:C305,cWW ,A:C345,0.322318,
A:A246,tSS ,A:G278,A:A306,tSS ,A:A340,0.400601,
A:A246,tHS ,A:G281,A:A306,ntHS,A:C343,0.400601,
A:G247,cWW ,A:C277,A:G307,cWW ,A:C339,0.161307,
A:G247,tSS ,A:A282,A:G307, ,A:A344,0.161307,
A:C248,cWW ,A:G276,A:C308,cWW ,A:G338,0.156929,
A:U249,cWW ,A:G275,A:U309,cWW ,A:G337,0.194161,
---, ,---,A:C310, ,---, ,
---, ,---,A:U311, ,---, ,
---, ,---,A:C312, ,---, ,
A:A250, ,---,---, ,---, ,
A:G251,cSH ,A:G254,---, ,A:G316, ,
---, ,A:G254,A:G313,cWH ,A:G316, ,
A:U252,cWW ,A:A274,A:A314,cWW ,A:U336,0.311120,
A:A253,cWW ,A:U273,A:U315,cWW ,A:A335,0.328873,
A:G254,cHS ,A:G251,A:G316, ,---,0.217485,
A:G254,cWW ,A:C272,A:G316,cWW ,A:C334,0.217485,
A:G254, ,---,A:G316,cHW ,A:G313,0.217485,
A:G255,cWW ,A:C271,A:G317,cWW ,A:C333,0.233154,
A:U256,cWW ,A:A270,A:U318,cWW ,A:A332,0.212887,
A:G257,cWW ,A:C269,A:A319,cWW ,A:U331,0.232596,
A:G258,cWW ,A:U268,A:G320,cWW ,A:C330,0.342503,
A:G259,cWW ,A:C267,A:U321,cWW ,A:A329,0.369852,
A:G260, ,---,A:G322, ,---,0.298283,
A:U261, ,---,A:U323, ,---,0.347671,
A:A262,cSS ,A:A131,A:A324,ncSS,A:U112,0.339813,
A:A263,cSS ,A:A130,A:U325,ncSS,A:G111,0.364085,
A:A263,tSS ,A:G232,A:U325,ntWS,A:G292,0.364085,
A:C264, ,---,A:U326, ,---,0.392697,
A:G265, ,---,A:G327, ,---,0.290457,
---, ,---,A:G328, ,---, ,
A:G266, ,---,---, ,---, ,
A:C267,cWW ,A:G259,A:A329,cWW ,A:U321,0.315579,
A:U268,cWW ,A:G258,A:C330,cWW ,A:G320,0.362246,
A:C269,cWW ,A:G257,A:U331,cWW ,A:A319,0.287379,
A:A270,cWW ,A:U256,A:A332,cWW ,A:U318,0.173655,
A:C271,cWW ,A:G255,A:C333,cWW ,A:G317,0.224819,
A:C272,cWW ,A:G254,A:C334,cWW ,A:G316,0.193802,
A:U273,cWW ,A:A253,A:A335,cWW ,A:U315,0.310912,
A:A274,cWW ,A:U252,A:U336,cWW ,A:A314,0.307749,
A:G275,cWW ,A:U249,A:G337,cWW ,A:U309,0.322743,
A:G276,cWW ,A:C248,A:G338,cWW ,A:C308,0.194161,
A:C277,cWW ,A:G247,A:C339,cWW ,A:G307,0.142914,
A:C277,cSS ,A:A282,A:C339,---- ,A:A344,0.142914,
A:G278,tSS ,A:A246,A:A340,tSS ,A:A306,0.337919,
A:A279, ,---,A:G341, ,---,0.418440,
A:C280, ,---,A:U342, ,---,0.667772,
A:G281,tSH ,A:A246,A:C343,ntSH,A:A306,0.400601,
A:A282,tHW ,A:A243,A:A344,ntHW,A:A303,0.268869,
A:A282,tSS ,A:G247,A:A344, ,A:G307,0.268869,
A:A282,cSS ,A:C277,A:A344,---- ,A:C339,0.268869,
A:U283,cWW ,A:U245,A:C345,cWW ,A:C305,0.253575,
A:C284,cWW ,A:G242,A:G346,cWW ,A:U302,0.305575,
A:C285,cWW ,A:G241,A:G347,cWW ,A:C301,0.247652,
A:C286,cWW ,A:G240,A:G348,cWW ,A:C300,0.280173,
A:U287,tWH ,A:A119,A:U349,tWH ,A:A99,0.303721,
---, ,---,A:A350, ,---, ,
A:A288, ,---,A:A351, ,---,0.308448,
A:G289,cWW ,A:C311,A:C352,cWW ,A:G374,0.276280,
A:C290,cWW ,A:G310,A:G353,cWW ,A:C373,0.326117,
A:U291,cWW ,A:A309,A:G354,cWW ,A:C372,0.341238,
A:G292,cWW ,A:C308,A:A355, ,---,0.336384,
A:G292,tSW ,A:A608,A:A355,ntSW,A:A739,0.336384,
A:G293,cWW ,A:U304,A:G356,cWW ,A:C367,0.360591,
A:U294,cWW ,A:A303,A:A357,cWW ,A:U366,0.382735,
A:C295,cWW ,A:G302,A:A358,cWW ,A:U365,0.185619,
A:U296,cWW ,A:G301,A:U359,cWW ,A:G364,0.258541,
A:G297,tSH ,A:A300,A:U360,---- ,A:G363,0.322557,
A:A298, ,---,A:A361, ,---,0.220245,
A:G299,cWH ,A:G566,A:G362,cWH ,A:G607,0.220245,
A:A300,tHS ,A:G297,A:G363,---- ,A:U360,0.280367,
A:A300,cSW ,A:U565,A:G363,ncSW,A:U606,0.280367,
A:G301,cWW ,A:U296,A:G364,cWW ,A:U359,0.322557,
A:G302,cWW ,A:C295,A:U365,cWW ,A:A358,0.217655,
A:A303,cWW ,A:U294,A:U366,cWW ,A:A357,0.338401,
A:U304,cWW ,A:G293,A:C367,cWW ,A:G356,0.371752,
A:G305, ,---,A:G368, ,---,0.406077,
---, ,---,A:A369, ,---, ,
---, ,---,A:U370, ,---, ,
---, ,---,A:U371, ,---, ,
A:A306, ,---,---, ,---, ,
A:C307, ,---,---, ,---, ,
A:C308,cWW ,A:G292,---, ,A:A355, ,
A:A309,cWW ,A:U291,A:C372,cWW ,A:G354,0.329395,
A:A309,cSW ,A:A607,A:C372,cSW ,A:A738,0.329395,
A:G310,cWW ,A:C290,A:C373,cWW ,A:G353,0.290581,
A:C311,cWW ,A:G289,A:G374,cWW ,A:C352,0.319658,
A:C312,cWW ,A:G115,A:G375,cWW ,A:C95,0.284929,
A:A313,cWW ,A:U114,A:A376,cWW ,A:U94,0.307428,
A:A313,---- ,A:A116,A:A376,cSW ,A:A96,0.307428,
A:C314,cSW ,A:A51,A:G377,ns55,A:A46,0.305258,
A:C314,cWW ,A:G113,A:G377,cWW ,A:C93,0.305258,
A:A315,cWW ,A:G112,A:A378,cWW ,A:G92,0.330348,
A:C316,cWW ,A:G337,A:A379,cWW ,A:U400,0.411995,
A:U317,cWW ,A:A336,A:G380,cWW ,A:C399,0.526796,
A:G318,cWW ,A:C335,A:G381,ncWW,A:A398,0.542226,
A:G319,cWW ,A:C334,A:A382,cWW ,A:U397,0.304091,
A:A320,cWW ,A:U333,A:G383,cWW ,A:C396,0.213338,
A:A321,cWW ,A:G332,A:C384,cWW ,A:G395,0.231218,
A:C322,tWH ,A:A329,A:C385,ntWH,A:A392,0.330567,
A:U323,tWH ,A:A327,A:U386,ns55,A:A390,0.355673,
A:G324,tSH ,A:A109,A:G387,tSH ,A:A89,0.301991,
A:A325, ,---,A:A388, ,---,0.263946,
A:G326, ,---,A:G389, ,---,0.331255,
A:A327,tHW ,A:U323,A:A390,ns55,A:U386,0.389765,
---, ,---,A:A391, ,---, ,
A:C328, ,---,---, ,---, ,
A:A329,tHW ,A:C322,A:A392,ntHW,A:C385,0.359834,
---, ,---,A:C393, ,---, ,
A:C330, ,---,---, ,---, ,
A:G331,bif ,A:G111,A:G394,---- ,A:G91,0.273873,
A:G332,cWW ,A:A321,A:G395,cWW ,A:C384,0.281393,
A:U333,cWW ,A:A320,A:C396,cWW ,A:G383,0.207788,
A:C334,cWW ,A:G319,A:U397,cWW ,A:A382,0.175020,
A:C335,cWW ,A:G318,A:A398,ncWW,A:G381,0.439644,
A:C335,cSS ,A:A1433,A:A398,cSS ,A:A1642,0.439644,
A:A336,cWW ,A:U317,A:C399,cWW ,A:G380,0.526223,
A:G337,cWW ,A:C316,A:U400,cWW ,A:A379,0.273833,
A:A338,cWW ,A:G351,A:A401,ncWW,A:G415,0.424871,
A:C339,cWW ,A:G350,A:C402,ncWW,A:G414,0.390206,
A:U340,cWW ,A:A349,A:A403,cWW ,A:U412,0.476550,
A:C341,cWW ,A:G348,A:A404,cWW ,A:U411,0.223589,
A:C342,cWW ,A:G347,A:C405,cWW ,A:G410,0.221926,
A:U343,tSW ,A:G346,A:U406,tSW ,A:G409,0.355849,
A:A344, ,---,A:A407, ,---,16.117309,
A:C345, ,---,A:C408, ,---,0.334143,
A:G346,tWS ,A:U343,A:G409,tWS ,A:U406,0.375766,
A:G347,tSW ,A:A160,A:G410, ,---,0.218445,
A:G347,cWW ,A:C342,A:G410,cWW ,A:C405,0.218445,
A:G347, ,---,A:G410,tSW ,A:A150,0.218445,
A:G348,cWW ,A:C341,A:U411,cWW ,A:A404,0.214513,
A:A349,cWW ,A:U340,A:U412,cWW ,A:A403,0.470245,
---, ,---,A:C413, ,---, ,
A:G350,cWW ,A:C339,A:G414,ncWW,A:C402,0.503474,
A:G351,cWW ,A:A338,A:G415,ncWW,A:A401,0.409125,
A:C352, ,---,A:C416, ,---,0.180761,
A:A353, ,---,A:A417, ,---,0.261059,
A:G354,cWW ,A:C58,A:G418,cWW ,A:C53,0.207749,
A:C355,cWW ,A:G57,A:C419,cWW ,A:G52,0.148825,
A:A356,cWW ,A:U56,A:A420,cWW ,A:U51,0.134911,
A:A356,cSS ,A:U368,A:A420,cSS ,A:U432,0.134911,
A:G357,cWW ,A:C54,A:G421,cWW ,A:C49,0.191022,
A:G357,tSH ,A:A55,A:G421,tSH ,A:A50,0.191022,
A:U358,cWW ,A:A53,A:G422,cWW ,A:C48,0.251905,
A:G359,cWW ,A:C52,A:G423,cWW ,A:C47,0.216068,
A:G360,tSS ,A:A50,A:A424,---- ,A:A45,0.314144,
A:G361,cWW ,A:C47,A:A425,ns55,A:U41,0.497248,
A:G362,cSW ,A:U49,A:G426,---- ,A:U44,0.476067,
A:A363, ,---,A:A427, ,---,0.460802,
A:A364, ,---,A:A428, ,---,0.460915,
A:U365,tWH ,A:U49,A:A429,---- ,A:U44,0.473462,
A:A366,cSW ,A:G394,A:A430,ncSW,A:G457,0.229257,
A:U367,cWW ,A:A393,A:U431,cWW ,A:A456,0.162316,
A:U368,tWW ,A:A55,A:U432,tWW ,A:A50,0.141870,
A:U368,cSS ,A:A356,A:U432,cSS ,A:A420,0.141870,
A:G369,cWW ,A:C392,A:G433,cWW ,A:C455,0.236079,
A:C370,cWW ,A:G391,A:G434,cWW ,A:C454,0.431724,
A:C370,cSS ,A:A482,A:G434, ,---,0.431724,
A:A371,cWW ,A:U390,A:C435,cWW ,A:G453,0.468282,
A:A371,ncSH,A:A373,A:C435,cSH ,A:A437,0.468282,
A:C372,ncSH,A:A374,A:C436,cSH ,A:A438,0.319113,
A:C372,ntWH,A:A389,A:C436,tWH ,A:A452,0.319113,
A:A373,ncHS,A:A371,A:A437,cHS ,A:C435,0.405133,
A:A373,---- ,A:G391,A:A437,cWS ,A:C454,0.405133,
A:A374,cWS ,A:U390,A:A438,ncWS,A:G453,0.301694,
A:A374,ncHS,A:C372,A:A438,cHS ,A:C436,0.301694,
A:U375,cWW ,A:A389,A:U439,cWW ,A:A452,0.397739,
A:G376,cWW ,A:U387,A:C440,cWW ,A:G450,0.461858,
A:G377,cWW ,A:C386,A:C441,cWW ,A:G449,0.294991,
A:G378,cWW ,A:C385,A:U442,cWW ,A:A448,0.322514,
A:C379,cWW ,A:G384,A:A443, ,---,0.322514,
---, ,A:G104,A:A444,cWW ,A:U84, ,
---, ,---,A:U445, ,---, ,
---, ,---,A:U446, ,---, ,
---, ,---,A:C447, ,---, ,
A:G380,tSH ,A:A383,---, ,---, ,
A:C381, ,---,---, ,---, ,
A:A382, ,---,---, ,---, ,
A:A383,tHS ,A:G380,---, ,---, ,
A:G384,cWW ,A:C379,---, ,A:A443, ,
A:C385,cWW ,A:G378,A:A448,cWW ,A:U442,0.365066,
A:C386,cWW ,A:G377,A:G449,cWW ,A:C441,0.294121,
A:U387,cWW ,A:G376,A:G450,cWW ,A:C440,0.374070,
A:G388, ,---,A:G451, ,---,0.162762,
A:A389,cWW ,A:U375,A:A452,cWW ,A:U439,0.502467,
A:A389,ntHW,A:C372,A:A452,tHW ,A:C436,0.502467,
A:U390,cWW ,A:A371,A:G453,cWW ,A:C435,0.452452,
A:U390,cSW ,A:A374,A:G453,ncSW,A:A438,0.452452,
A:G391,cWW ,A:C370,A:C454,cWW ,A:G434,0.475778,
A:G391,tSS ,A:A482,A:C454, ,---,0.475778,
A:G391,---- ,A:A373,A:C454,cSW ,A:A437,0.475778,
A:C392,cWW ,A:G369,A:C455,cWW ,A:G433,0.355672,
A:A393,cWW ,A:U367,A:A456,cWW ,A:U431,0.172854,
A:G394,cWS ,A:A366,A:G457,ncWS,A:A430,0.214045,
A:C395,cWW ,A:G46,A:U458,cWW ,A:A40,0.349544,
A:C396,cWW ,A:G45,A:G459,tSH ,A:A39,0.639337,
---, ,---,A:A460, ,---, ,
A:A397,tWW ,A:U37,---, ,A:U31, ,
A:U398,cWW ,A:A44,---, ,---, ,
A:G399,cWW ,A:C43,---, ,A:U37, ,
A:C400,cWW ,A:G42,---, ,A:U36, ,
A:C400,cSS ,A:A622,---, ,A:C753, ,
---, ,---,A:C461,tHS ,A:A38, ,
---, ,A:C43,A:A462,cWW ,A:U37, ,
---, ,A:G42,A:A463,cWW ,A:U36, ,
A:C401,cWW ,A:G41,A:G464,cWW ,A:C35,0.397031,
A:C401,cSS ,A:A621,A:G464,cSS ,A:C752,0.397031,
A:G402,cWW ,A:C40,A:A465,cWW ,A:U34,0.406884,
A:C403,cWW ,A:G39,A:A466,ncWW,A:G33,0.446460,
---, ,---,A:A467, ,---, ,
A:G404, ,---,---, ,---, ,
A:U405,cWH ,A:A499,A:U468,---- ,A:A538,3.074825,
---, ,---,A:A469, ,---, ,
A:G406,cWW ,A:C436,A:G470,ncWW,A:A503,0.368718,
A:U407,cWW ,A:A435,A:C471,cWW ,A:G502,0.344574,
A:A408,cWW ,A:U434,A:A472,cWW ,A:U501,0.440068,
A:U409,cWW ,A:G433,A:A473, ,---,0.377538,
A:U409, ,---,A:A473,cWW ,A:U500,0.377538,
A:G410,tSH ,A:A432,A:G474, ,---,0.377538,
A:G410, ,---,A:G474,cWW ,A:C498,0.377538,
---, ,---,A:C475,cWW ,A:G497, ,
---, ,---,A:U476, ,---, ,
A:A411,tWH ,A:A430,---, ,---, ,
A:A412, ,---,---, ,---, ,
A:G413,tSS ,A:G428,---, ,---, ,
A:A414,tHW ,A:A430,---, ,---, ,
A:A415, ,---,---, ,---, ,
---, ,---,A:G477,cWW ,A:C495, ,
A:G416,cWW ,A:U427,A:G478,cWW ,A:U493,0.366470,
A:G417,cWW ,A:U426,A:G479,cWW ,A:C492,0.366470,
A:C418,cWW ,A:G425,A:A480,cWW ,A:U491,0.431652,
A:C419,cWW ,A:G424,A:A481,cWW ,A:U490,0.330830,
A:U420,tSW ,A:G423,A:A482, ,---,0.440844,
A:U420, ,---,A:A482,cWW ,A:U489,0.440844,
A:U421, ,---,---, ,---, ,
A:C422, ,---,A:C483,cWW ,A:G488,0.440844,
---, ,---,A:U484, ,---, ,
---, ,---,A:U485, ,---, ,
---, ,---,A:A486, ,---, ,
---, ,---,A:C487, ,---, ,
A:G423,tWS ,A:U420,---, ,A:A482, ,
---, ,A:C422,A:G488,cWW ,A:C483, ,
---, ,A:U420,A:U489,cWW ,A:A482, ,
A:G424,cWW ,A:C419,A:U490,cWW ,A:A481,0.440844,
A:G425,cWW ,A:C418,A:U491,cWW ,A:A480,0.440119,
A:U426,cWW ,A:G417,A:C492,cWW ,A:G479,0.354627,
A:U427,cWW ,A:G416,A:U493,cWW ,A:G478,0.362635,
---, ,---,A:A494, ,---, ,
---, ,---,A:C495,cWW ,A:G477, ,
---, ,---,A:G496, ,---, ,
A:G428,tSS ,A:G413,---, ,---, ,
A:U429,cWH ,A:A431,---, ,---, ,
A:A430,tHW ,A:A411,---, ,---, ,
A:A430,tWH ,A:A414,---, ,---, ,
A:A431,cHW ,A:U429,---, ,---, ,
A:A432,tHS ,A:G410,---, ,A:G474, ,
A:G433,cWW ,A:U409,---, ,A:A473, ,
---, ,---,A:G497,cWW ,A:C475, ,
---, ,A:G410,A:C498,cWW ,A:G474, ,
---, ,---,A:A499, ,---, ,
---, ,A:U409,A:U500,cWW ,A:A473, ,
A:U434,cWW ,A:A408,A:U501,cWW ,A:A472,0.377538,
A:A435,cWW ,A:U407,A:G502,cWW ,A:C471,0.381096,
A:C436,cWW ,A:G406,A:A503,ncWW,A:G470,0.371770,
A:C436, ,---,A:A503,tHH ,A:G532,0.371770,
A:U437,tWH ,A:A495,A:A504, ,---,0.368718,
A:U438,cSH ,A:U439,A:A505,---- ,A:G509,2.065990,
A:U438,tWH ,A:A496,A:A505, ,---,2.065990,
---, ,---,A:U506, ,---, ,
---, ,---,A:G507, ,---, ,
---, ,---,A:A508, ,---, ,
A:U439,cHS ,A:U438,A:G509,---- ,A:A505,1.673835,
A:U439,ncWW,A:A498,A:G509,cWW ,A:C529,1.673835,
A:C440,cWW ,A:G497,A:A510, ,---,1.673835,
A:A441, ,---,A:A511,tSH ,A:A527,1.673835,
---, ,---,A:C512, ,---, ,
A:G442,cWW ,A:C492,---, ,---, ,
A:C443,cWW ,A:G491,---, ,---, ,
A:G444,cWW ,A:C490,---, ,---, ,
A:G445,cWW ,A:C489,---, ,---, ,
A:G446,cWW ,A:C488,---, ,---, ,
A:G447,tSH ,A:A487,---, ,---, ,
A:A448,tHW ,A:U486,---, ,---, ,
A:G449,tWW ,A:G484,---, ,---, ,
A:G450,cWW ,A:C483,---, ,---, ,
A:A451, ,---,---, ,---, ,
A:A452,tHW ,A:U480,---, ,---, ,
A:G453, ,---,---, ,---, ,
A:G454,cWW ,A:U479,---, ,---, ,
A:G455,cWW ,A:C477,---, ,---, ,
A:A456,cWW ,A:U476,---, ,---, ,
A:G457,cWW ,A:C475,---, ,---, ,
A:U458,cWW ,A:G474,---, ,---, ,
A:A459,cWW ,A:U472,A:A513,cWW ,A:U525,0.517304,
A:A460,cWW ,A:U471,A:G514,cWW ,A:C524,0.540389,
A:A461, ,---,---, ,---, ,
A:G462,cWW ,A:C470,A:U515,ncWW,A:U523,0.537813,
A:U463, ,---,A:G516, ,---,0.396023,
---, ,---,A:U517, ,---, ,
---, ,---,A:A518, ,---, ,
---, ,---,A:A519, ,---, ,
---, ,---,A:A520, ,---, ,
---, ,---,A:U521, ,---, ,
A:U464, ,---,---, ,---, ,
A:A465, ,---,---, ,---, ,
A:A466, ,---,---, ,---, ,
A:U467, ,---,---, ,---, ,
A:A468, ,---,---, ,---, ,
A:C469,cSS ,A:G201,A:C522,---- ,A:G266,0.396023,
A:C470,cWW ,A:G462,A:U523,ncWW,A:U515,0.396023,
A:U471,cWW ,A:A460,A:C524,cWW ,A:G514,0.512519,
A:U472,cWW ,A:A459,A:U525,cWW ,A:A513,0.517304,
A:U473, ,---,A:U526, ,---,0.517304,
---, ,A:A441,A:A527,tHS ,A:A511, ,
---, ,---,A:G528, ,---, ,
A:G474,cWW ,A:U458,---, ,---, ,
A:C475,cWW ,A:G457,---, ,---, ,
A:U476,cWW ,A:A456,---, ,---, ,
A:C477,cWW ,A:G455,---, ,---, ,
A:A478, ,---,---, ,---, ,
A:U479,cWW ,A:G454,---, ,---, ,
A:U480,tWH ,A:A452,---, ,---, ,
A:G481, ,---,---, ,---, ,
A:A482,cSS ,A:C370,---, ,A:G434, ,
A:A482,tSS ,A:G391,---, ,A:C454, ,
A:C483,cWW ,A:G450,---, ,---, ,
A:G484,tWW ,A:G449,---, ,---, ,
A:U485, ,---,---, ,---, ,
A:U486,tWH ,A:A448,---, ,---, ,
A:A487,tHS ,A:G447,---, ,---, ,
A:C488,cWW ,A:G446,---, ,---, ,
A:C489,cWW ,A:G445,---, ,---, ,
A:C490,cWW ,A:G444,---, ,---, ,
A:G491,cWW ,A:C443,---, ,---, ,
A:C492,cWW ,A:G442,---, ,---, ,
A:A493, ,---,---, ,---, ,
A:G494,cSH ,A:G497,---, ,---, ,
A:A495,tHW ,A:U437,---, ,A:A504, ,
A:A496,tHW ,A:U438,---, ,A:A505, ,
A:G497,cWW ,A:C440,---, ,A:A510, ,
A:G497,cHS ,A:G494,---, ,---, ,
A:A498,ncWW,A:U439,A:C529,cWW ,A:G509,3.084919,
---, ,---,A:G530, ,---, ,
---, ,---,A:A531, ,---, ,
---, ,A:C436,A:G532,tHH ,A:A503, ,
---, ,---,A:G533, ,---, ,
---, ,---,A:A534, ,---, ,
---, ,---,A:A535, ,---, ,
---, ,---,A:C536, ,---, ,
---, ,---,A:A537, ,---, ,
A:A499,cHW ,A:U405,A:A538,---- ,A:U468,0.320440,
A:G500,cWW ,A:C545,A:U539,cWW ,A:A586,0.283281,
A:C501,cWW ,A:G544,A:U540,cWW ,A:A585,0.209160,
A:A502,cWW ,A:U543,A:G541,cWW ,A:C584,0.204577,
A:C503,cWW ,A:G542,A:G542,cWW ,A:C583,0.258873,
A:C503,---- ,A:A510,A:G542,tSS ,A:A549,0.258873,
A:C504,cWW ,A:G541,A:A543,cWW ,A:U582,0.195807,
A:G505,cWW ,A:C526,A:G544,cWW ,A:C567,0.273901,
A:G506,cWW ,A:C525,A:G545,cWW ,A:C566,0.273901,
A:C507,cWW ,A:G524,A:G546,nbif,A:G565,0.544335,
A:U508, ,A:A509,A:C547,cSH ,A:A548,0.533844,
A:A509,cSS ,A:U543,A:A548,ncSS,A:C584,0.304542,
A:A509, ,A:U508,A:A548,cHS ,A:C547,0.304542,
A:A510,---- ,A:C503,A:A549,tSS ,A:G542,0.237194,
A:C511,cWW ,A:G540,A:G550,cWW ,A:C581,0.341682,
---, ,---,A:U551, ,---, ,
A:U512,cWW ,A:A539,A:C552,cWW ,A:G580,0.372464,
---, ,---,A:A553, ,---, ,
A:C513,cWW ,A:G538,A:U554,cWW ,A:A579,0.338289,
A:C514,cWW ,A:G537,A:G555,cWW ,A:C578,0.299723,
A:G515,cWW ,A:C536,A:G556,cWW ,A:C577,0.215739,
A:U516,tWH ,A:A533,A:U557,---- ,A:A574,0.252449,
A:U516, ,A:C519,A:U557,cSW ,A:C560,0.252449,
A:G517, ,---,A:G558, ,---,0.296229,
A:C518, ,---,A:C559, ,---,0.232671,
A:C519, ,A:U516,A:C560,cWS ,A:U557,0.179023,
A:A520,tHS ,A:G529,A:A561,ntHS,A:G570,0.144164,
A:G521,cWW ,A:C528,A:G562,cWW ,A:C569,0.166918,
A:C522,cWW ,A:G527,A:C563,cWW ,A:G568,0.133379,
A:A523, ,---,A:A564, ,---,0.133379,
A:G524,cWW ,A:C507,A:G565,nbif,A:G546,0.544335,
A:C525,cWW ,A:G506,A:C566,cWW ,A:G545,0.434505,
A:C526,cWW ,A:G505,A:C567,cWW ,A:G544,0.243621,
A:G527,cWW ,A:C522,A:G568,cWW ,A:C563,0.177008,
A:G527,tSS ,A:A535,A:G568, ,---,0.177008,
A:C528,cWW ,A:G521,A:C569,cWW ,A:G562,0.128720,
A:G529,tSH ,A:A520,A:G570,ntSH,A:A561,0.256308,
---, ,---,A:G571, ,---, ,
A:G530, ,---,---, ,---, ,
A:U531, ,---,A:U572, ,---,0.249296,
---, ,---,A:A573, ,---, ,
A:A532, ,---,---, ,---, ,
A:A533,tHW ,A:U516,A:A574,---- ,A:U557,0.252449,
---, ,---,A:U575, ,---, ,
---, ,---,A:U576, ,---, ,
A:U534, ,---,---, ,---, ,
A:A535,tSS ,A:G527,---, ,A:G568, ,
A:C536,cWW ,A:G515,A:C577,cWW ,A:G556,0.245637,
A:G537,cWW ,A:C514,A:C578,cWW ,A:G555,0.273152,
A:G538,cWW ,A:C513,A:A579,cWW ,A:U554,0.344808,
A:A539,cWW ,A:U512,A:G580,cWW ,A:C552,0.396280,
A:G540,cWW ,A:C511,A:C581,cWW ,A:G550,0.374875,
A:G541,cWW ,A:C504,A:U582,cWW ,A:A543,0.237004,
A:G542,cWW ,A:C503,A:C583,cWW ,A:G542,0.258167,
A:U543,cWW ,A:A502,A:C584,cWW ,A:G541,0.250327,
A:U543,cSS ,A:A509,A:C584,ncSS,A:A548,0.250327,
A:G544,cWW ,A:C501,A:A585,cWW ,A:U540,0.172409,
A:C545,cWW ,A:G500,A:A586,cWW ,A:U539,0.310751,
A:A546, ,---,A:U587, ,---,0.283281,
A:A547,ntSS,A:U37,A:A588,tSS ,A:U31,0.221817,
A:G548,cWW ,A:C36,A:G589,cWW ,A:C30,0.143044,
A:C549,cWW ,A:G35,A:C590,cWW ,A:G29,0.216825,
A:G550,cWW ,A:C34,A:G591,ncWW,A:U28,0.242406,
A:U551,cWW ,A:A33,A:U592,cWW ,A:A27,0.268686,
A:U552,cWW ,A:A32,A:A593,cWW ,A:U26,0.413778,
A:A553,cWW ,A:U30,A:U594,ncWW,A:A25,0.491747,
A:A554,cWW ,A:U29,A:A595,ncWW,A:C24,0.417166,
A:U555,cWW ,A:A28,A:U596,cWW ,A:A23,0.441600,
A:C556,cWW ,A:G27,A:U597,cWW ,A:U22,0.429907,
A:G557, ,---,A:A598,cWW ,A:U21,0.387498,
A:G558,tSH ,A:A26,A:A599, ,---,0.544264,
A:A559,cSH ,A:G9,A:A600,---- ,A:C4,0.461483,
A:A559,bif ,A:C25,A:A600,---- ,A:G20,0.461483,
A:A560, ,---,A:G601, ,---,0.261032,
---, ,---,A:U602, ,---, ,
A:U561, ,---,---, ,---, ,
A:U562, ,---,A:U603, ,---,0.396173,
A:A563,tWW ,A:U884,A:G604,ntWW,A:G1080,0.395140,
A:C564, ,---,A:U605, ,---,0.245209,
A:U565,cWS ,A:A300,A:U606,ncWS,A:G363,0.245209,
A:G566,cHW ,A:G299,A:G607,cHW ,A:G362,0.210314,
A:G567,cWW ,A:C883,A:C608,cWW ,A:G1079,0.319197,
A:G568,tSS ,A:A574,A:A609, ,A:A615,0.282167,
A:G568,cWW ,A:C882,A:A609,ncWW,A:U1078,0.282167,
A:C569,cWW ,A:G881,A:G610,cWW ,A:C1077,0.340602,
A:G570,cWW ,A:C866,A:U611,cWW ,A:A1060,0.363764,
A:U571,cWW ,A:A865,A:U612,cWW ,A:A1059,0.222727,
A:A572,tSS ,A:A19,A:A613,tSS ,A:C14,0.399305,
A:A572,---- ,A:U916,A:A613,cSS ,A:G1113,0.399305,
A:A573,cSS ,A:C883,A:A614,ncSS,A:G1079,0.299388,
A:A574,tSS ,A:G568,A:A615, ,A:A609,0.267646,
A:A574,cSS ,A:C882,A:A615,---- ,A:U1078,0.267646,
A:G575,cWW ,A:C880,A:A616,cWW ,A:U1076,0.355894,
A:C576, ,---,A:A617, ,---,0.272845,
A:G577,cSS ,A:A729,A:G618,cSS ,A:A918,0.194230,
A:G577,cWW ,A:C764,A:G618,cWW ,A:C953,0.194230,
A:C578,cSS ,A:A728,A:C619,ncSS,A:A917,0.223594,
A:C578,cWW ,A:G763,A:C619,ncWW,A:A952,0.223594,
A:A579,cWW ,A:U762,A:U620,cWW ,A:A951,0.305653,
A:C580,cWW ,A:G761,A:C621,cWW ,A:G950,0.317550,
A:G581,tSH ,A:G760,A:G622,tSH ,A:A949,0.256268,
A:C582,tWH ,A:A759,A:U623,ntWH,A:A948,0.284664,
A:A583,tHS ,A:C758,A:A624,tHS ,A:C947,0.296041,
A:G584,cWW ,A:U757,A:G625,cWW ,A:U946,0.286063,
A:G585,cWW ,A:C756,A:U626,cWW ,A:A945,0.264812,
A:C586,cWW ,A:G755,A:U627,cWW ,A:A944,0.286873,
A:G587, ,---,A:G628, ,---,0.286873,
---, ,---,A:A629,cWW ,A:U839, ,
---, ,---,A:A630, ,---, ,
---, ,---,A:C631, ,---, ,
---, ,---,A:U632, ,---, ,
---, ,---,A:U633, ,---, ,
---, ,---,A:C634, ,---, ,
---, ,---,A:U635,cWW ,A:A673, ,
---, ,---,A:G636,cWW ,A:C672, ,
---, ,---,A:U637,cWW ,A:A671, ,
---, ,---,A:U638,cWW ,A:G670, ,
---, ,---,A:C639,cWW ,A:G669, ,
---, ,---,A:A640,bif ,A:C667, ,
---, ,---,A:A640,cWW ,A:U668, ,
---, ,---,A:G641,cWW ,A:C667, ,
---, ,---,A:G642, ,---, ,
---, ,---,A:U643,cWW ,A:A665, ,
---, ,---,A:U644,cWW ,A:A664, ,
---, ,---,A:C645,cWW ,A:G663, ,
---, ,---,A:A646,cWW ,A:U662, ,
---, ,---,A:U647,cWW ,A:G661, ,
---, ,---,A:U648, ,---, ,
---, ,---,A:U649, ,---, ,
---, ,---,A:C650,cWW ,A:G659, ,
---, ,---,A:G651,cWW ,A:C658, ,
---, ,---,A:A652,cWW ,A:U657, ,
---, ,---,A:U653, ,---, ,
---, ,---,A:U654, ,---, ,
---, ,---,A:C655, ,---, ,
---, ,---,A:G656, ,---, ,
---, ,---,A:U657,cWW ,A:A652, ,
---, ,---,A:C658,cWW ,A:G651, ,
---, ,---,A:G659,cWW ,A:C650, ,
---, ,---,A:U660, ,---, ,
---, ,---,A:G661,cWW ,A:U647, ,
---, ,---,A:U662,cWW ,A:A646, ,
---, ,---,A:G663,cWW ,A:C645, ,
---, ,---,A:A664,cWW ,A:U644, ,
---, ,---,A:A665,cWW ,A:U643, ,
---, ,---,A:A666, ,---, ,
---, ,---,A:C667,bif ,A:A640, ,
---, ,---,A:C667,cWW ,A:G641, ,
---, ,---,A:U668,cWW ,A:A640, ,
---, ,---,A:G669,cWW ,A:C639, ,
---, ,---,A:G670,cWW ,A:U638, ,
---, ,---,A:A671,cWW ,A:U637, ,
---, ,---,A:C672,cWW ,A:G636, ,
---, ,---,A:A673,cWW ,A:U635, ,
---, ,---,A:U674, ,---, ,
---, ,---,A:A675, ,---, ,
---, ,---,A:C676, ,---, ,
A:G588,cWW ,A:C651,---, ,A:G793, ,
A:U589,cWW ,A:G650,---, ,A:G792, ,
---, ,---,A:G677,cWW ,A:A723, ,
---, ,---,A:U678, ,---, ,
---, ,---,A:U679,cWW ,A:A722, ,
---, ,---,A:U680,cWW ,A:A721, ,
---, ,---,A:G681, ,---, ,
---, ,---,A:C682, ,---, ,
---, ,---,A:A683, ,---, ,
---, ,---,A:A684, ,---, ,
---, ,---,A:A685, ,---, ,
---, ,---,A:C686,cWW ,A:G715, ,
---, ,---,A:U687,cWW ,A:A714, ,
---, ,---,A:A688,cWW ,A:U713, ,
---, ,---,A:A689, ,---, ,
---, ,---,A:A690, ,---, ,
---, ,---,A:A691, ,---, ,
---, ,---,A:U692,cWW ,A:A710, ,
---, ,---,A:C693,cWW ,A:G709, ,
---, ,---,A:G694,cWW ,A:C708, ,
---, ,---,A:G695,cWW ,A:U707, ,
---, ,---,A:C696,cWW ,A:G705, ,
---, ,---,A:G705,cWW ,A:C696, ,
---, ,---,A:U706, ,---, ,
---, ,---,A:U707,cWW ,A:G695, ,
---, ,---,A:C708,cWW ,A:G694, ,
---, ,---,A:G709,cWW ,A:C693, ,
---, ,---,A:A710,cWW ,A:U692, ,
---, ,---,A:C711, ,---, ,
---, ,---,A:U712, ,---, ,
---, ,---,A:U713,cWW ,A:A688, ,
---, ,---,A:A714,cWW ,A:U687, ,
---, ,---,A:G715,cWW ,A:C686, ,
---, ,---,A:G716, ,---, ,
---, ,---,A:G717, ,---, ,
---, ,---,A:A718, ,---, ,
---, ,---,A:G719, ,---, ,
---, ,---,A:U720, ,---, ,
---, ,---,A:A721,cWW ,A:U680, ,
---, ,---,A:A722,cWW ,A:U679, ,
---, ,---,A:A723,cWW ,A:G677, ,
---, ,---,A:C724, ,---, ,
---, ,---,A:A725, ,---, ,
A:U590,cWW ,A:A649,A:U726,cWW ,A:U791,0.411982,
A:U591,cWW ,A:A648,A:U727,cWW ,A:A790,0.361032,
A:G592,cWW ,A:C647,A:U728,cWW ,A:A789,0.407392,
A:U593,cWW ,A:G646,A:U729,ncWW,A:U788,0.399905,
---, ,---,A:A730, ,---, ,
A:U594,cWW ,A:G645,---, ,---, ,
A:A595,cSH ,A:A596,---, ,---, ,
A:A596,cHS ,A:A595,---, ,---, ,
A:A596,cWW ,A:U644,---, ,---, ,
A:G597,cWW ,A:C643,---, ,---, ,
A:U598,cWW ,A:A640,---, ,---, ,
A:C599,cWW ,A:G639,---, ,A:G785, ,
A:A600,cWW ,A:U638,A:C731,cWW ,A:G784,0.359472,
A:G601,cWW ,A:C637,A:U732,cWW ,A:U783,0.354009,
A:A602,cWW ,A:U636,A:G733,---- ,A:A782,0.353083,
A:U603,cWW ,A:A635,A:U734,ncWW,A:C781,0.401813,
A:G604,cWW ,A:C634,A:G735,nbif,A:G780,0.404212,
A:U605,cWW ,A:G633,A:A736, ,---,0.404212,
---, ,---,A:A737, ,---, ,
A:G606, ,---,---, ,---, ,
A:A607,cWS ,A:A309,A:A738,cWS ,A:C372,0.259236,
A:A608,tWS ,A:G292,A:A739,ntWS,A:A355,0.249996,
A:A609, ,---,A:A740, ,---,0.245463,
---, ,---,A:A741, ,---, ,
A:U610, ,---,---, ,---, ,
A:C611,cWW ,A:A629,A:U742,cWW ,A:A774,1.513381,
---, ,---,A:U743, ,---, ,
---, ,---,A:A744,tSH ,A:A772, ,
A:C612,cWW ,A:G628,A:G745,---- ,A:U773,1.785267,
A:C613,cWW ,A:G627,A:A746,ns55,A:G756,1.640983,
A:C614,cWW ,A:G626,A:G747,ncSW,A:G755,1.584310,
---, ,---,A:U748, ,---, ,
A:G615,cWW ,A:U625,---, ,---, ,
A:G616,cWW ,A:C624,---, ,---, ,
A:G617,cWW ,A:C623,---, ,---, ,
A:C618,tWH ,A:A622,A:G749,s33 ,A:C753,0.589466,
A:U619, ,---,A:U750, ,---,0.497737,
A:C620, ,---,A:U751, ,---,0.589466,
A:A621,cSS ,A:C401,A:C752,cSS ,A:G464,0.577192,
A:A622,tSS ,A:G42,A:C753,---- ,A:U36,0.577192,
A:A622,cSS ,A:C400,A:C753, ,---,0.577192,
A:A622,tHW ,A:C618,A:C753,s33 ,A:G749,0.577192,
---, ,---,A:A754, ,---, ,
A:C623,cWW ,A:G617,---, ,---, ,
A:C624,cWW ,A:G616,---, ,---, ,
A:U625,cWW ,A:G615,---, ,---, ,
A:G626,cWW ,A:C614,A:G755,ncWS,A:G747,1.584310,
A:G627,cWW ,A:C613,A:G756,ns55,A:A746,1.584310,
---, ,---,A:C757, ,---, ,
---, ,---,A:A758, ,---, ,
---, ,---,A:G759,cWW ,A:C767, ,
---, ,---,A:G760, ,---, ,
---, ,---,A:U761, ,---, ,
---, ,---,A:U762, ,---, ,
---, ,---,A:U763, ,---, ,
---, ,---,A:U764, ,---, ,
---, ,---,A:A765, ,---, ,
---, ,---,A:G766, ,---, ,
---, ,---,A:C767,cWW ,A:G759, ,
---, ,---,A:C768, ,---, ,
---, ,---,A:C769, ,---, ,
---, ,---,A:G770, ,---, ,
---, ,---,A:A771, ,---, ,
---, ,---,A:A772,tHS ,A:A744, ,
A:G628,cWW ,A:C612,A:U773,---- ,A:G745,1.917860,
A:A629,cWW ,A:C611,A:A774,cWW ,A:U742,1.500776,
A:A630, ,---,A:C775, ,---,0.384072,
A:C631, ,---,A:A776, ,---,0.294261,
---, ,---,A:U777, ,---, ,
---, ,---,A:U778, ,---, ,
---, ,---,A:A779, ,---, ,
A:U632, ,---,---, ,---, ,
A:G633,cWW ,A:U605,---, ,A:A736, ,
A:C634,cWW ,A:G604,A:G780,nbif,A:G735,0.464934,
A:A635,cWW ,A:U603,A:C781,ncWW,A:U734,0.434194,
A:U636,cWW ,A:A602,A:A782,---- ,A:G733,0.429100,
A:C637,cWW ,A:G601,A:U783,cWW ,A:U732,0.437071,
A:U638,cWW ,A:A600,A:G784,cWW ,A:C731,0.432019,
A:G639,cWW ,A:C599,A:G785, ,---,0.432019,
---, ,---,A:A786, ,---, ,
---, ,---,A:A787, ,---, ,
A:A640,cWW ,A:U598,---, ,---, ,
A:U641,cSH ,A:A642,---, ,---, ,
A:A642,cHS ,A:U641,---, ,---, ,
A:C643,cWW ,A:G597,---, ,---, ,
A:U644,cWW ,A:A596,---, ,---, ,
A:G645,cWW ,A:U594,---, ,---, ,
A:G646,cWW ,A:U593,A:U788,ncWW,A:U729,0.399905,
A:C647,cWW ,A:G592,A:A789,cWW ,A:U728,0.399905,
A:A648,cWW ,A:U591,A:A790,cWW ,A:U727,0.357736,
A:A649,cWW ,A:U590,A:U791,cWW ,A:U726,0.376538,
A:G650,cWW ,A:U589,A:G792, ,---,0.411982,
A:C651,cWW ,A:G588,A:G793, ,---,0.411982,
---, ,---,A:A794, ,---, ,
---, ,---,A:A795, ,---, ,
---, ,---,A:U796, ,---, ,
---, ,---,A:A797, ,---, ,
---, ,---,A:G798, ,---, ,
---, ,---,A:G799, ,---, ,
A:U652,tWH ,A:A753,---, ,---, ,
A:U653, ,---,---, ,---, ,
A:G654,tHS ,A:G752,---, ,---, ,
A:G654,cWW ,A:C754,---, ,---, ,
A:A655,cWW ,A:U751,---, ,---, ,
A:G656,cWW ,A:C750,---, ,A:C940, ,
---, ,---,A:A800,cWW ,A:U832, ,
---, ,---,A:C801,cWW ,A:G831, ,
---, ,---,A:U802, ,---, ,
---, ,---,A:A803,cWW ,A:U829, ,
---, ,---,A:A804,cWW ,A:U828, ,
---, ,---,A:G805,cWW ,A:U827, ,
---, ,---,A:U806,cWW ,A:A826, ,
---, ,---,A:C807,cWW ,A:G825, ,
---, ,---,A:C808,cWW ,A:G824, ,
---, ,---,A:A809, ,---, ,
---, ,---,A:U810,cWW ,A:U822, ,
---, ,---,A:U811, ,---, ,
---, ,---,A:U812, ,---, ,
---, ,---,A:U813, ,---, ,
---, ,---,A:A814, ,---, ,
---, ,---,A:U815,cWW ,A:A221, ,
---, ,---,A:U816,cWW ,A:A220, ,
---, ,---,A:G817,cWW ,A:C219, ,
---, ,---,A:G818,cWW ,A:C218, ,
---, ,---,A:U819,cWW ,A:A217, ,
---, ,---,A:U820, ,---, ,
---, ,---,A:C821,cSW ,A:A215, ,
---, ,---,A:U822,cWW ,A:U810, ,
---, ,---,A:U823, ,---, ,
---, ,---,A:G824,cWW ,A:C808, ,
---, ,---,A:G825,cWW ,A:C807, ,
---, ,---,A:A826,cWW ,A:U806, ,
---, ,---,A:U827,cWW ,A:G805, ,
---, ,---,A:U828,cWW ,A:A804, ,
---, ,---,A:U829,cWW ,A:A803, ,
---, ,---,A:G830, ,---, ,
---, ,---,A:G831,cWW ,A:C801, ,
---, ,---,A:U832,cWW ,A:A800, ,
---, ,---,A:A833, ,---, ,
---, ,---,A:A834, ,---, ,
---, ,---,A:U835, ,---, ,
---, ,---,A:G836, ,---, ,
---, ,---,A:A837, ,---, ,
---, ,---,A:U838, ,---, ,
---, ,---,A:U839,cWW ,A:A629, ,
---, ,---,A:A840, ,---, ,
---, ,---,A:A841, ,---, ,
---, ,---,A:U842, ,---, ,
---, ,---,A:A843, ,---, ,
---, ,A:C750,A:G844,cWW ,A:C940, ,
A:U657,cWW ,A:A749,A:G845,cWW ,A:U939,0.186165,
A:C658,cWW ,A:G748,A:G846,cWW ,A:U938,0.206737,
A:U659,cWW ,A:A746,A:A847,ncWW,A:U936,0.268921,
A:C660,cWW ,A:G745,A:C848,cWW ,A:G935,0.840898,
---, ,---,A:A849,cWW ,A:U934, ,
A:G661,cWW ,A:C744,A:G850,cWW ,A:A933,0.887210,
A:U662,cWW ,A:A743,A:U851,ncWW,A:G932,0.375667,
A:A663,cWW ,A:G742,A:U852,cWW ,A:A931,0.483100,
A:G664,nbif,A:G741,A:G853,cWW ,A:A930,0.317223,
A:A665,cHW ,A:G724,A:G854,ntWW,A:U913,0.518448,
A:G666,cWW ,A:U740,A:G855,ncWW,A:A929,0.519229,
A:G667,cWW ,A:C739,A:G856,cWW ,A:C928,0.312153,
A:G668,cWW ,A:C738,A:G857,cWW ,A:C927,0.237935,
A:G669,cWW ,A:C737,A:C858,cWW ,A:G926,0.315949,
A:G670,cWW ,A:C736,A:A859,cWW ,A:U925,0.388768,
A:G671,cWW ,A:C735,A:U860,cWW ,A:U924,0.468611,
A:U672,cWW ,A:G734,A:U861,cWW ,A:U923,0.476677,
A:A673,cWW ,A:U717,A:A862,cWW ,A:U906,0.265439,
A:G674,cWW ,A:A716,A:G863,cWW ,A:C905,0.378144,
A:A675, ,---,A:U864, ,---,0.343723,
A:A676,cWW ,A:G714,A:A865,cWW ,A:G903,0.225334,
A:U677, ,---,A:U866, ,---,0.188394,
A:U678,cWW ,A:A712,A:U867,cWW ,A:A901,0.158949,
A:C679,cWW ,A:G711,A:U868,cWW ,A:A900,0.186338,
A:C680,cWW ,A:G710,A:A869,cWW ,A:U899,0.286366,
A:A681,cWW ,A:U709,A:A870,cWW ,A:U898,0.316824,
A:G682,cWW ,A:C708,A:U871,cWW ,A:A897,0.377282,
A:G683,cWW ,A:U707,A:A872,ncWW,A:U896,0.451830,
A:U684,cWW ,A:A706,A:G873,ns55,A:U895,0.554294,
A:G685,tSH ,A:G705,A:U874,---- ,A:U894,0.398247,
---, ,---,A:C875, ,---, ,
A:U686,tWH ,A:A704,---, ,A:A893, ,
A:A687,tHS ,A:G703,A:A876, ,---,0.408705,
A:G688,cWW ,A:C699,A:G877,cWW ,A:C888,0.378196,
A:G688, ,A:A704,A:G877,tSS ,A:A893,0.378196,
A:C689,cWW ,A:G698,A:A878,cWW ,A:U887,0.294690,
A:G690, ,---,A:G879, ,---,0.260459,
A:G691,tSH ,A:A696,A:G880,tSH ,A:A885,0.294488,
A:U692, ,---,A:U881, ,---,0.284684,
A:G693, ,---,A:G882, ,---,0.401198,
A:A694, ,---,A:A883, ,---,0.420293,
A:A695, ,---,A:A884, ,---,0.284684,
A:A696,tHS ,A:G691,A:A885,tHS ,A:G880,0.302870,
A:A696,cSS ,A:G786,A:A885,ncSS,A:G975,0.302870,
A:A696,tSS ,A:C797,A:A885,---- ,A:G986,0.302870,
A:U697,cSS ,A:G785,A:U886,ncSS,A:C974,0.243003,
A:G698,cWW ,A:C689,A:U887,cWW ,A:A878,0.348078,
A:C699,cWW ,A:G688,A:C888,cWW ,A:G877,0.392171,
A:G700, ,---,A:U889, ,---,0.391563,
---, ,---,A:U890, ,---, ,
---, ,---,A:G891, ,---, ,
---, ,---,A:G892, ,---, ,
A:U701, ,---,---, ,---, ,
A:A702, ,---,---, ,---, ,
A:G703,tSH ,A:A687,---, ,A:A876, ,
A:A704,tHW ,A:U686,A:A893, ,---,0.408705,
A:A704, ,A:G688,A:A893,tSS ,A:G877,0.408705,
A:G705,tHS ,A:G685,A:U894,---- ,A:U874,0.415019,
A:A706,cWW ,A:U684,A:U895,ns55,A:G873,0.500365,
A:U707,cWW ,A:G683,A:U896,ncWW,A:A872,0.488526,
A:C708,cWW ,A:G682,A:A897,cWW ,A:U871,0.368861,
A:U709,cWW ,A:A681,A:U898,cWW ,A:A870,0.346482,
A:G710,cWW ,A:C680,A:U899,cWW ,A:A869,0.297433,
A:G711,cWW ,A:C679,A:A900,cWW ,A:U868,0.177774,
A:A712,cWW ,A:U678,A:A901,cWW ,A:U867,0.147914,
A:G713, ,---,A:G902, ,---,0.186812,
A:G714,cWW ,A:A676,A:G903,cWW ,A:A865,0.227242,
A:A715, ,---,A:A904, ,---,0.243492,
A:A716,cWW ,A:G674,A:C905,cWW ,A:G863,0.362409,
A:U717,cWW ,A:A673,A:U906,cWW ,A:A862,0.277889,
A:A718, ,---,A:A907, ,---,0.496529,
A:C719, ,---,A:A908, ,---,0.383417,
A:C720, ,---,A:C909, ,---,0.383417,
A:G721, ,---,A:U910, ,---,0.480366,
---, ,---,A:A911, ,---, ,
---, ,---,A:A912, ,---, ,
A:G722,tWW ,A:G733,---, ,A:A922, ,
A:U723, ,---,---, ,---, ,
A:G724,cWH ,A:A665,A:U913,ntWW,A:G854,0.550205,
A:G725,cWW ,A:C732,A:G914,cWW ,A:C921,0.419006,
A:C726,cWW ,A:G731,A:C915,cWW ,A:G920,0.112006,
A:G727, ,---,A:G916, ,---,0.153457,
A:A728,cSS ,A:C578,A:A917,ncSS,A:C619,0.275280,
A:A728,tSS ,A:C764,A:A917,tSS ,A:C953,0.275280,
A:A729,cSS ,A:G577,A:A918,cSS ,A:G618,0.225873,
A:A729,tSS ,A:C764,A:A918,---- ,A:C953,0.225873,
A:G730, ,---,A:A919, ,---,0.196623,
A:G731,cWW ,A:C726,A:G920,cWW ,A:C915,0.153457,
A:C732,cWW ,A:G725,A:C921,cWW ,A:G914,0.367286,
A:G733,tWW ,A:G722,A:A922, ,---,0.550205,
A:G734,cWW ,A:U672,A:U923,cWW ,A:U861,0.449906,
A:C735,cWW ,A:G671,A:U924,cWW ,A:U860,0.480059,
A:C736,cWW ,A:G670,A:U925,cWW ,A:A859,0.411426,
A:C737,cWW ,A:G669,A:G926,cWW ,A:C858,0.301449,
A:C738,cWW ,A:G668,A:C927,cWW ,A:G857,0.291105,
A:C739,cWW ,A:G667,A:C928,cWW ,A:G856,0.281619,
A:U740,cWW ,A:G666,A:A929,ncWW,A:G855,0.492677,
A:G741,nbif,A:G664,A:A930,cWW ,A:G853,0.478446,
A:G742,cWW ,A:A663,A:A931,cWW ,A:U852,0.481279,
A:A743,cWW ,A:U662,A:G932,ncWW,A:U851,0.430745,
A:C744,cWW ,A:G661,A:A933,cWW ,A:G850,0.679246,
---, ,---,A:U934,cWW ,A:A849, ,
A:G745,cWW ,A:C660,A:G935,cWW ,A:C848,0.846059,
A:A746,cWW ,A:U659,A:U936,ncWW,A:A847,0.305033,
---, ,---,A:U937, ,---, ,
A:A747, ,---,---, ,---, ,
A:G748,cWW ,A:C658,A:U938,cWW ,A:G846,0.241976,
A:A749,cWW ,A:U657,A:U939,cWW ,A:G845,0.186165,
A:C750,cWW ,A:G656,A:C940, ,---,0.186165,
A:C750, ,---,A:C940,cWW ,A:G844,0.186165,
---, ,---,A:A941, ,---, ,
---, ,---,A:U942, ,---, ,
---, ,---,A:U943, ,---, ,
A:U751,cWW ,A:A655,---, ,---, ,
A:G752,tSH ,A:G654,---, ,---, ,
A:A753,tHW ,A:U652,---, ,---, ,
A:C754,cWW ,A:G654,---, ,---, ,
A:G755,cWW ,A:C586,A:A944,cWW ,A:U627,0.252522,
A:C756,cWW ,A:G585,A:A945,cWW ,A:U626,0.281073,
A:U757,cWW ,A:G584,A:U946,cWW ,A:G625,0.268892,
A:C758,tSH ,A:A583,A:C947,tSH ,A:A624,0.259922,
A:A759,tHW ,A:C582,A:A948,ntHW,A:U623,0.296041,
A:G760,tHS ,A:G581,A:A949,tHS ,A:G622,0.328523,
A:G761,cWW ,A:C580,A:G950,cWW ,A:C621,0.322857,
A:U762,cWW ,A:A579,A:A951,cWW ,A:U620,0.341447,
A:G763,cWW ,A:C578,A:A952,ncWW,A:C619,0.227643,
A:C764,cWW ,A:G577,A:C953,cWW ,A:G618,0.223594,
A:C764,tSS ,A:A728,A:C953,tSS ,A:A917,0.223594,
A:C764,tSS ,A:A729,A:C953,---- ,A:A918,0.223594,
---, ,---,A:G954, ,---, ,
A:G765, ,---,---, ,---, ,
A:A766,tHW ,A:U813,A:A955,ncWW,A:U1002,0.533758,
A:A766,cSS ,A:G1525,A:A955,ncSS,A:A1741,0.533758,
A:A767,tSS ,A:G1511,A:A956,tSS ,A:G1727,0.514087,
A:A767,cSS ,A:C1524,A:A956,---- ,A:C1740,0.514087,
A:A768,bif ,A:C811,A:A957,ncWS,A:U1000,0.394819,
A:G769,cWW ,A:C810,A:G958,cWW ,A:C999,0.177827,
A:C770,cWW ,A:G809,A:U959,cWW ,A:A998,0.211514,
A:G771,cWW ,A:C808,A:U960,cWW ,A:A997,0.345324,
A:U772,cWW ,A:A807,A:A961,cWW ,A:U996,0.350418,
A:G773,cWW ,A:C806,A:G962,cWW ,A:U995,0.169858,
A:G774,cWW ,A:C805,A:G963,cWW ,A:C994,0.181630,
A:G775, ,---,A:G964, ,---,0.182441,
A:G776, ,---,A:G965, ,---,0.168291,
A:A777, ,---,A:A966, ,---,0.265238,
A:G778,cWW ,A:U804,A:U967,ncWW,A:U993,0.270077,
A:C779,cWW ,A:G803,A:C968,cWW ,A:G992,0.175356,
A:A780,tSH ,A:A802,A:A969,tSH ,A:A991,0.131224,
A:A781,tHW ,A:U801,A:A970,tHW ,A:U990,0.195302,
A:A782,tHS ,A:G800,A:A971,tHS ,A:G989,0.316137,
A:C783,cWW ,A:G799,A:G972,cWW ,A:C988,0.399485,
A:A784,cWW ,A:U798,A:A973,cWW ,A:U987,0.336782,
A:G785,cSS ,A:U697,A:C974,ncSS,A:U886,0.250856,
A:G785,cWW ,A:C797,A:C974,cWW ,A:G986,0.250856,
A:G786,cSS ,A:A696,A:G975,ncSS,A:A885,0.189078,
A:G786,cWW ,A:C796,A:G975,cWW ,A:C985,0.189078,
A:A787, ,---,A:A976, ,---,0.221876,
A:U788, ,---,A:U977, ,---,0.197883,
A:U789, ,---,A:C978, ,---,0.281781,
A:A790, ,---,A:A979, ,---,0.275483,
A:G791, ,---,A:G980, ,---,0.271438,
A:A792, ,---,A:A981, ,---,0.261113,
---, ,---,A:U982, ,---, ,
A:U793, ,---,---, ,---, ,
A:A794, ,---,A:A983, ,---,0.256949,
A:C795, ,---,A:C984, ,---,0.200845,
A:C796,cWW ,A:G786,A:C985,cWW ,A:G975,0.229304,
A:C797,tSS ,A:A696,A:G986,---- ,A:A885,0.204742,
A:C797,cWW ,A:G785,A:G986,cWW ,A:C974,0.204742,
A:U798,cWW ,A:A784,A:U987,cWW ,A:A973,0.310688,
A:G799,cWW ,A:C783,A:C988,cWW ,A:G972,0.306015,
A:G800,tSH ,A:A782,A:G989,tSH ,A:A971,0.302395,
A:U801,tWH ,A:A781,A:U990,tWH ,A:A970,0.186022,
A:A802,tHS ,A:A780,A:A991,tHS ,A:A969,0.128556,
A:G803,cWW ,A:C779,A:G992,cWW ,A:C968,0.134865,
A:U804,cWW ,A:G778,A:U993,ncWW,A:U967,0.180508,
A:C805,cWW ,A:G774,A:C994,cWW ,A:G963,0.203228,
A:C806,cWW ,A:G773,A:U995,cWW ,A:G962,0.200647,
A:A807,cWW ,A:U772,A:U996,cWW ,A:A961,0.305198,
A:C808,cWW ,A:G771,A:A997,cWW ,A:U960,0.381776,
A:G809,cWW ,A:C770,A:A998,cWW ,A:U959,0.232791,
A:C810,cWW ,A:G769,A:C999,cWW ,A:G958,0.175825,
A:C811,bif ,A:A768,A:U1000,ncSW,A:A957,0.177827,
---, ,---,A:A1001, ,---, ,
A:G812, ,---,---, ,---, ,
A:U813,tWH ,A:A766,A:U1002,ncWW,A:A955,0.508426,
A:U813,cSS ,A:G1511,A:U1002,cSS ,A:G1727,0.508426,
A:A814, ,---,A:A1003, ,---,0.508426,
A:A815, ,---,A:A1004, ,---,0.244549,
A:A816, ,---,A:A1005, ,---,0.472577,
A:C817,cWW ,A:G1529,A:C1006, ,---,0.205996,
A:G818, ,---,A:U1007, ,---,0.436027,
A:A819, ,---,A:A1008, ,---,0.256224,
A:U820,cWH ,A:A873,A:U1009,ns35,A:A1065,0.416916,
A:G821,cWW ,A:C879,A:A1010,cWW ,A:U1075,0.235867,
A:U822,cWW ,A:A878,A:C1011,cWW ,A:G1074,0.155732,
A:C823,cWW ,A:G877,A:C1012,cWW ,A:G1073,0.228435,
A:G824,cWW ,A:C876,A:G1013, ,---,0.241330,
A:A825,cWW ,A:U875,A:A1014,cWW ,A:U1067,0.259648,
A:C826,cWW ,A:G874,A:C1015,---- ,A:G1066,0.315877,
A:U827,tWW ,A:A872,A:U1016,ntWW,A:A1064,0.291505,
A:U828,tHS ,A:G858,---, ,A:U1052, ,
A:G829,cWW ,A:C857,A:C1017,cWW ,A:G1051,0.345002,
A:G830,cWW ,A:C856,A:G1018,ncWW,A:C1050,0.255530,
A:A831,cWW ,A:U855,A:G1019,cWW ,A:C1049,0.444353,
A:G832,cWW ,A:U854,A:G1020,---- ,A:G1045,2.127320,
A:G832, ,---,A:G1020,cWW ,A:A1048,2.127320,
---, ,---,A:A1021,bif ,A:C1047, ,
---, ,---,A:U1022,cWW ,A:G1046, ,
---, ,A:U854,A:C1023,cWW ,A:G1045, ,
A:G833,cWW ,A:C853,A:G1024,cWW ,A:C1044,1.848835,
A:U834,cWW ,A:G852,A:G1025,cWW ,A:U1043,0.446400,
A:U835,cWW ,A:G851,A:C1026,cWW ,A:G1042,0.489738,
---, ,A:U850,A:U1027,cWW ,A:A1041, ,
A:G836,cWW ,A:U850,---, ,A:A1041, ,
A:U837,cWW ,A:G849,A:G1028,cWW ,A:C1040,0.612467,
A:G838,cWW ,A:C848,A:G1029,cWW ,A:C1039,0.407624,
A:C839,cWW ,A:G847,A:A1030,cWW ,A:U1038,0.304351,
A:C840,cWW ,A:G846,A:A1031,ncWW,A:G1037,0.357658,
---, ,A:G846,A:U1032,cWW ,A:G1037, ,
---, ,---,A:A1033,cSH ,A:A1035, ,
---, ,---,A:A1034, ,---, ,
A:C841, ,---,---, ,---, ,
A:U842, ,---,---, ,---, ,
A:U843, ,---,---, ,---, ,
A:G844, ,---,---, ,---, ,
A:A845, ,---,---, ,---, ,
---, ,---,A:A1035,cHS ,A:A1033, ,
---, ,---,A:U1036, ,---, ,
A:G846,cWW ,A:C840,A:G1037,ncWW,A:A1031,0.357658,
A:G846, ,---,A:G1037,cWW ,A:U1032,0.357658,
A:G847,cWW ,A:C839,A:U1038,cWW ,A:A1030,0.357658,
A:C848,cWW ,A:G838,A:C1039,cWW ,A:G1029,0.331646,
A:G849,cWW ,A:U837,A:C1040,cWW ,A:G1028,0.498639,
A:U850,cWW ,A:G836,A:A1041, ,---,0.612467,
A:U850, ,---,A:A1041,cWW ,A:U1027,0.612467,
A:G851,cWW ,A:U835,A:G1042,cWW ,A:C1026,0.636751,
A:G852,cWW ,A:U834,A:U1043,cWW ,A:G1025,0.489738,
A:C853,cWW ,A:G833,A:C1044,cWW ,A:G1024,0.391211,
A:U854,cWW ,A:G832,A:G1045,---- ,A:G1020,2.164128,
A:U854, ,---,A:G1045,cWW ,A:C1023,2.164128,
---, ,---,A:G1046,cWW ,A:U1022, ,
---, ,---,A:C1047,bif ,A:A1021, ,
---, ,A:G832,A:A1048,cWW ,A:G1020, ,
A:U855,cWW ,A:A831,A:C1049,cWW ,A:G1019,1.615627,
A:C856,cWW ,A:G830,A:C1050,ncWW,A:G1018,0.199069,
A:C857,cWW ,A:G829,A:G1051,cWW ,A:C1017,0.351878,
A:G858,tSH ,A:U828,A:U1052, ,---,0.351878,
---, ,---,A:A1053, ,---, ,
---, ,---,A:U1054, ,---, ,
A:G859, ,---,---, ,---, ,
A:A860,tHS ,A:G869,---, ,---, ,
A:G861,cWW ,A:C868,A:G1055,cWW ,A:C1062,0.343324,
A:C862,cWW ,A:G867,A:A1056,cWW ,A:U1061,0.343324,
A:U863, ,---,A:G1057, ,---,0.402339,
A:A864,tSS ,A:G917,A:A1058,tSS ,A:G1114,0.175037,
A:A864,ncSS,A:C18,A:A1058,cSS ,A:C13,0.175037,
A:A865,cWW ,A:U571,A:A1059,cWW ,A:U612,0.222727,
A:C866,cWW ,A:G570,A:A1060,cWW ,A:U611,0.345348,
A:G867,cWW ,A:C862,A:U1061,cWW ,A:A1056,0.364624,
A:G867,tSS ,A:A873,A:U1061,ntSS,A:A1065,0.364624,
A:C868,cWW ,A:G861,A:C1062,cWW ,A:G1055,0.350905,
---, ,---,A:A1063, ,---, ,
A:G869,tSH ,A:A860,---, ,---, ,
A:U870, ,---,---, ,---, ,
A:U871, ,---,---, ,---, ,
A:A872,tWW ,A:U827,A:A1064,ntWW,A:U1016,0.331477,
A:A873,cHW ,A:U820,A:A1065,ns53,A:U1009,0.388519,
A:A873,tSS ,A:G867,A:A1065,ntSS,A:U1061,0.388519,
A:G874,cWW ,A:C826,A:G1066,---- ,A:C1015,0.291505,
A:U875,cWW ,A:A825,A:U1067,cWW ,A:A1014,0.315877,
---, ,---,A:C1068, ,---, ,
---, ,---,A:U1069, ,---, ,
---, ,---,A:U1070, ,---, ,
---, ,---,A:U1071, ,---, ,
---, ,---,A:G1072, ,---, ,
A:C876,cWW ,A:G824,---, ,A:G1013, ,
A:G877,cWW ,A:C823,A:G1073,cWW ,A:C1012,0.241330,
A:A878,cWW ,A:U822,A:G1074,cWW ,A:C1011,0.149194,
A:C879,cWW ,A:G821,A:U1075,cWW ,A:A1010,0.222797,
A:C880,cWW ,A:G575,A:U1076,cWW ,A:A616,0.298800,
A:G881,cWW ,A:C569,A:C1077,cWW ,A:G610,0.341038,
A:C882,cWW ,A:G568,A:U1078,ncWW,A:A609,0.293157,
A:C882,cSS ,A:A574,A:U1078,---- ,A:A615,0.293157,
A:C883,cWW ,A:G567,A:G1079,cWW ,A:C608,0.331569,
A:C883,cSS ,A:A573,A:G1079,ncSS,A:A614,0.331569,
A:U884,tWW ,A:A563,A:G1080,ntWW,A:G604,0.396173,
A:G885,cWW ,A:C912,A:G1081,ncWW,A:U1109,0.228107,
A:G886,cWW ,A:U911,A:G1082,cWW ,A:U1108,0.229317,
A:G887,cWW ,A:C910,A:G1083,cWW ,A:C1107,0.237101,
A:G888,tSH ,A:A909,A:A1084,tSH ,A:A1106,0.264273,
A:A889,tHH ,A:A908,A:A1085,ntHH,A:A1105,0.241562,
A:G890,cSH ,A:U891,A:G1086,ncSH,A:U1087,0.350616,
A:U891,cHS ,A:G890,A:U1087,ncHS,A:G1086,0.297181,
A:U891,tWH ,A:A907,A:U1087,tWH ,A:A1104,0.297181,
A:A892,tHS ,A:A906,A:A1088,tHS ,A:G1103,0.377430,
---, ,---,A:U1089, ,---, ,
A:C893,cWW ,A:U244,A:G1090, ,---,0.383636,
A:C893,---- ,A:U905,A:G1090,cWW ,A:U1102,0.383636,
A:G894,cWW ,A:U905,---, ,A:U1102, ,
A:G895,cWW ,A:U904,A:G1091,cWW ,A:C1101,0.589749,
---, ,---,A:U1092, ,---, ,
A:C896,cWW ,A:G903,A:A1093,cWW ,A:U1100,0.576862,
A:C897,cWW ,A:G902,A:C1094,cWW ,A:G1099,0.188982,
A:G898,tSH ,A:A901,A:G1095, ,---,0.215179,
A:C899, ,---,A:C1096, ,---,0.238844,
A:A900, ,---,A:A1097, ,---,0.187340,
---, ,---,A:A1098, ,---, ,
A:A901,tHS ,A:G898,---, ,A:G1095, ,
A:G902,cWW ,A:C897,A:G1099,cWW ,A:C1094,0.264137,
A:G903,cWW ,A:C896,A:U1100,cWW ,A:A1093,0.276082,
A:U904,cWW ,A:G895,A:C1101,cWW ,A:G1091,0.589749,
A:U905,cWW ,A:G894,A:U1102, ,---,0.361621,
A:U905,---- ,A:C893,A:U1102,cWW ,A:G1090,0.361621,
A:A906,tSH ,A:A892,A:G1103,tSH ,A:A1088,0.342153,
A:A907,tHW ,A:U891,A:A1104,tHW ,A:U1087,0.239007,
A:A908,tHH ,A:A889,A:A1105,ntHH,A:A1085,0.219627,
A:A908, ,---,A:A1105,cSS ,A:G1624,0.219627,
A:A909,tHS ,A:G888,A:A1106,tHS ,A:A1084,0.269157,
A:A909,cSS ,A:A1413,A:A1106,---- ,A:U1622,0.269157,
A:C910,cWW ,A:G887,A:C1107,cWW ,A:G1083,0.288646,
A:U911,cWW ,A:G886,A:U1108,cWW ,A:G1082,0.179069,
A:C912,cWW ,A:G885,A:U1109,ncWW,A:G1081,0.281204,
A:A913,tSS ,A:G22,A:A1110,---- ,A:C17,0.480567,
A:A914,tHS ,A:G21,A:A1111,---- ,A:G16,0.420290,
A:A915,cHW ,A:U13,A:A1112,ncHW,A:U8,0.402569,
A:U916,cWW ,A:A19,A:G1113,cWW ,A:C14,0.422417,
A:U916,---- ,A:A572,A:G1113,cSS ,A:A613,0.422417,
A:G917,cWW ,A:C18,A:G1114,cWW ,A:C13,0.197417,
A:G917,tSS ,A:A864,A:G1114,tSS ,A:A1058,0.197417,
A:A918,cWW ,A:U17,A:A1115,cWW ,A:U12,0.118742,
A:A919,tSS ,A:A1080,A:A1116,tSS ,A:A1272,0.192100,
A:U920,cWW ,A:G15,A:U1117,cWW ,A:G10,0.204635,
A:U921,cWW ,A:A1396,A:U1118,cWW ,A:A1605,0.198469,
A:G922,cWW ,A:C1395,A:G1119,cWW ,A:C1604,0.178691,
A:G922,tSS ,A:A1398,A:G1119,tSS ,A:A1607,0.178691,
A:A923,cWW ,A:U1393,A:A1120,cWW ,A:U1602,0.187628,
A:C924,cWW ,A:G1392,A:C1121,cWW ,A:G1601,0.187672,
A:C924,tSS ,A:A1502,A:C1121, ,A:A1718,0.187672,
A:G925,cWW ,A:U1391,A:G1122,cWW ,A:U1600,0.272897,
A:G926, ,---,A:G1123, ,---,0.437488,
A:G927,cWW ,A:U1390,A:A1124,cWW ,A:U1599,0.243411,
A:G928,cWW ,A:C1389,A:A1125,cWW ,A:U1598,0.240069,
A:G929,cWW ,A:C1388,A:C1126,cWW ,A:G1597,0.327915,
A:C930,cWW ,A:G1387,A:A1127,cWW ,A:C1596,0.506472,
A:C931,cWW ,A:G1386,A:G1128,cWW ,A:C1595,0.373227,
A:C932,cWW ,A:G1385,A:C1129, ,---,0.346413,
A:C932, ,---,A:C1129,cWW ,A:G1594,0.346413,
---, ,---,A:A1130,tHW ,A:C1590, ,
---, ,---,A:A1130,cWW ,A:U1593, ,
A:G933,cWW ,A:C1384,---, ,---, ,
A:C934,tWW ,A:A938,A:C1131,tWW ,A:A1135,0.219031,
A:C934,bif ,A:A1375,A:C1131,---- ,A:U1584,0.219031,
A:A935,cWW ,A:U1380,A:A1132,cWW ,A:U1589,0.397159,
A:A935,cSW ,A:C1383,A:A1132, ,---,0.397159,
A:A935, ,---,A:A1132,cSW ,A:C1592,0.397159,
A:C936,cWW ,A:G1379,A:C1133,cWW ,A:G1588,0.456412,
A:A937,tSH ,A:C1378,A:C1134, ,---,0.510524,
A:A938,tWW ,A:C934,A:A1135,tWW ,A:C1131,0.269171,
A:A938,cSS ,A:U1376,A:A1135,cSS ,A:U1585,0.269171,
A:G939,cWW ,A:C1344,A:G1136,cWW ,A:C1553,0.284345,
A:G939,cSS ,A:A1375,A:G1136,ncSW,A:U1584,0.284345,
A:C940,cWW ,A:G1343,A:A1137,cWW ,A:U1552,0.380026,
A:G941,cWW ,A:C1342,A:A1138,cWW ,A:U1551,0.365384,
A:G942,cWW ,A:U1341,A:G1139,cWW ,A:U1550,0.270156,
A:U943,cWW ,A:A1340,A:U1140,cWW ,A:A1549,0.269585,
A:G944,tSH ,A:A1339,A:G1141,tSH ,A:A1548,0.205166,
A:G945,ncWW,A:A1236,A:G1142,cWW ,A:A1440,0.262785,
A:A946,cWW ,A:U1235,A:A1143,cWW ,A:U1439,0.226386,
A:A946,cSS ,A:A1333,A:A1143,cSS ,A:A1542,0.226386,
A:G947,cWW ,A:C1234,A:A1144,cWW ,A:U1438,0.167883,
A:C948,cWW ,A:G1233,A:C1145,cWW ,A:G1437,0.199707,
A:A949,cWW ,A:U1232,A:C1146,nbif,A:C1436,0.318572,
A:U950,cWW ,A:G1231,A:U1147,cWW ,A:G1435,0.413385,
A:G951,cSS ,A:C970,A:G1148,cSS ,A:C1167,0.218585,
A:G951,cWW ,A:C1230,A:G1148,cWW ,A:C1434,0.218585,
A:U952,cWW ,A:A1229,A:C1149,cWW ,A:G1433,0.299474,
A:G953,cWW ,A:C1228,A:G1150,cWW ,A:C1432,0.231944,
A:G954,cWW ,A:C1226,A:G1151,cWW ,A:C1430,0.141517,
A:G954,ntSH,A:A1227,A:G1151,tSH ,A:A1431,0.141517,
A:U955,cWW ,A:A1225,A:C1152,cWW ,A:G1429,0.164742,
A:U956, ,---,A:U1153, ,---,0.181746,
A:U957,tSH ,A:A959,A:U1154,---- ,A:A1156,0.208468,
A:A958, ,---,A:A1155, ,---,0.214592,
A:A959,tHS ,A:U957,A:A1156,---- ,A:U1154,0.222074,
A:A959,tSS ,A:G1221,A:A1156,tSS ,A:G1425,0.222074,
---, ,---,A:U1157, ,---, ,
---, ,---,A:U1158, ,---, ,
A:U960, ,---,---, ,---, ,
A:U961, ,---,---, ,---, ,
A:C962,cWW ,A:G973,A:U1159,cWW ,A:G1170,0.359625,
A:G963,cWW ,A:C972,A:G1160,cWW ,A:C1169,0.375138,
A:A964,cSS ,A:A969,A:A1161, ,A:A1166,0.406085,
A:U965, ,---,A:C1162, ,---,0.374286,
---, ,---,A:U1163, ,---, ,
A:G966, ,---,---, ,---, ,
A:C967, ,---,A:C1164, ,---,0.524544,
---, ,---,A:A1165, ,---, ,
A:A968, ,---,---, ,---, ,
A:A969,cSS ,A:A964,A:A1166, ,A:A1161,0.410258,
A:C970,cSS ,A:G951,A:C1167,cSS ,A:G1148,0.306639,
A:G971, ,---,A:A1168, ,---,0.345445,
A:C972,cWW ,A:G963,A:C1169,cWW ,A:G1160,0.401365,
A:G973,cWW ,A:C962,A:G1170,cWW ,A:U1159,0.255364,
---, ,---,A:G1171, ,---, ,
A:A974, ,---,A:G1172, ,---,0.274435,
A:A975, ,---,---, ,---, ,
A:G976, ,---,A:G1173, ,---,0.342434,
---, ,---,A:A1174, ,---, ,
A:A977, ,---,---, ,---, ,
A:A978,tWS ,A:G1316,A:A1175,ntWS,A:G1525,0.372569,
A:A978,tHW ,A:A1360,A:A1175,tHW ,A:A1569,0.372569,
A:C979, ,---,A:A1176, ,---,0.340429,
A:C980, ,---,A:C1177, ,---,0.311104,
A:U981, ,---,A:U1178, ,---,0.275610,
A:U982, ,---,A:C1179, ,---,0.271481,
A:A983, ,---,A:A1180, ,---,0.318882,
A:C984,cWW ,A:G1221,A:C1181,cWW ,A:G1425,0.266835,
A:C985,cWW ,A:G1220,A:G1182,cWW ,A:C1424,0.240843,
A:U986,cWW ,A:A1219,A:A1183,cWW ,A:U1423,0.164665,
A:G987,cWW ,A:C1218,A:G1184,cWW ,A:C1422,0.233762,
A:G988,cWW ,A:C1217,A:C1185,cWW ,A:G1421,0.422478,
A:U989,cWW ,A:A1216,A:G1186,cWW ,A:U1420,0.394884,
A:C990,cWW ,A:G1215,A:C1187,cWW ,A:G1419,0.415356,
A:U991,tWH ,A:A1213,A:A1188,ntSH,A:A1417,0.424076,
---, ,---,A:A1189, ,---, ,
---, ,---,A:G1190, ,---, ,
A:U992,tWH ,A:A1044,---, ,---, ,
A:G993,cWW ,A:C1045,---, ,A:G1237, ,
A:A994, ,---,---, ,---, ,
A:C995,cWS ,A:A1046,---, ,A:U1238, ,
A:A996,cWS ,A:C1045,---, ,A:G1237, ,
A:U997,cWW ,A:A1044,---, ,---, ,
A:C998,cWW ,A:G1043,---, ,---, ,
---, ,---,A:A1191,tHS ,A:G1236, ,
---, ,A:A1042,A:C1192,cWW ,A:G1235, ,
A:C999,cWW ,A:G1041,A:A1193,cWW ,A:U1234,0.417222,
A:A1000,cWW ,A:U1040,A:G1194,cWW ,A:U1233,0.317634,
A:C1001,cWW ,A:G1039,A:A1195,cWW ,A:U1232,0.228283,
A:G1002,cWW ,A:C1038,A:G1196,cWW ,A:C1231,0.228503,
A:G1003,cWW ,A:C1037,A:A1197,cWW ,A:U1230,0.304736,
---, ,---,A:A1198, ,---, ,
---, ,---,A:G1199, ,---, ,
---, ,---,A:G1200, ,---, ,
---, ,---,A:G1201, ,---, ,
A:A1004, ,---,---, ,---, ,
A:A1005, ,---,---, ,---, ,
---, ,---,A:A1202,cWW ,A:U1229, ,
---, ,A:G1024,A:U1203,cWW ,A:U1226, ,
A:G1006,cWW ,A:U1023,A:U1204,ncWW,A:U1225,0.338669,
A:U1007,cWW ,A:A1022,A:G1205,cWW ,A:C1224,0.369698,
A:U1008,cWW ,A:A1021,A:A1206,cWW ,A:U1223,0.384115,
---, ,---,A:C1207, ,---, ,
A:U1009,cWW ,A:G1020,---, ,A:U1222, ,
A:U1010,cWW ,A:A1019,A:A1208,cWW ,A:U1221,0.645744,
A:C1011,cWW ,A:G1018,A:G1209,cWW ,A:C1220,0.195077,
A:A1012,cWW ,A:U1017,A:A1210,ncWW,A:U1219,0.853280,
---, ,---,A:U1211, ,---, ,
A:G1013, ,---,A:U1212, ,---,1.121315,
A:A1014, ,---,A:G1213, ,---,0.585608,
A:G1015,cSS ,A:C1218,A:A1214,---- ,A:C1422,0.842543,
---, ,---,A:G1215, ,---, ,
A:A1016,cSS ,A:C1217,A:A1216,---- ,A:G1421,0.908883,
---, ,---,A:G1217, ,---, ,
---, ,---,A:C1218, ,---, ,
A:U1017,cWW ,A:A1012,A:U1219,ncWW,A:A1210,1.064620,
A:G1018,cWW ,A:C1011,A:C1220,cWW ,A:G1209,0.269208,
A:A1019,cWW ,A:U1010,A:U1221,cWW ,A:A1208,0.326515,
A:G1020,cWW ,A:U1009,A:U1222, ,---,0.645744,
A:A1021,cWW ,A:U1008,A:U1223,cWW ,A:A1206,0.787756,
A:A1022,cWW ,A:U1007,A:C1224,cWW ,A:G1205,0.381754,
A:U1023,cWW ,A:G1006,A:U1225,ncWW,A:U1204,0.328265,
A:G1024, ,---,A:U1226,cWW ,A:U1203,0.386147,
A:U1025, ,---,A:G1227, ,---,0.884374,
---, ,---,A:A1228, ,---, ,
A:G1026,cWW ,A:A1035,---, ,---, ,
A:C1027,cWW ,A:G1034,---, ,---, ,
A:C1028,cWW ,A:G1033,---, ,---, ,
A:U1029, ,---,---, ,---, ,
A:U1030, ,---,---, ,---, ,
A:C1031, ,---,---, ,---, ,
A:G1032, ,---,---, ,---, ,
A:G1033,cWW ,A:C1028,---, ,---, ,
A:G1034,cWW ,A:C1027,---, ,---, ,
A:A1035,cWW ,A:G1026,---, ,---, ,
A:A1036, ,---,---, ,---, ,
---, ,---,A:U1229,cWW ,A:A1202, ,
A:C1037,cWW ,A:G1003,A:U1230,cWW ,A:A1197,0.304736,
A:C1038,cWW ,A:G1002,A:C1231,cWW ,A:G1196,0.304736,
A:G1039,cWW ,A:C1001,A:U1232,cWW ,A:A1195,0.263344,
A:U1040,cWW ,A:A1000,A:U1233,cWW ,A:G1194,0.265581,
A:G1041,cWW ,A:C999,A:U1234,cWW ,A:A1193,0.387557,
A:A1042, ,---,A:G1235,cWW ,A:C1192,0.387557,
---, ,---,A:G1236,tSH ,A:A1191, ,
A:G1043,cWW ,A:C998,---, ,---, ,
A:A1044,tHW ,A:U992,---, ,---, ,
A:A1044,cWW ,A:U997,---, ,---, ,
A:C1045,cWW ,A:G993,A:G1237, ,---,0.377191,
A:C1045,cSW ,A:A996,A:G1237, ,---,0.377191,
A:A1046,cSW ,A:C995,A:U1238, ,---,0.377191,
A:A1046,tWW ,A:A1213,A:U1238,ntWW,A:A1417,0.377191,
A:G1047,cWW ,A:C1210,A:G1239,cWW ,A:C1413,0.359406,
A:G1048,cWW ,A:C1209,A:G1240,cWW ,A:C1412,0.158880,
A:U1049, ,---,A:U1241, ,---,0.403035,
A:G1050,cWW ,A:C1208,A:G1242,cWW ,A:C1411,0.263977,
A:C1051,cWW ,A:G1207,A:G1243,cWW ,A:C1410,0.331466,
A:U1052,cWW ,A:G1206,A:U1244,cWW ,A:G1409,0.330120,
A:U1052,---- ,A:A1055,A:U1244,cWH ,A:A1247,0.330120,
A:G1053,cWH ,A:G1057,A:G1245,cWH ,A:G1249,0.238807,
A:C1054, ,---,A:C1246, ,---,1.122822,
A:A1055,tHW ,A:C1200,A:A1247,ntHW,A:C1402,0.225973,
A:A1055,---- ,A:U1052,A:A1247,cHW ,A:U1244,0.225973,
A:A1055,ncWS,A:U1205,A:A1247,cWW ,A:U1408,0.225973,
A:U1056,cWW ,A:A1204,A:U1248,cWW ,A:A1407,0.222343,
A:G1057,cHW ,A:G1053,A:G1249,cHW ,A:G1245,0.292499,
A:G1057,cWW ,A:C1203,A:G1249,bif ,A:U1405,0.292499,
A:G1058,cWW ,A:U1199,A:G1250,cWW ,A:U1401,0.204271,
A:G1058,tSH ,A:U1202,A:G1250,ntSH,A:G1404,0.204271,
A:C1059,cWW ,A:G1198,A:C1251,cWW ,A:G1400,0.203338,
A:U1060,cWW ,A:A1197,A:C1252,cWW ,A:G1399,0.191462,
A:G1061,cWW ,A:C1195,A:G1253,cWW ,A:C1397,0.270674,
A:U1062,cWW ,A:U1194,A:U1254,cWW ,A:A1396,0.303945,
A:C1063,cWW ,A:G1193,A:U1255,cWW ,A:A1395,0.463470,
A:G1064,tSS ,A:G1190,A:C1256, ,---,0.447272,
---, ,---,A:U1257, ,---, ,
A:U1065, ,---,---, ,---, ,
A:C1066,tWH ,A:A1191,A:U1258,---- ,A:A1393,0.410311,
A:A1067, ,---,A:A1259, ,---,0.284843,
A:G1068,cWW ,A:C1107,A:G1260,cWW ,A:C1299,0.134217,
A:C1069,cWW ,A:G1106,A:U1261,cWW ,A:A1298,0.264990,
A:U1070,cWW ,A:A1105,A:U1262,cWW ,A:A1297,0.183587,
A:C1071,tHH ,A:U1085,A:G1263,---- ,A:U1277,0.210371,
A:C1071,cWW ,A:G1104,A:G1263,---- ,A:G1296,0.210371,
A:G1072,tHS ,A:G1084,A:G1264,tHS ,A:G1276,0.218814,
A:G1072,cWW ,A:C1103,A:G1264,cWW ,A:C1295,0.218814,
A:U1073,cWW ,A:A1102,A:U1265,cWW ,A:A1294,0.109635,
A:G1074,cWW ,A:U1083,A:G1266,cWW ,A:U1275,0.369319,
A:G1074,tSS ,A:A1101,A:G1266,tSS ,A:A1293,0.369319,
A:U1075,cWW ,A:A1082,A:G1267,cWW ,A:U1274,0.428804,
A:U1076,cWW ,A:A1081,A:A1268,cWW ,A:U1273,0.253220,
A:G1077, ,---,A:G1269, ,---,0.206680,
A:U1078, ,---,A:U1270, ,---,0.173947,
A:G1079, ,---,A:G1271, ,---,0.173947,
A:A1080,cSS ,A:A16,A:A1272,---- ,A:A11,0.170468,
A:A1080,tSS ,A:A919,A:A1272,tSS ,A:A1116,0.170468,
A:A1081,cWW ,A:U1076,A:U1273,cWW ,A:A1268,0.203858,
A:A1082,cWW ,A:U1075,A:U1274,cWW ,A:G1267,0.365649,
A:U1083,cWW ,A:G1074,A:U1275,cWW ,A:G1266,0.427593,
A:G1084,tSH ,A:G1072,A:G1276,tSH ,A:G1264,0.190607,
A:U1085,tHH ,A:C1071,A:U1277,---- ,A:G1263,0.316121,
---, ,A:C1098,A:C1278,cWW ,A:G1290, ,
A:U1086, ,---,---, ,---, ,
A:G1087,cWW ,A:C1098,A:U1279,tHS ,A:G1290,0.593409,
A:G1088,cWW ,A:C1097,A:G1280,cWW ,A:C1289,0.593409,
A:G1088,tSW ,A:A1167,A:G1280, ,---,0.593409,
A:G1089,cWW ,A:C1096,A:G1281,cWW ,A:C1288,0.164038,
A:G1089,ntSS,A:A1170,A:G1281,tSS ,A:A1372,0.164038,
A:U1090,cWW ,A:U1095,A:U1282,cWW ,A:U1287,0.116966,
A:U1091,ntSH,A:A1093,A:U1283,tSH ,A:A1285,0.154471,
A:A1092, ,---,A:A1284, ,---,0.322611,
A:A1093,ntHS,A:U1091,A:A1285,tHS ,A:U1283,0.322611,
A:G1094, ,---,A:U1286, ,---,0.281424,
A:U1095,cWW ,A:U1090,A:U1287,cWW ,A:U1282,0.154471,
A:C1096,cWW ,A:G1089,A:C1288,cWW ,A:G1281,0.149647,
A:C1096,cSS ,A:A1170,A:C1288,cSS ,A:A1372,0.149647,
A:C1097,cWW ,A:G1088,A:C1289,cWW ,A:G1280,0.438296,
A:C1097,cSS ,A:A1169,A:C1289,---- ,A:A1371,0.438296,
A:C1098,cWW ,A:G1087,A:G1290,tSH ,A:U1279,0.593409,
A:C1098, ,---,A:G1290,cWW ,A:C1278,0.593409,
---, ,---,A:U1291, ,---, ,
---, ,---,A:U1292, ,---, ,
A:G1099, ,---,---, ,---, ,
A:C1100, ,---,---, ,---, ,
A:A1101,tSS ,A:G1074,A:A1293,tSS ,A:G1266,0.280811,
A:A1102,cWW ,A:U1073,A:A1294,cWW ,A:U1265,0.132310,
A:C1103,cWW ,A:G1072,A:C1295,cWW ,A:G1264,0.176946,
A:G1104,cWW ,A:C1071,A:G1296,---- ,A:G1263,0.210785,
A:A1105,cWW ,A:U1070,A:A1297,cWW ,A:U1262,0.202627,
A:G1106,cWW ,A:C1069,A:A1298,cWW ,A:U1261,0.132458,
A:C1107,cWW ,A:G1068,A:C1299,cWW ,A:G1260,0.120397,
A:G1108, ,---,A:G1300, ,---,0.324375,
A:C1109, ,---,A:A1301, ,---,0.292214,
A:A1110, ,---,A:G1302, ,---,0.292214,
A:A1111, ,---,A:A1303, ,---,0.455679,
---, ,A:A1188,A:C1304,cWW ,A:G1390, ,
A:C1112, ,---,---, ,---, ,
A:C1113,cWW ,A:G1187,A:C1305,cWW ,A:G1389,0.440641,
A:C1114,cWW ,A:G1186,A:U1306,ncWW,A:A1388,0.273829,
A:U1115,cWW ,A:G1185,A:U1307,cWW ,A:A1387,0.301512,
A:U1116,cWW ,A:G1184,A:A1308,cWW ,A:U1386,0.330652,
A:A1117, ,---,A:A1309, ,---,0.361929,
A:U1118,cWW ,A:A1155,A:C1310,cWW ,A:G1356,0.199212,
A:C1119,cWW ,A:G1154,A:C1311,cWW ,A:G1355,0.530135,
---, ,---,A:U1312, ,---, ,
A:C1120,cWW ,A:G1153,A:G1313,cWW ,A:A1354,0.532142,
A:U1121,cWW ,A:A1152,A:C1314,cWW ,A:G1353,0.244491,
A:U1122,cWW ,A:A1151,A:U1315,cWW ,A:A1352,0.206492,
A:U1123,cWW ,A:A1150,A:A1316,cWW ,A:U1351,0.331850,
A:G1124,cSH ,A:U1125,A:A1317, ,---,0.538114,
A:G1124,cWW ,A:C1149,A:A1317,cWW ,A:U1350,0.538114,
---, ,---,A:C1318, ,---, ,
---, ,---,A:U1319, ,---, ,
A:U1125,cHS ,A:G1124,---, ,A:A1317, ,
A:U1125,cWH ,A:A1280,---, ,A:A1488, ,
A:U1126, ,---,---, ,---, ,
A:G1127,cWW ,A:A1145,A:A1320,ncWW,A:U1347,0.622775,
A:C1128,cWW ,A:G1144,A:G1321,cWW ,A:C1346,0.308278,
A:C1129,cWW ,A:G1143,A:U1322, ,---,0.308278,
A:C1129, ,---,A:U1322,cWW ,A:A1345,0.308278,
---, ,---,A:C1323,cWW ,A:G1343, ,
A:A1130, ,---,---, ,---, ,
A:G1131, ,---,---, ,---, ,
---, ,---,A:U1324,cWW ,A:U1342, ,
---, ,---,A:G1325,cWW ,A:U1341, ,
---, ,---,A:C1326,cWW ,A:G1340, ,
---, ,---,A:U1327,cWW ,A:G1339, ,
A:C1132,cWW ,A:G1142,A:U1328,cWW ,A:A1338,0.405020,
A:G1133,cWW ,A:C1141,A:G1329,cWW ,A:C1337,0.405020,
A:G1134,cWW ,A:C1140,A:U1330,cWW ,A:A1336,0.460766,
---, ,---,A:A1331, ,---, ,
---, ,---,A:A1332, ,---, ,
---, ,---,A:A1333, ,---, ,
---, ,---,A:U1334, ,---, ,
---, ,---,A:A1335, ,---, ,
A:U1135, ,---,---, ,---, ,
A:C1136, ,---,---, ,---, ,
A:C1137, ,---,---, ,---, ,
A:G1138, ,---,---, ,---, ,
A:G1139,cWH ,A:G1142,---, ,A:A1338, ,
A:C1140,cWW ,A:G1134,A:A1336,cWW ,A:U1330,0.460766,
A:C1141,cWW ,A:G1133,A:C1337,cWW ,A:G1329,0.460766,
A:G1142,cWW ,A:C1132,A:A1338,cWW ,A:U1328,0.405020,
A:G1142,cHW ,A:G1139,A:A1338, ,---,0.405020,
---, ,---,A:G1339,cWW ,A:U1327, ,
A:G1143,cWW ,A:C1129,---, ,A:U1322, ,
---, ,---,A:G1340,cWW ,A:C1326, ,
---, ,---,A:U1341,cWW ,A:G1325, ,
---, ,---,A:U1342,cWW ,A:U1324, ,
---, ,---,A:G1343,cWW ,A:C1323, ,
---, ,---,A:U1344, ,---, ,
---, ,A:C1129,A:A1345,cWW ,A:U1322, ,
A:G1144,cWW ,A:C1128,A:C1346,cWW ,A:G1321,0.412478,
A:A1145,cWW ,A:G1127,A:U1347,ncWW,A:A1320,0.648220,
A:A1146, ,---,A:U1348, ,---,0.412478,
---, ,---,A:C1349, ,---, ,
A:C1147, ,---,---, ,---, ,
A:U1148, ,---,---, ,---, ,
A:C1149,cWW ,A:G1124,A:U1350,cWW ,A:A1317,0.256396,
A:C1149,cSW ,A:A1280,A:U1350,cSW ,A:A1488,0.256396,
A:A1150,cWW ,A:U1123,A:U1351,cWW ,A:A1316,0.330724,
A:A1151,cWW ,A:U1122,A:A1352,cWW ,A:U1315,0.236869,
A:A1152,cWW ,A:U1121,A:G1353,cWW ,A:C1314,0.187803,
A:G1153,cWW ,A:C1120,A:A1354,cWW ,A:G1313,0.470493,
A:G1154,cWW ,A:C1119,A:G1355,cWW ,A:C1311,0.508794,
A:A1155,cWW ,A:U1118,A:G1356,cWW ,A:C1310,0.146913,
A:G1156,tSW ,A:A1179,A:G1357,tSW ,A:A1381,0.177000,
A:A1157,tWS ,A:G1178,A:A1358,tWS ,A:G1380,0.199805,
A:C1158,cWW ,A:G1181,A:C1359,cWW ,A:G1383,0.498579,
---, ,---,A:U1360, ,---, ,
A:U1159, ,---,---, ,---, ,
A:G1160,cWW ,A:A1176,A:A1361,cWW ,A:U1378,0.511691,
A:G1160,cHW ,A:G1182,A:A1361, ,---,0.511691,
A:C1161,cWW ,A:G1175,A:U1362,cWW ,A:A1377,0.344183,
A:C1162,cWW ,A:G1174,A:U1363,cWW ,A:A1376,0.223896,
A:A1163,cWW ,A:U1173,A:G1364,cWW ,A:C1375,0.245381,
A:G1164,cWW ,A:C1172,A:U1365,ncWW,A:C1374,0.402040,
A:U1165,cWW ,A:A1171,A:G1366,s33 ,A:G1373,0.462034,
A:G1166,tSH ,A:A1170,A:C1367,tSH ,A:A1372,0.455930,
---, ,---,A:A1368, ,---, ,
---, ,---,A:A1369, ,---, ,
---, ,---,A:U1370, ,---, ,
A:A1167,tWS ,A:G1088,---, ,A:G1280, ,
A:U1168, ,---,---, ,---, ,
A:A1169,cSS ,A:C1097,A:A1371,---- ,A:C1289,0.437360,
A:A1170,cSS ,A:C1096,A:A1372,cSS ,A:C1288,0.470762,
A:A1170,tHS ,A:G1166,A:A1372,tHS ,A:C1367,0.470762,
A:A1170,ntSS,A:G1089,A:A1372,tSS ,A:G1281,0.470762,
A:A1171,cWW ,A:U1165,A:G1373,s33 ,A:G1366,0.458569,
A:C1172,cWW ,A:G1164,A:C1374,ncWW,A:U1365,0.418466,
A:U1173,cWW ,A:A1163,A:C1375,cWW ,A:G1364,0.302203,
A:G1174,cWW ,A:C1162,A:A1376,cWW ,A:U1363,0.238973,
A:G1175,cWW ,A:C1161,A:A1377,cWW ,A:U1362,0.272046,
A:A1176,cWW ,A:G1160,A:U1378,cWW ,A:A1361,0.455785,
A:G1177,tWH ,A:G1181,A:G1379,ntWH,A:G1383,0.395341,
A:G1178,tSW ,A:A1157,A:G1380,tSW ,A:A1358,0.385924,
A:A1179,tWS ,A:G1156,A:A1381,tWS ,A:G1357,0.202327,
A:A1180, ,---,A:A1382, ,---,0.189439,
A:G1181,cWW ,A:C1158,A:G1383,cWW ,A:C1359,0.483302,
A:G1181,tHW ,A:G1177,A:G1383,ntHW,A:G1379,0.483302,
---, ,---,A:U1384, ,---, ,
A:G1182,cWH ,A:G1160,---, ,A:A1361, ,
A:U1183, ,---,A:U1385, ,---,0.466193,
A:G1184,cWW ,A:U1116,A:U1386,cWW ,A:A1308,0.374763,
A:G1185,cWW ,A:U1115,A:A1387,cWW ,A:U1307,0.288859,
A:G1186,cWW ,A:C1114,A:A1388,ncWW,A:U1306,0.349651,
A:G1187,cWW ,A:C1113,A:G1389,cWW ,A:C1305,0.427682,
A:A1188, ,---,A:G1390,cWW ,A:C1304,0.466520,
A:U1189, ,---,A:C1391, ,---,0.471484,
---, ,---,A:A1392, ,---, ,
A:G1190,tSS ,A:G1064,---, ,A:C1256, ,
A:A1191,tHW ,A:C1066,A:A1393,---- ,A:U1258,0.312114,
A:C1192, ,---,A:U1394, ,---,0.384239,
A:G1193,cWW ,A:C1063,A:A1395,cWW ,A:U1255,0.441265,
A:U1194,cWW ,A:U1062,A:A1396,cWW ,A:U1254,0.417610,
A:C1195,cWW ,A:G1061,A:C1397,cWW ,A:G1253,0.278857,
A:A1196, ,---,A:A1398, ,---,0.287650,
A:A1197,cWW ,A:U1060,A:G1399,cWW ,A:C1252,0.241908,
A:G1198,cWW ,A:C1059,A:G1400,cWW ,A:C1251,0.175952,
A:U1199,cWW ,A:G1058,A:U1401,cWW ,A:G1250,0.225831,
A:C1200,tWH ,A:A1055,A:C1402,ntWH,A:A1247,0.229977,
A:C1200,tSW ,A:U1205,A:C1402,---- ,A:U1408,0.229977,
A:A1201, ,---,A:U1403, ,---,0.418078,
A:U1202,tHS ,A:G1058,A:G1404,ntHS,A:G1250,0.329144,
A:C1203,cWW ,A:G1057,A:U1405,bif ,A:G1249,0.329144,
---, ,---,A:G1406, ,---, ,
A:A1204,cWW ,A:U1056,A:A1407,cWW ,A:U1248,0.365680,
A:U1205,tWS ,A:C1200,A:U1408,---- ,A:C1402,0.299513,
A:U1205,ncSW,A:A1055,A:U1408,cWW ,A:A1247,0.299513,
A:G1206,cWW ,A:U1052,A:G1409,cWW ,A:U1244,0.309268,
A:G1207,cWW ,A:C1051,A:C1410,cWW ,A:G1243,0.344931,
A:C1208,cWW ,A:G1050,A:C1411,cWW ,A:G1242,0.294218,
A:C1209,cWW ,A:G1048,A:C1412,cWW ,A:G1240,0.117036,
A:C1210,cWW ,A:G1047,A:C1413,cWW ,A:G1239,0.248222,
A:U1211, ,---,A:U1414, ,---,0.248222,
---, ,---,A:A1415, ,---, ,
---, ,---,A:G1416, ,---, ,
A:U1212, ,---,---, ,---, ,
A:A1213,tHW ,A:U991,A:A1417,ntHS,A:A1188,0.395780,
A:A1213,tWW ,A:A1046,A:A1417,ntWW,A:U1238,0.395780,
A:C1214, ,---,A:C1418, ,---,0.197418,
A:G1215,cWW ,A:C990,A:G1419,cWW ,A:C1187,0.424076,
A:A1216,cWW ,A:U989,A:U1420,cWW ,A:G1186,0.374510,
A:C1217,cWW ,A:G988,A:G1421,cWW ,A:C1185,0.390177,
A:C1217,cSS ,A:A1016,A:G1421,---- ,A:A1216,0.390177,
A:C1218,cWW ,A:G987,A:C1422,cWW ,A:G1184,0.229414,
A:C1218,cSS ,A:G1015,A:C1422,---- ,A:A1214,0.229414,
A:A1219,cWW ,A:U986,A:U1423,cWW ,A:A1183,0.196399,
A:G1220,cWW ,A:C985,A:C1424,cWW ,A:G1182,0.220371,
A:G1221,tSS ,A:A959,A:G1425,tSS ,A:A1156,0.280462,
A:G1221,cWW ,A:C984,A:G1425,cWW ,A:C1181,0.280462,
A:G1222, ,---,A:G1426, ,---,0.268504,
A:C1223, ,---,A:C1427, ,---,0.271481,
---, ,---,A:C1428, ,---, ,
A:U1224,cWW ,A:A1362,---, ,---, ,
A:A1225,cWW ,A:U955,A:G1429,cWW ,A:C1152,0.187186,
A:C1226,cWW ,A:G954,A:C1430,cWW ,A:G1151,0.157612,
A:A1227,ntHS,A:G954,A:A1431,tHS ,A:G1151,0.179709,
A:C1228,cWW ,A:G953,A:C1432,cWW ,A:G1150,0.240169,
A:A1229,cWW ,A:U952,A:G1433,cWW ,A:C1149,0.314994,
A:C1230,cWW ,A:G951,A:C1434,cWW ,A:G1148,0.214424,
A:G1231,cWW ,A:U950,A:G1435,cWW ,A:U1147,0.374427,
A:U1232,cWW ,A:A949,A:C1436,nbif,A:C1146,0.436336,
A:G1233,cWW ,A:C948,A:G1437,cWW ,A:C1145,0.297025,
A:C1234,cWW ,A:G947,A:U1438,cWW ,A:A1144,0.164395,
A:U1235,cWW ,A:A946,A:U1439,cWW ,A:A1143,0.211605,
A:A1236,ncWW,A:G945,A:A1440,cWW ,A:G1142,0.246282,
A:C1237,cWW ,A:G1337,A:C1441,cWW ,A:G1546,0.275379,
A:A1238,cSS ,A:G1241,A:A1442,cSS ,A:G1445,0.539037,
A:A1238,tHW ,A:U1301,A:A1442,ntHW,A:U1510,0.539037,
A:A1239,---- ,A:A1299,A:A1443,tHH ,A:G1508,0.457188,
A:U1240, ,---,A:U1444, ,---,0.590950,
A:G1241,cSS ,A:A1238,A:G1445,cSS ,A:A1442,0.319407,
A:G1241,cWW ,A:C1296,A:G1445,cWW ,A:C1505,0.319407,
A:G1242,cWW ,A:U1295,A:A1446,cWW ,A:U1504,0.223102,
A:C1243,cWW ,A:G1294,A:C1447,cWW ,A:G1503,0.253026,
A:G1244,cWW ,A:C1293,A:U1448,cWW ,A:A1502,0.429507,
A:C1245,cWW ,A:G1292,A:G1449,cWW ,A:C1501,0.508796,
A:A1246,cWW ,A:U1291,A:G1450,cWW ,A:C1500,0.286947,
A:U1247,cWW ,A:G1290,A:C1451,cWW ,A:A1499,0.278175,
---, ,---,A:G1452, ,---, ,
A:A1248,tWH ,A:A1289,---, ,A:U1498, ,
A:C1249,tWH ,A:A1288,A:C1453,tWH ,A:A1497,0.257667,
A:C1249,tWH ,A:A1289,A:C1453,---- ,A:U1498,0.257667,
A:A1250, ,---,A:A1454, ,---,0.774466,
---, ,A:U1354,A:A1455,tSS ,A:C1563, ,
A:A1251, ,---,A:A1456, ,---,0.805764,
A:A1252,tWW ,A:A1285,A:A1457,ntHH,A:U1492,0.789617,
A:G1253,cWW ,A:C1284,A:A1458,cWW ,A:U1491,0.391020,
A:A1254,cWW ,A:U1283,A:G1459,cWW ,A:C1490,0.382839,
A:A1254,---- ,A:C1259,A:G1459,cSS ,A:C1466,0.382839,
A:A1254,---- ,A:C1277,A:G1459,tSS ,A:G1485,0.382839,
---, ,---,A:U1460, ,---, ,
---, ,---,A:A1461, ,---, ,
---, ,---,A:U1462, ,---, ,
---, ,---,A:U1463, ,---, ,
---, ,---,A:U1464, ,---, ,
A:G1255,cSS ,A:C1259,---, ,A:C1466, ,
A:G1255,cWW ,A:C1282,---, ,---, ,
A:A1256, ,---,---, ,---, ,
A:A1257, ,---,---, ,---, ,
A:G1258,cWW ,A:C1277,A:C1465,cWW ,A:G1485,0.275245,
A:C1259,cSS ,A:G1255,A:C1466, ,---,0.275245,
A:C1259,cWW ,A:G1276,A:C1466,cWW ,A:G1484,0.275245,
A:C1259,---- ,A:A1254,A:C1466,cSS ,A:G1459,0.275245,
A:G1260,tSH ,A:A1275,A:U1467, ,---,0.275245,
---, ,---,A:G1468,cWW ,A:C1482, ,
A:A1261,tHS ,A:A1274,---, ,---, ,
A:C1262,bif ,A:C1273,A:U1469,cWW ,A:A1481,0.574949,
A:C1263,cWW ,A:G1272,A:C1470,cWW ,A:G1479,0.574949,
A:U1264,cWW ,A:A1271,A:C1471,cWW ,A:G1478,0.172709,
A:C1265,cWW ,A:G1270,A:U1472,cWW ,A:A1477,0.178753,
A:G1266, ,---,A:G1473, ,---,0.186715,
A:C1267, ,---,A:G1474, ,---,0.427991,
A:G1268,cSS ,A:U1326,A:G1475,cSS ,A:A1535,0.293664,
A:A1269,tSS ,A:G1312,A:A1476,ntSS,A:C1521,0.280611,
A:A1269,ncSS,A:C1325,A:A1476,cSS ,A:G1534,0.280611,
A:G1270,cWW ,A:C1265,A:A1477,cWW ,A:U1472,0.185481,
A:A1271,cWW ,A:U1264,A:G1478,cWW ,A:C1471,0.184026,
A:G1272,cWW ,A:C1263,A:G1479,cWW ,A:C1470,0.633897,
---, ,---,A:U1480, ,---, ,
A:C1273,bif ,A:C1262,A:A1481,cWW ,A:U1469,0.574949,
---, ,---,A:C1482,cWW ,A:G1468, ,
---, ,---,A:G1483, ,---, ,
A:A1274,tSH ,A:A1261,---, ,---, ,
A:A1275,tHS ,A:G1260,---, ,A:U1467, ,
A:G1276,cWW ,A:C1259,A:G1484,cWW ,A:C1466,0.275245,
A:G1276,cSS ,A:C1282,A:G1484, ,---,0.275245,
A:C1277,cWW ,A:G1258,A:G1485,cWW ,A:C1465,0.275245,
A:C1277,---- ,A:A1254,A:G1485,tSS ,A:G1459,0.275245,
A:C1277, ,---,A:G1485,cSS ,A:A1487,0.275245,
---, ,---,A:U1486, ,---, ,
A:G1278, ,---,---, ,---, ,
A:G1279, ,---,---, ,---, ,
---, ,A:C1277,A:A1487,cSS ,A:G1485, ,
A:A1280,cHW ,A:U1125,A:A1488, ,---,0.476070,
A:A1280,cWS ,A:C1149,A:A1488,cWS ,A:U1350,0.476070,
---, ,---,A:U1489, ,---, ,
A:C1281, ,---,---, ,---, ,
A:C1282,cWW ,A:G1255,---, ,---, ,
A:C1282,cSS ,A:G1276,---, ,A:G1484, ,
A:U1283,cWW ,A:A1254,A:C1490,cWW ,A:G1459,0.763616,
A:C1284,cWW ,A:G1253,A:U1491,cWW ,A:A1458,0.382839,
A:A1285,tWW ,A:A1252,A:U1492,ntHH,A:A1457,0.376652,
---, ,---,A:A1493, ,---, ,
---, ,---,A:U1494, ,---, ,
---, ,---,A:U1495, ,---, ,
A:U1286, ,---,---, ,---, ,
A:A1287, ,---,A:A1496, ,---,0.176716,
A:A1288,tHW ,A:C1249,A:A1497,tHW ,A:C1453,0.316056,
A:A1289,tHW ,A:A1248,A:U1498, ,---,0.356708,
A:A1289,tHW ,A:C1249,A:U1498,---- ,A:C1453,0.356708,
A:G1290,cWW ,A:U1247,A:A1499,cWW ,A:C1451,0.377788,
A:U1291,cWW ,A:A1246,A:C1500,cWW ,A:G1450,0.278175,
A:G1292,cWW ,A:C1245,A:C1501,cWW ,A:G1449,0.434156,
A:C1293,cWW ,A:G1244,A:A1502,cWW ,A:U1448,0.505903,
A:G1294,cWW ,A:C1243,A:G1503,cWW ,A:C1447,0.211605,
A:U1295,cWW ,A:G1242,A:U1504,cWW ,A:A1446,0.247187,
A:C1296,cWW ,A:G1241,A:C1505,cWW ,A:G1445,0.280217,
A:G1297,cSH ,A:U1298,A:G1506,---- ,A:U1507,0.483754,
A:U1298,cHS ,A:G1297,A:U1507,---- ,A:G1506,0.563316,
A:A1299,---- ,A:A1239,A:G1508,tHH ,A:A1443,0.705039,
A:G1300, ,---,A:U1509, ,---,0.291973,
A:U1301,tWH ,A:A1238,A:U1510,ntWH,A:A1442,0.639612,
---, ,---,A:A1511, ,---, ,
A:C1302, ,---,---, ,---, ,
A:C1303,cWW ,A:G1334,A:G1512,cWW ,A:C1543,0.496443,
A:G1304,tSH ,A:A1333,A:G1513,ntSH,A:A1542,0.258390,
A:G1305,tSH ,A:A1332,A:G1514,tSH ,A:A1541,0.241909,
A:A1306,tHS ,A:G1331,A:A1515,tHS ,A:G1540,0.251868,
A:U1307,cWW ,A:U1330,A:U1516,cWW ,A:U1539,0.204833,
A:U1308,cWW ,A:A1329,A:A1517,cWW ,A:U1538,0.197449,
A:G1309,cWW ,A:C1328,A:G1518,cWW ,A:C1537,0.352363,
A:G1310,cWW ,A:C1327,A:U1519,ntHW,A:U1536,0.381207,
A:A1311,cWW ,A:U1326,A:U1520,cWW ,A:A1535,0.275019,
A:G1312,tSS ,A:A1269,A:C1521,ntSS,A:A1476,0.329079,
A:G1312,cWW ,A:C1325,A:C1521,cWW ,A:G1534,0.329079,
A:U1313,cWW ,A:A1324,A:U1522,cWW ,A:G1533,0.355676,
A:C1314,cWW ,A:G1323,A:U1523,ncWW,A:U1532,0.341386,
A:U1315,tWH ,A:A1319,A:U1524,ntWH,A:A1528,0.364899,
A:U1315,cSS ,A:A1360,A:U1524,cSS ,A:A1569,0.364899,
A:G1316,tSW ,A:A978,A:G1525,ntSW,A:A1175,0.283543,
---, ,---,A:G1526, ,---, ,
A:C1317, ,---,---, ,---, ,
A:A1318, ,---,A:A1527, ,---,0.349703,
A:A1319,tHW ,A:U1315,A:A1528,ntHW,A:U1524,0.360903,
A:A1319,tWS ,A:G1361,A:A1528,ntWS,A:U1570,0.360903,
---, ,---,A:U1529, ,---, ,
---, ,---,A:U1530, ,---, ,
---, ,---,A:G1531, ,---, ,
A:C1320, ,---,---, ,---, ,
A:U1321, ,---,---, ,---, ,
A:C1322, ,---,---, ,---, ,
A:G1323,cWW ,A:C1314,A:U1532,ncWW,A:U1523,0.381923,
A:A1324,cWW ,A:U1313,A:G1533,cWW ,A:U1522,0.369289,
A:C1325,cWW ,A:G1312,A:G1534,cWW ,A:C1521,0.332814,
A:C1325,ncSS,A:A1269,A:G1534,cSS ,A:A1476,0.332814,
A:U1326,cSS ,A:G1268,A:A1535,cSS ,A:G1475,0.180485,
A:U1326,cWW ,A:A1311,A:A1535,cWW ,A:U1520,0.180485,
A:C1327,cWW ,A:G1310,A:U1536,ntWH,A:U1519,0.335096,
A:C1328,cWW ,A:G1309,A:C1537,cWW ,A:G1518,0.365984,
A:A1329,cWW ,A:U1308,A:U1538,cWW ,A:A1517,0.185132,
A:U1330,cWW ,A:U1307,A:U1539,cWW ,A:U1516,0.194866,
A:G1331,tSH ,A:A1306,A:G1540,tSH ,A:A1515,0.225048,
A:A1332,tHS ,A:G1305,A:A1541,tHS ,A:G1514,0.232262,
A:A1333,cSS ,A:A946,A:A1542,cSS ,A:A1143,0.222078,
A:A1333,tHS ,A:G1304,A:A1542,ntHS,A:G1513,0.222078,
A:G1334,cWW ,A:C1303,A:C1543,cWW ,A:G1512,0.262756,
A:U1335, ,---,A:G1544, ,---,0.573146,
A:C1336, ,---,A:A1545, ,---,0.275379,
A:G1337,cWW ,A:C1237,A:G1546,cWW ,A:C1441,0.275379,
A:G1338, ,---,A:G1547, ,---,0.205166,
A:A1339,tHS ,A:G944,A:A1548,tHS ,A:G1141,0.162000,
A:A1340,cWW ,A:U943,A:A1549,cWW ,A:U1140,0.213394,
A:U1341,cWW ,A:G942,A:U1550,cWW ,A:G1139,0.271477,
A:C1342,cWW ,A:G941,A:U1551,cWW ,A:A1138,0.344291,
A:G1343,cWW ,A:C940,A:U1552,cWW ,A:A1137,0.363937,
A:C1344,cWW ,A:G939,A:C1553,cWW ,A:G1136,0.341589,
A:U1345, ,---,A:U1554, ,---,0.335082,
A:A1346,tHH ,A:A1375,A:A1555,---- ,A:U1584,0.504149,
A:G1347,cSH ,A:U1348,A:G1556,ncSH,A:U1557,0.271899,
A:U1348,cHS ,A:G1347,A:U1557,ncHS,A:G1556,0.422118,
A:U1348,tWH ,A:A1374,A:U1557,s33 ,A:A1583,0.422118,
A:A1349,tHS ,A:G1373,A:A1558,ntHS,A:G1582,0.420334,
A:A1350,cWW ,A:U1372,A:A1559,cWW ,A:U1581,0.345075,
A:U1351,cWW ,A:G1371,A:G1560,cWW ,A:U1580,0.492227,
A:C1352,cWW ,A:G1370,A:U1561,ncWW,A:G1579,0.495761,
A:G1353,cWW ,A:C1369,A:G1562,cWW ,A:C1578,0.190641,
A:U1354,cWW ,A:A1368,A:C1563,cWW ,A:G1577,0.218528,
A:U1354, ,---,A:C1563,tSS ,A:A1455,0.218528,
A:G1355,cWW ,A:C1367,A:A1564,cWW ,A:U1576,0.192845,
A:G1356,cWW ,A:C1366,A:A1565,cWW ,A:U1575,0.243815,
A:A1357,cWW ,A:G1365,A:G1566,cWW ,A:C1574,0.247142,
A:U1358,tWW ,A:A1363,A:U1567, ,---,0.323657,
A:C1359, ,---,A:C1568, ,---,0.342434,
A:A1360,tWH ,A:A978,A:A1569,tWH ,A:A1175,0.465638,
A:A1360,cSS ,A:U1315,A:A1569,cSS ,A:U1524,0.465638,
A:G1361,tSW ,A:A1319,A:U1570,ntSW,A:A1528,0.429678,
---, ,---,A:C1571, ,---, ,
---, ,---,A:A1572, ,---, ,
A:A1362,cWW ,A:U1224,---, ,---, ,
A:A1363,tWW ,A:U1358,---, ,A:U1567, ,
A:U1364, ,---,A:G1573, ,---,0.311347,
A:G1365,cWW ,A:A1357,A:C1574,cWW ,A:G1566,0.393989,
A:C1366,cWW ,A:G1356,A:U1575,cWW ,A:A1565,0.241435,
A:C1367,cWW ,A:G1355,A:U1576,cWW ,A:A1564,0.170252,
A:A1368,cWW ,A:U1354,A:G1577,cWW ,A:C1563,0.198793,
A:C1369,cWW ,A:G1353,A:C1578,cWW ,A:G1562,0.181595,
A:G1370,cWW ,A:C1352,A:G1579,ncWW,A:U1561,0.425500,
A:G1371,cWW ,A:U1351,A:U1580,cWW ,A:G1560,0.492859,
A:U1372,cWW ,A:A1350,A:U1581,cWW ,A:A1559,0.388284,
A:G1373,tSH ,A:A1349,A:G1582,ntSH,A:A1558,0.245919,
A:G1373,---- ,A:A1374,A:G1582,cSH ,A:A1583,0.245919,
A:A1374,tHW ,A:U1348,A:A1583,s33 ,A:U1557,0.504517,
A:A1374,---- ,A:G1373,A:A1583,cHS ,A:G1582,0.504517,
A:A1375,bif ,A:C934,A:U1584,---- ,A:C1131,0.584256,
A:A1375,cSS ,A:G939,A:U1584,ncWS,A:G1136,0.584256,
A:A1375,tHH ,A:A1346,A:U1584,---- ,A:A1555,0.584256,
A:U1376,cSS ,A:A938,A:U1585,cSS ,A:A1135,0.549858,
A:A1377, ,---,A:A1586, ,---,0.442238,
---, ,---,A:U1587, ,---, ,
A:C1378,tHS ,A:A937,---, ,A:C1134, ,
A:G1379,cWW ,A:C936,A:G1588,cWW ,A:C1133,0.456412,
A:U1380,cWW ,A:A935,A:U1589,cWW ,A:A1132,0.456412,
---, ,---,A:C1590,tWH ,A:A1130, ,
---, ,---,A:C1591, ,---, ,
A:U1381, ,---,---, ,---, ,
A:C1382, ,---,---, ,---, ,
A:C1383,cWS ,A:A935,---, ,A:A1132, ,
A:C1384,cWW ,A:G933,---, ,---, ,
A:G1385,cWW ,A:C932,---, ,A:C1129, ,
---, ,A:A935,A:C1592,cWS ,A:A1132, ,
---, ,---,A:U1593,cWW ,A:A1130, ,
---, ,A:C932,A:G1594,cWW ,A:C1129, ,
A:G1386,cWW ,A:C931,A:C1595,cWW ,A:G1128,0.541089,
A:G1387,cWW ,A:C930,A:C1596,cWW ,A:A1127,0.459857,
A:C1388,cWW ,A:G929,A:G1597,cWW ,A:C1126,0.485767,
A:C1389,cWW ,A:G928,A:U1598,cWW ,A:A1125,0.184233,
A:U1390,cWW ,A:G927,A:U1599,cWW ,A:A1124,0.233798,
A:U1391,cWW ,A:G925,A:U1600,cWW ,A:G1122,0.240582,
A:G1392,cWW ,A:C924,A:G1601,cWW ,A:C1121,0.246903,
A:U1393,cWW ,A:A923,A:U1602,cWW ,A:A1120,0.170274,
A:A1394, ,---,A:A1603, ,---,0.354889,
A:C1395,cWW ,A:G922,A:C1604,cWW ,A:G1119,0.209118,
A:C1395,ncSS,A:A1398,A:C1604,cSS ,A:A1607,0.209118,
A:A1396,cWW ,A:U921,A:A1605,cWW ,A:U1118,0.186367,
---, ,---,A:C1606, ,---, ,
A:C1397, ,---,---, ,---, ,
A:A1398,tSS ,A:G922,A:A1607,tSS ,A:G1119,0.189426,
A:A1398,ncSS,A:C1395,A:A1607,cSS ,A:C1604,0.189426,
A:C1399,cWW ,A:G1504,A:C1608,cWW ,A:G1720,0.222884,
A:C1400, ,---,A:C1609, ,---,0.995091,
A:G1401,cWW ,A:C1501,A:G1610,cWW ,A:C1717,0.152577,
A:C1402,cWW ,A:A1500,A:C1611,ncWW,A:A1716,0.199101,
A:C1403,cSW ,A:A1499,A:C1612,cSW ,A:A1715,0.170640,
A:C1404,cWW ,A:G1497,A:C1613,cWW ,A:G1713,0.248506,
A:C1404,cSS ,A:A1519,A:C1613,cSS ,A:A1735,0.248506,
A:G1405,cWW ,A:C1496,A:G1614,cWW ,A:C1712,0.166967,
A:G1405,cSS ,A:A1518,A:G1614,cSS ,A:A1734,0.166967,
A:U1406,ncSS,A:G1517,A:U1615,cSS ,A:G1733,0.180890,
A:C1407,cWW ,A:G1494,A:C1616,cWW ,A:G1710,0.224698,
A:A1408, ,---,A:G1617,cWW ,A:A1708,0.259458,
A:C1409,cWW ,A:G1491,A:C1618,cWW ,A:G1707,0.393758,
A:A1410,cWW ,A:U1490,A:U1619,cWW ,A:A1706,0.212247,
A:C1411,cWW ,A:G1489,A:U1620,cWW ,A:A1705,0.273255,
A:C1412,cWW ,A:G1488,A:G1621,cWW ,A:C1704,0.356612,
A:A1413,cSS ,A:A909,A:U1622,---- ,A:A1106,0.373524,
A:A1413,cWW ,A:G1487,A:U1622,cWW ,A:A1703,0.373524,
A:U1414,cWW ,A:G1486,A:A1623,cWW ,A:A1702,1.732992,
---, ,A:A908,A:G1624,cSS ,A:A1105, ,
---, ,---,A:U1625, ,---, ,
A:G1415,cWW ,A:U1485,A:A1626, ,---,1.929891,
A:G1416,cWW ,A:C1484,A:A1627,cWW ,A:G1698,1.763246,
A:G1417,tSH ,A:A1483,A:C1628, ,---,0.821265,
A:G1417,s33 ,A:G1482,A:C1628,cWW ,A:G1697,0.821265,
A:A1418,tHS ,A:G1482,---, ,A:G1697, ,
A:G1419,cWW ,A:U1481,A:G1629,cWW ,A:U1696,0.819586,
A:U1420,cWW ,A:A1480,A:A1630,cWW ,A:U1695,0.330118,
A:G1421,cWW ,A:C1479,A:A1631,cWW ,A:U1694,0.488287,
A:G1422,cWW ,A:U1478,A:U1632,cWW ,A:A1693,0.466501,
A:G1423,cWW ,A:U1477,A:G1633,cWW ,A:C1692,0.406293,
A:U1424,cWW ,A:A1476,A:G1634,cWW ,A:C1691,0.397350,
A:U1425,cWW ,A:G1475,A:U1635, ,---,0.397350,
A:U1425,---- ,A:U1474,A:U1635,cWW ,A:A1690,0.397350,
A:G1426,cWW ,A:U1474,---, ,A:A1690, ,
A:C1427,cWW ,A:G1473,A:C1636,cWW ,A:U1689,0.392164,
A:A1428,cWW ,A:U1472,A:U1637,cWW ,A:C1688,0.281673,
A:A1429,cWW ,A:U1471,A:G1638,cWW ,A:C1687,0.312384,
A:A1430,cWW ,A:U1470,A:G1639,cWW ,A:C1686,0.312914,
A:A1431,tSH ,A:C1469,A:U1640,cWW ,A:A1685,0.615605,
A:G1432,tSH ,A:A1468,A:G1641,tSH ,A:A1684,0.524197,
A:A1433,cSS ,A:C335,A:A1642,cSS ,A:A398,0.420631,
A:A1433,tHS ,A:C1467,A:A1642,tHS ,A:A1683,0.420631,
A:A1434,bif ,A:C1466,A:A1643,---- ,A:A1680,0.929896,
A:A1434, ,---,A:A1643,cWW ,A:U1682,0.929896,
---, ,---,A:C1644,cWW ,A:G1681, ,
A:G1435,cWW ,A:C1466,A:C1645,bif ,A:A1680,0.903857,
A:U1436,cWW ,A:A1465,A:U1646,cWW ,A:A1679,0.309953,
A:A1437,cWW ,A:U1464,A:U1647,ncWW,A:U1678,0.300003,
A:G1438,cWW ,A:U1463,A:C1648,cWW ,A:A1677,0.302327,
A:G1439,cWW ,A:C1462,A:U1649,cWW ,A:A1676,0.327705,
A:U1440,cWW ,A:G1461,A:G1650,tSH ,A:A1675,0.557825,
---, ,---,A:G1651,tSH ,A:A1674, ,
---, ,---,A:A1652, ,---, ,
A:A1441, ,---,---, ,---, ,
---, ,---,A:C1653,cWW ,A:G1672, ,
A:G1442,cWW ,A:C1460,A:U1654,ncWW,A:G1671,2.165176,
A:C1443,cWW ,A:G1459,A:G1655,cWW ,A:C1670,0.423290,
A:U1444,cWW ,A:G1458,A:C1656,cWW ,A:G1669,0.317076,
A:U1445,cWW ,A:G1457,A:G1657,cWW ,A:U1668,0.411906,
---, ,A:A1456,A:A1658,cWW ,A:U1667, ,
A:A1446,cSS ,A:G148,---, ,A:A176, ,
A:A1447,tSS ,A:C175,---, ,A:C198, ,
A:C1448,cWW ,A:G1455,A:C1659,cWW ,A:G1666,0.350988,
A:C1449,cWW ,A:G1454,A:A1660,cWW ,A:U1665,0.285788,
---, ,---,A:G1661, ,---, ,
---, ,---,A:C1662, ,---, ,
---, ,---,A:A1663, ,---, ,
---, ,---,A:A1664, ,---, ,
A:U1450,tSW ,A:G1453,---, ,---, ,
A:U1451, ,---,---, ,---, ,
A:C1452, ,---,---, ,---, ,
A:G1453,tWS ,A:U1450,---, ,---, ,
A:G1454,cWW ,A:C1449,A:U1665,cWW ,A:A1660,0.285788,
A:G1455,cWW ,A:C1448,A:G1666,cWW ,A:C1659,0.285788,
A:A1456, ,---,A:U1667,cWW ,A:A1658,0.350988,
A:G1457,cWW ,A:U1445,A:U1668,cWW ,A:G1657,0.456009,
A:G1458,cWW ,A:U1444,A:G1669,cWW ,A:C1656,0.411906,
A:G1459,cWW ,A:C1443,A:C1670,cWW ,A:G1655,0.364943,
A:C1460,cWW ,A:G1442,A:G1671,ncWW,A:U1654,2.165176,
---, ,---,A:G1672,cWW ,A:C1653, ,
---, ,---,A:A1673, ,---, ,
---, ,---,A:A1674,tHS ,A:G1651, ,
A:G1461,cWW ,A:U1440,A:A1675,tHS ,A:G1650,2.507290,
A:C1462,cWW ,A:G1439,A:A1676,cWW ,A:U1649,0.467342,
A:U1463,cWW ,A:G1438,A:A1677,cWW ,A:C1648,0.266490,
A:U1464,cWW ,A:A1437,A:U1678,ncWW,A:U1647,0.292375,
A:A1465,cWW ,A:U1436,A:A1679,cWW ,A:U1646,0.287548,
A:C1466,bif ,A:A1434,A:A1680,---- ,A:A1643,1.024930,
A:C1466,cWW ,A:G1435,A:A1680,bif ,A:C1645,1.024930,
---, ,---,A:G1681,cWW ,A:C1644, ,
---, ,A:A1434,A:U1682,cWW ,A:A1643, ,
A:C1467,tSH ,A:A1433,A:A1683,tSH ,A:A1642,1.177438,
A:A1468,tHS ,A:G1432,A:A1684,tHS ,A:G1641,0.507048,
A:C1469,tHS ,A:A1431,A:A1685,cWW ,A:U1640,0.583615,
A:U1470,cWW ,A:A1430,A:C1686,cWW ,A:G1639,0.575037,
A:U1471,cWW ,A:A1429,A:C1687,cWW ,A:G1638,0.262739,
A:U1472,cWW ,A:A1428,A:C1688,cWW ,A:U1637,0.316295,
A:G1473,cWW ,A:C1427,A:U1689,cWW ,A:C1636,0.398273,
A:U1474,cWW ,A:G1426,A:A1690, ,---,0.398273,
A:U1474,---- ,A:U1425,A:A1690,cWW ,A:U1635,0.398273,
A:G1475,cWW ,A:U1425,---, ,A:U1635, ,
A:A1476,cWW ,A:U1424,A:C1691,cWW ,A:G1634,0.400372,
A:U1477,cWW ,A:G1423,A:C1692,cWW ,A:G1633,0.440889,
A:U1478,cWW ,A:G1422,A:A1693,cWW ,A:U1632,0.447639,
A:C1479,cWW ,A:G1421,A:U1694,cWW ,A:A1631,0.490395,
A:A1480,cWW ,A:U1420,A:U1695,cWW ,A:A1630,0.362299,
A:U1481,cWW ,A:G1419,A:U1696,cWW ,A:G1629,0.205086,
A:G1482,tSH ,A:A1418,A:G1697, ,---,0.819586,
A:G1482,s33 ,A:G1417,A:G1697,cWW ,A:C1628,0.819586,
A:A1483,tHS ,A:G1417,---, ,A:C1628, ,
A:C1484,cWW ,A:G1416,A:G1698,cWW ,A:A1627,0.821265,
---, ,---,A:A1699, ,---, ,
---, ,---,A:A1700, ,---, ,
---, ,---,A:C1701, ,---, ,
A:U1485,cWW ,A:G1415,---, ,A:A1626, ,
A:G1486,cWW ,A:U1414,A:A1702,cWW ,A:A1623,1.929891,
A:G1487,cWW ,A:A1413,A:A1703,cWW ,A:U1622,1.827240,
A:G1488,cWW ,A:C1412,A:C1704,cWW ,A:G1621,0.430578,
A:G1489,cWW ,A:C1411,A:A1705,cWW ,A:U1620,0.273925,
A:U1490,cWW ,A:A1410,A:A1706,cWW ,A:U1619,0.224354,
A:G1491,cWW ,A:C1409,A:G1707,cWW ,A:C1618,0.212247,
---, ,A:A1408,A:A1708,cWW ,A:G1617, ,
---, ,---,A:A1709, ,---, ,
A:A1492, ,---,---, ,---, ,
A:A1493, ,---,---, ,---, ,
A:G1494,cWW ,A:C1407,A:G1710,cWW ,A:C1616,0.259458,
A:U1495, ,---,A:U1711, ,---,0.193352,
A:C1496,cWW ,A:G1405,A:C1712,cWW ,A:G1614,0.161964,
A:G1497,cWW ,A:C1404,A:G1713,cWW ,A:C1613,0.142806,
A:G1497,tSS ,A:A1518,A:G1713,tSS ,A:A1734,0.142806,
A:G1497,tSS ,A:A1519,A:G1713,---- ,A:A1735,0.142806,
A:U1498,cSH ,A:A1499,A:U1714,---- ,A:A1715,0.234471,
A:A1499,cWS ,A:C1403,A:A1715,cWS ,A:C1612,0.238212,
A:A1499,cHS ,A:U1498,A:A1715,---- ,A:U1714,0.238212,
A:A1500,cWW ,A:C1402,A:A1716,ncWW,A:C1611,0.242240,
A:C1501,cWW ,A:G1401,A:C1717,cWW ,A:G1610,0.196927,
A:A1502,tSS ,A:C924,A:A1718, ,A:C1121,0.247619,
---, ,---,A:A1719, ,---, ,
A:A1503, ,---,---, ,---, ,
A:G1504,cWW ,A:C1399,A:G1720,cWW ,A:C1608,0.222884,
---, ,---,A:G1721, ,---, ,
---, ,---,A:U1722, ,---, ,
A:G1505, ,---,---, ,---, ,
A:U1506, ,---,---, ,---, ,
A:A1507,cWW ,A:U1528,A:A1723,cWW ,A:U1744,0.380322,
A:A1508,cWW ,A:U1527,A:U1724,cWW ,A:A1743,0.202262,
A:C1509,cWW ,A:G1526,A:C1725,cWW ,A:G1742,0.249141,
A:C1510,cWW ,A:G1525,A:U1726,cWW ,A:A1741,0.152054,
A:G1511,tSS ,A:A767,A:G1727,tSS ,A:A956,0.145258,
A:G1511,cSS ,A:U813,A:G1727,cSS ,A:U1002,0.145258,
A:G1511,cWW ,A:C1524,A:G1727,cWW ,A:C1740,0.145258,
A:U1512,cWW ,A:G1523,A:U1728,cWW ,A:G1739,0.199524,
A:A1513,cWW ,A:U1522,A:A1729,cWW ,A:U1738,0.195274,
A:G1514,cWW ,A:C1521,A:G1730,cWW ,A:C1737,0.146097,
A:G1515,cWW ,A:C1520,A:G1731,cWW ,A:C1736,0.282688,
A:G1516, ,---,A:U1732, ,---,0.282688,
A:G1517,ncSS,A:U1406,A:G1733,cSS ,A:U1615,0.159689,
A:A1518,cSS ,A:G1405,A:A1734,cSS ,A:G1614,0.138927,
A:A1518,tSS ,A:G1497,A:A1734,tSS ,A:G1713,0.138927,
A:A1519,cSS ,A:C1404,A:A1735,cSS ,A:C1613,0.208364,
A:A1519,tSS ,A:G1497,A:A1735,---- ,A:G1713,0.208364,
A:C1520,cWW ,A:G1515,A:C1736,cWW ,A:G1731,0.289230,
A:C1521,cWW ,A:G1514,A:C1737,cWW ,A:G1730,0.142187,
A:U1522,cWW ,A:A1513,A:U1738,cWW ,A:A1729,0.169937,
A:G1523,cWW ,A:U1512,A:G1739,cWW ,A:U1728,0.187121,
A:C1524,cSS ,A:A767,A:C1740,---- ,A:A956,0.176455,
A:C1524,cWW ,A:G1511,A:C1740,cWW ,A:G1727,0.176455,
A:G1525,cSS ,A:A766,A:A1741,ncSS,A:A955,0.115423,
A:G1525,cWW ,A:C1510,A:A1741,cWW ,A:U1726,0.115423,
A:G1526,cWW ,A:C1509,A:G1742,cWW ,A:C1725,0.220698,
A:U1527,cWW ,A:A1508,A:A1743,cWW ,A:U1724,0.230608,
A:U1528,cWW ,A:A1507,A:U1744,cWW ,A:A1723,0.380322,
---, ,---,A:G1745, ,---, ,
A:G1529,cWW ,A:C817,---, ,A:C1006, ,
A:G1530, ,---,A:G1746, ,---,0.380322,
---, ,---,A:A1747, ,---, ,
---, ,---,A:U1748, ,---, ,
---, ,---,A:C1749, ,---, ,
---, ,---,A:A1750, ,---, ,
---, ,---,A:U1751,tSW ,A:A1753, ,
---, ,---,A:U1752, ,---, ,
---, ,---,A:A1753,tWS ,A:U1751, ,
A:A1531, ,---,---, ,---, ,
A:U1532, ,---,---, ,---, ,
A:C1533, ,---,---, ,---, ,
A:A1534, ,---,---, ,---, ,
