,2QBD,,,3I8H,,Discrepancy,
A:U5, ,---,A:U5, ,---,0.531475,
A:G6, ,---,A:G6, ,---,0.389090,
A:A7, ,---,A:G7, ,---,0.361123,
A:A8, ,---,A:A8, ,---,0.180644,
A:G9,cWW ,A:C25,A:G9,cWW ,A:C25,0.100099,
A:G9,cHS ,A:A559,A:G9,cHS ,A:A559,0.100099,
A:A10,cWW ,A:U24,A:A10,cWW ,A:U24,0.090604,
A:G11,cWW ,A:C23,A:G11,cWW ,A:C23,0.099220,
A:U12,cWW ,A:G22,A:U12,cWW ,A:G22,0.124600,
A:U13,tHW ,A:U20,A:U13,tHW ,A:U20,0.219718,
A:U13,cWH ,A:A915,A:U13,cWH ,A:A915,0.219718,
A:U14, ,---,A:U14, ,---,0.133226,
A:G15,cWW ,A:U920,A:G15,cWW ,A:U920,0.135024,
A:A16,ncSS,A:A1080,A:A16,cSS ,A:A1080,0.106855,
A:U17,cWW ,A:A918,A:U17,cWW ,A:A918,0.091840,
A:U17,ncSS,A:G1079,A:U17,cSS ,A:G1079,0.091840,
A:C18,cWW ,A:G917,A:C18,cWW ,A:G917,0.148816,
A:C18,ncSS,A:A864,A:C18,cSS ,A:A864,0.148816,
A:A19,cWW ,A:U916,A:C19,cWW ,A:G916,0.239111,
A:A19,---- ,A:A572,A:C19,tSS ,A:A572,0.239111,
A:U20,tWH ,A:U13,A:U20,tWH ,A:U13,0.177781,
A:G21,tSH ,A:A914,A:G21,tSH ,A:A914,0.145506,
A:G22,cWW ,A:U12,A:G22,cWW ,A:U12,0.177490,
A:G22,tSS ,A:A913,A:G22,tSS ,A:A913,0.177490,
A:C23,cWW ,A:G11,A:C23,cWW ,A:G11,0.087224,
A:U24,cWW ,A:A10,A:U24,cWW ,A:A10,0.092325,
A:C25,cWW ,A:G9,A:C25,cWW ,A:G9,0.081522,
A:C25,bif ,A:A559,A:C25,bif ,A:A559,0.081522,
A:A26,tHS ,A:G558,A:A26,tHS ,A:G558,0.100099,
A:G27,cWW ,A:C556,A:G27,cWW ,A:C556,0.209795,
A:A28,cWW ,A:U555,A:G28,cWW ,A:C555,0.227286,
A:U29,cWW ,A:A554,A:G29,cWW ,A:C554,0.254283,
A:U30,cWW ,A:A553,A:U30,cWW ,A:A553,0.188131,
A:G31, ,---,A:G31, ,---,0.355321,
A:A32,cWW ,A:U552,A:A32,cWW ,A:U552,0.135828,
A:A33,cWW ,A:U551,A:A33,cWW ,A:U551,0.137468,
A:C34,cWW ,A:G550,A:C34,cWW ,A:G550,0.118613,
A:G35,cWW ,A:C549,A:G35,cWW ,A:C549,0.112551,
A:C36,cWW ,A:G548,A:C36,cWW ,A:G548,0.124076,
A:U37,tWW ,A:A397,A:U37,ntWW,A:A397,0.267313,
A:G38, ,---,A:G38, ,---,0.264159,
A:G39,cWW ,A:C403,A:G39,cWW ,A:C403,0.154174,
A:C40,cWW ,A:G402,A:C40,cWW ,A:G402,0.099970,
A:G41,cWW ,A:C401,A:G41,cWW ,A:C401,0.099314,
A:G42,cWW ,A:C400,A:G42,cWW ,A:C400,0.107171,
A:G42,tSS ,A:A622,A:G42,tSS ,A:A622,0.107171,
A:C43,cWW ,A:G399,A:C43,cWW ,A:G399,0.109243,
A:A44,cWW ,A:U398,A:G44,cWW ,A:C398,0.393600,
A:G45,cWW ,A:C396,A:U45,cWW ,A:G396,0.517477,
A:G46,cWW ,A:C395,A:G46,cWW ,A:C395,0.379797,
A:C47,cWW ,A:G361,A:C47,cWW ,A:G361,0.185584,
A:C48, ,---,A:C48, ,---,0.183574,
A:U49,cWS ,A:G362,A:U49,cWS ,A:G362,0.137584,
A:U49,ntHW,A:U365,A:U49,tHW ,A:U365,0.137584,
A:A50, ,---,A:A50, ,---,0.386906,
A:A51,ncHS,A:U114,A:A51,cHS ,A:U114,0.116207,
A:C52,cWW ,A:G359,A:G52,cWW ,A:U359,0.400404,
A:A53,cWW ,A:U358,A:A53,cWW ,A:U358,0.327067,
A:C54,cWW ,A:G357,A:C54,cWW ,A:G357,0.076272,
A:A55,tHS ,A:G357,A:A55,tHS ,A:G357,0.082681,
A:A55,tWW ,A:U368,A:A55,tWW ,A:U368,0.082681,
A:U56,cWW ,A:A356,A:U56,cWW ,A:A356,0.080266,
A:G57,cWW ,A:C355,A:G57,cWW ,A:C355,0.109792,
A:C58,cWW ,A:G354,A:C58,cWW ,A:G354,0.108541,
A:A59, ,---,A:A59, ,---,0.113018,
A:A60,ntSS,A:G107,A:A60,tSS ,A:G107,0.114183,
A:G61,cWW ,A:C106,A:G61,cWW ,A:C106,0.091075,
A:U62,cWW ,A:G105,A:U62,cWW ,A:G105,0.050758,
A:C63,cWW ,A:G104,A:C63,cWW ,A:G104,0.052646,
A:G64,cWH ,A:G68,A:G64,cWH ,A:G68,0.570307,
---, ,---,A:U65, ,---, ,
A:A65, ,---,---, ,---, ,
A:A66,cWW ,A:U103,A:G66,cWW ,A:C103,0.204251,
A:A66,cSS ,A:A172,A:G66,ncSS,A:A172,0.204251,
A:C67,cWW ,A:G102,A:C67,cWW ,A:G102,0.203284,
A:C67,cSS ,A:A171,A:C67,cSS ,A:A171,0.203284,
A:G68,cHW ,A:G64,A:G68,cHW ,A:G64,0.215058,
A:G68,cWW ,A:A101,A:G68,cWW ,A:A101,0.215058,
---, ,---,A:G69,cWW ,A:C99, ,
---, ,---,A:G73, ,---, ,
A:G69,cWW ,A:C99,---, ,---, ,
A:G69,tSH ,A:G100,---, ,---, ,
A:U70,cWW ,A:A98,---, ,A:U97, ,
A:A71,cWS ,A:C99,---, ,---, ,
A:A72, ,---,---, ,---, ,
A:C73,cWW ,A:G97,A:C74,cWW ,A:G96,0.267182,
A:A74,cWW ,A:U96,A:C75,cWW ,A:G95,0.279517,
A:G75,cWW ,A:C95,A:G76,cWW ,A:U93,0.417584,
A:G76,cWW ,A:U93,A:C77,cWW ,A:G92,0.634966,
A:A77,cWW ,A:U92,A:G78,cWW ,A:C91,0.602564,
A:A78,cWW ,A:U91,A:G79,cWW ,A:C90,0.546535,
A:G79,cWW ,A:C90,A:G80,cWW ,A:U89,0.461655,
---, ,A:U89,A:G81,cWW ,A:C88, ,
---, ,---,A:U82,cWW ,A:A87, ,
---, ,---,A:U84, ,---, ,
---, ,---,A:U85, ,---, ,
---, ,---,A:U86, ,---, ,
A:A80,cWW ,A:U89,---, ,A:C88, ,
A:A81,cWW ,A:U88,---, ,---, ,
A:G82,cWW ,A:C87,---, ,---, ,
A:C83,cWW ,A:G86,---, ,---, ,
A:U84, ,---,---, ,---, ,
A:U85, ,---,---, ,---, ,
A:G86,cWW ,A:C83,---, ,---, ,
A:C87,cWW ,A:G82,---, ,---, ,
A:U88,cWW ,A:A81,---, ,---, ,
---, ,---,A:A87,cWW ,A:U82, ,
A:U89,cWW ,A:A80,A:C88, ,---,0.461655,
A:U89, ,---,A:C88,cWW ,A:G81,0.461655,
A:C90,cWW ,A:G79,A:U89,cWW ,A:G80,0.461655,
A:U91,cWW ,A:A78,A:C90,cWW ,A:G79,0.433622,
A:U92,cWW ,A:A77,A:C91,cWW ,A:G78,0.563512,
A:U93,cWW ,A:G76,A:G92,cWW ,A:C77,0.656710,
A:G94,cWH ,A:G97,---, ,A:G96, ,
A:C95,cWW ,A:G75,A:U93,cWW ,A:G76,0.521543,
A:U96,cWW ,A:A74,A:G95,cWW ,A:C75,0.300590,
A:G97,cWW ,A:C73,A:G96,cWW ,A:C74,0.267182,
A:G97,cHW ,A:G94,A:G96, ,---,0.267182,
A:A98,cWW ,A:U70,A:U97, ,---,0.486541,
---, ,---,A:C99,cWW ,A:G69, ,
A:C99,cWW ,A:G69,---, ,---, ,
A:C99,cSW ,A:A71,---, ,---, ,
A:G100,tHS ,A:G69,---, ,---, ,
A:A101,cWW ,A:G68,A:A101,cWW ,A:G68,0.230496,
A:G102,cWW ,A:C67,A:G102,cWW ,A:C67,0.204106,
A:G102,cSS ,A:A151,A:G102,cSS ,A:A151,0.204106,
A:U103,cWW ,A:A66,A:C103,cWW ,A:G66,0.167529,
A:U103,ntSS,A:A171,A:C103,tSS ,A:A171,0.167529,
A:U103,ntSS,A:A172,A:C103,tSS ,A:A172,0.167529,
A:G104,cWW ,A:C63,A:G104,cWW ,A:C63,0.110876,
A:G105,cWW ,A:U62,A:G105,cWW ,A:U62,0.052646,
A:C106,cWW ,A:G61,A:C106,cWW ,A:G61,0.049975,
A:G107,ntSS,A:A60,A:G107,tSS ,A:A60,0.190259,
A:G108, ,---,A:G108, ,---,0.269903,
A:A109,tHS ,A:G324,A:A109,tHS ,A:G324,0.239133,
A:C110, ,---,A:C110, ,---,0.112102,
A:G111,bif ,A:G331,A:G111,bif ,A:G331,0.139907,
A:G112,cWW ,A:A315,A:G112,cWW ,A:A315,0.168976,
A:G113,cWW ,A:C314,A:G113,cWW ,A:C314,0.119186,
A:G113, ,---,A:G113,cSS ,A:A353,0.119186,
A:U114,cWW ,A:A313,A:U114,cWW ,A:A313,0.116695,
A:U114,ncSH,A:A51,A:U114,cSH ,A:A51,0.116695,
A:G115,cWW ,A:C312,A:G115,cWW ,A:C312,0.123217,
A:A116, ,---,A:A116, ,---,0.137830,
A:G117, ,---,A:G117, ,---,0.144309,
A:U118, ,---,A:U118, ,---,0.172012,
A:A119,tHW ,A:U287,A:A119,tHW ,A:U287,0.271590,
A:A120, ,---,A:A120, ,---,0.230263,
---, ,---,A:C121, ,---, ,
A:U121, ,---,---, ,---, ,
A:G122,cWW ,A:U239,A:G122,cWW ,A:U239,0.254636,
A:U123,cWW ,A:A238,A:C123,cWW ,A:G238,0.235588,
A:C124,cWW ,A:G237,A:G124,cWW ,A:C237,0.382504,
A:U125,cWW ,A:A236,A:U125,cWW ,A:G236,0.401586,
A:G126,cWW ,A:C235,A:G126,cWW ,A:C235,0.279268,
A:G127,cWW ,A:C234,A:G127,cWW ,A:C234,0.153632,
A:G128,cWW ,A:C233,A:G128,cWW ,A:C233,0.343515,
A:A129,cWW ,A:G232,A:U129,cWW ,A:G232,0.414505,
---, ,---,A:G129A, ,---, ,
A:A130, ,---,A:A130, ,---,0.452090,
A:A131,cWW ,A:U231,A:C131,cWW ,A:G231,0.459413,
A:A131,cSS ,A:A262,A:C131,cSS ,A:A262,0.459413,
A:C132,cWW ,A:G230,A:C132,cWW ,A:G230,0.320193,
A:U133,cWW ,A:U229,A:U133,cWW ,A:U229,0.114702,
A:G134, ,---,A:A134, ,---,0.163936,
A:C135, ,---,A:C135, ,---,0.207712,
A:C136,cWW ,A:G227,A:C136,cWW ,A:G227,0.281228,
A:U137,cWW ,A:G226,A:C137,cWW ,A:G226,0.258900,
A:G138,cWW ,A:C225,A:G138,cWW ,A:C225,0.192828,
A:A139,cWW ,A:U224,A:G139,cWW ,A:C224,0.236712,
A:U140,cWW ,A:A223,A:A140,cWW ,A:U223,0.327095,
A:G141,cWW ,A:C222,A:A141,cWW ,A:U222,0.296723,
A:G142,tSS ,A:A196,A:G142,tSS ,A:A196,0.214455,
A:G142,cWW ,A:C221,A:G142,cWW ,A:C221,0.214455,
A:A143, ,---,A:A143, ,---,0.230781,
A:G144,cWW ,A:C178,A:G144,cWW ,A:C178,0.238278,
A:G145,cWH ,A:G177,A:G145, ,---,0.213754,
A:G145, ,---,A:G145,cWW ,A:C177,0.213754,
A:G146,cWW ,A:C176,A:G146,cWW ,A:C176,0.260467,
A:G147,cWW ,A:C175,A:G147,cWW ,A:C175,0.294943,
A:G148,cWW ,A:A174,A:G148,cWW ,A:C174,0.426844,
A:G148,cSS ,A:A1446,A:G148, ,---,0.426844,
A:A149,tWH ,A:A172,A:A149,tWH ,A:A172,0.493341,
A:U150,tWH ,A:A171,A:C150,tWH ,A:A171,0.465642,
A:A151,cSS ,A:G102,A:A151,cSS ,A:G102,0.484377,
A:A151,tHW ,A:U170,A:A151,tHW ,A:U170,0.484377,
A:A152,tHW ,A:C169,A:A152,ns33,A:C169,0.265735,
A:C153,cWW ,A:G168,A:C153,cWW ,A:G168,0.271048,
A:U154,cWW ,A:A167,A:C154,cWW ,A:G167,0.117038,
A:A155,cWW ,A:U166,A:C155,cWW ,A:G166,0.400133,
A:C156,cWW ,A:G165,A:G156,cWW ,A:C165,0.484777,
A:U157,cWW ,A:G164,A:G157,cWW ,A:U164,0.479882,
A:G158,cWW ,A:C163,A:G158,cWW ,A:C163,0.475628,
A:G159,tSH ,A:A162,A:G159,---- ,A:A162,0.573993,
A:A160,tWS ,A:G347,A:A160,ntWS,A:G347,0.458683,
A:A161, ,---,A:A161, ,---,0.449729,
A:A162,tHS ,A:G159,A:A162,---- ,A:G159,0.398760,
A:C163,cWW ,A:G158,A:C163,cWW ,A:G158,0.573993,
A:G164,cWW ,A:U157,A:U164,cWW ,A:G157,0.654368,
A:G165,cWW ,A:C156,A:C165,cWW ,A:G156,0.479882,
A:U166,cWW ,A:A155,A:G166,cWW ,A:C155,0.421063,
A:A167,cWW ,A:U154,A:G167,cWW ,A:C154,0.114788,
A:G168,cWW ,A:C153,A:G168,cWW ,A:C153,0.176337,
A:C169,tWH ,A:A152,A:C169,ns33,A:A152,0.288943,
A:U170,tWH ,A:A151,A:U170,tWH ,A:A151,0.454489,
A:A171,cSS ,A:C67,A:A171,cSS ,A:C67,0.466872,
A:A171,tHW ,A:U150,A:A171,tHW ,A:C150,0.466872,
A:A171,ntSS,A:U103,A:A171,tSS ,A:C103,0.466872,
A:A172,cSS ,A:A66,A:A172,ncSS,A:G66,0.373562,
A:A172,tHW ,A:A149,A:A172,tHW ,A:A149,0.373562,
A:A172,ntSS,A:U103,A:A172,tSS ,A:C103,0.373562,
A:U173, ,---,A:U173, ,---,0.239388,
A:A174,cWW ,A:G148,A:C174,cWW ,A:G148,0.432575,
A:C175,cWW ,A:G147,A:C175,cWW ,A:G147,0.286620,
A:C175,tSS ,A:A1447,A:C175, ,---,0.286620,
A:C176,cWW ,A:G146,A:C176,cWW ,A:G146,0.294943,
---, ,A:G145,A:C177,cWW ,A:G145, ,
A:G177,cHW ,A:G145,---, ,A:G145, ,
A:C178,cWW ,A:G144,A:C178,cWW ,A:G144,0.213754,
A:A179,tWH ,A:A196,A:A179,ntWH,A:A196,0.157907,
A:U180,tWH ,A:A195,A:U180,tWH ,A:A195,0.240665,
A:A181, ,---,A:G181,cSH ,A:U182,0.374236,
---, ,A:A181,A:U182,cHS ,A:G181, ,
---, ,A:C194,A:G183,cWW ,A:C194, ,
A:A182, ,---,---, ,---, ,
A:C183, ,---,---, ,---, ,
A:G184,cWW ,A:C193,A:G184,cWW ,A:C193,0.275121,
A:U185,cWW ,A:A192,A:A185,cWW ,A:U192,0.233967,
A:C186,cWW ,A:G191,A:C186,cWW ,A:G191,0.401766,
A:G187,tSH ,A:A190,A:C186A, ,---,0.401766,
A:G187, ,---,A:C186A,cWW ,A:U191F,0.401766,
---, ,---,A:C186B,cWW ,A:G191E, ,
---, ,---,A:G186C,cWW ,A:U191D, ,
---, ,---,A:C186D,cWW ,A:G191C, ,
---, ,---,A:C186E,cWW ,A:G191B, ,
---, ,---,A:C186F,cWW ,A:G191A, ,
---, ,---,A:C187, ,---, ,
---, ,---,A:U188, ,---, ,
---, ,---,A:U189, ,---, ,
---, ,---,A:G190, ,---, ,
A:C188, ,---,---, ,---, ,
A:A189, ,---,---, ,---, ,
A:A190,tHS ,A:G187,---, ,A:C186A, ,
---, ,---,A:G191A,cWW ,A:C186F, ,
---, ,---,A:G191B,cWW ,A:C186E, ,
---, ,---,A:G191C,cWW ,A:C186D, ,
---, ,---,A:U191D,cWW ,A:G186C, ,
---, ,---,A:G191E,cWW ,A:C186B, ,
---, ,A:G187,A:U191F,cWW ,A:C186A, ,
A:G191,cWW ,A:C186,A:G191,cWW ,A:C186,0.415851,
A:A192,cWW ,A:U185,A:U192,cWW ,A:A185,0.211015,
A:C193,cWW ,A:G184,A:C193,cWW ,A:G184,0.275121,
A:C194, ,---,A:C194,cWW ,A:G183,0.370627,
A:A195,tHW ,A:U180,A:A195,tHW ,A:U180,0.240665,
A:A195,cSS ,A:C222,A:A195,---- ,A:U222,0.240665,
A:A196,tSS ,A:G142,A:A196,tSS ,A:G142,0.251180,
A:A196,tHW ,A:A179,A:A196,ntHW,A:A179,0.251180,
A:A196,cSS ,A:C221,A:A196,---- ,A:C221,0.251180,
A:A197, ,---,A:A197, ,---,0.276726,
A:G198,cWW ,A:U219,A:G198,cWW ,A:C219,0.260449,
A:A199,cWW ,A:U218,A:G199,cWW ,A:C218,0.288290,
A:G200,cWW ,A:C217,A:G200,cWW ,A:C217,0.415507,
A:G201,cWW ,A:U216,A:C201,cWW ,A:G216,0.463388,
---, ,---,A:U208, ,---, ,
---, ,---,A:U209, ,---, ,
---, ,---,A:U210, ,---, ,
A:G202,cWW ,A:C215,---, ,---, ,
A:G203,cWW ,A:C214,---, ,---, ,
A:G204, ,---,---, ,---, ,
A:A205, ,---,---, ,---, ,
A:C206,cWW ,A:G213,---, ,---, ,
A:C207,cWW ,A:G212,---, ,---, ,
A:U208,tSW ,A:G211,---, ,---, ,
A:U209, ,---,---, ,---, ,
A:C210, ,---,---, ,---, ,
A:G211,tWS ,A:U208,---, ,---, ,
A:G212,cWW ,A:C207,---, ,---, ,
A:G213,cWW ,A:C206,---, ,---, ,
A:C214,cWW ,A:G203,---, ,---, ,
A:C215,cWW ,A:G202,---, ,---, ,
A:U216,cWW ,A:G201,A:G216,cWW ,A:C201,0.463388,
A:C217,cWW ,A:G200,A:C217,cWW ,A:G200,0.463388,
A:U218,cWW ,A:A199,A:C218,cWW ,A:G199,0.189315,
A:U219,cWW ,A:G198,A:C219,cWW ,A:G198,0.262996,
A:G220, ,---,A:G220, ,---,0.334330,
A:C221,cWW ,A:G142,A:C221,cWW ,A:G142,0.230781,
A:C221,cSS ,A:A196,A:C221,---- ,A:A196,0.230781,
A:C222,cWW ,A:G141,A:U222,cWW ,A:A141,0.282519,
A:C222,cSS ,A:A195,A:U222,---- ,A:A195,0.282519,
A:A223,cWW ,A:U140,A:U223,cWW ,A:A140,0.315987,
A:U224,cWW ,A:A139,A:C224,cWW ,A:G139,0.258938,
A:C225,cWW ,A:G138,A:C225,cWW ,A:G138,0.120523,
A:G226,cWW ,A:U137,A:G226,cWW ,A:C137,0.219479,
A:G227,cWW ,A:C136,A:G227,cWW ,A:C136,0.314481,
A:A228, ,---,A:A228, ,---,0.190688,
A:U229,cWW ,A:U133,A:U229,cWW ,A:U133,0.169046,
A:G230,cWW ,A:C132,A:G230,cWW ,A:C132,0.293978,
A:U231,cWW ,A:A131,A:G231,cWW ,A:C131,0.319640,
A:G232,cWW ,A:A129,A:G232,cWW ,A:U129,0.439118,
A:G232,tSS ,A:A263,A:G232,ntSS,A:A263,0.439118,
A:C233,cWW ,A:G128,A:C233,cWW ,A:G128,0.348011,
A:C234,cWW ,A:G127,A:C234,cWW ,A:G127,0.147153,
A:C235,cWW ,A:G126,A:C235,cWW ,A:G126,0.262921,
A:A236,cWW ,A:U125,A:G236,cWW ,A:U125,0.380409,
A:G237,cWW ,A:C124,A:C237,cWW ,A:G124,0.441836,
A:A238,cWW ,A:U123,A:G238,cWW ,A:C123,0.297440,
A:U239,cWW ,A:G122,A:U239,cWW ,A:G122,0.238354,
A:G240,cWW ,A:C286,A:C240,cWW ,A:G286,0.286466,
A:G241,cWW ,A:C285,A:C241,cWW ,A:G285,0.151542,
A:G242,cWW ,A:C284,A:C242,cWW ,A:G284,0.233505,
A:A243,tWH ,A:A282,A:A243,tWH ,A:A282,0.129253,
A:U244,cWW ,A:C893,A:U244,cWW ,A:C893,0.096324,
A:U245,cWW ,A:U283,A:C245,cWW ,A:C283,0.256434,
A:A246,tSS ,A:G278,A:A246,tSS ,A:G278,0.117527,
A:A246,tHS ,A:G281,A:A246,tHS ,A:G281,0.117527,
A:G247,cWW ,A:C277,A:G247,cWW ,A:C277,0.112805,
A:G247,tSS ,A:A282,A:G247,tSS ,A:A282,0.112805,
A:C248,cWW ,A:G276,A:C248,cWW ,A:G276,0.064954,
A:U249,cWW ,A:G275,A:U249,cWW ,A:G275,0.085779,
---, ,---,A:A250, ,---, ,
A:A250, ,---,---, ,---, ,
A:G251,cSH ,A:G254,A:G251,ncWH,A:G254,0.263299,
A:U252,cWW ,A:A274,A:U252,cWW ,A:A274,0.315424,
A:A253,cWW ,A:U273,A:U253,cWW ,A:A273,0.220221,
A:G254,cHS ,A:G251,A:G254,ncHW,A:G251,0.172563,
A:G254,cWW ,A:C272,A:G254,cWW ,A:C272,0.172563,
A:G255,cWW ,A:C271,A:G255,cWW ,A:C271,0.082405,
A:U256,cWW ,A:A270,A:U256,cWW ,A:A270,0.094353,
A:G257,cWW ,A:C269,A:G257,cWW ,A:C269,0.143394,
A:G258,cWW ,A:U268,A:G258,cWW ,A:C268,0.275423,
A:G259,cWW ,A:C267,A:G259,cWW ,A:C267,0.319889,
A:G260, ,---,A:G260, ,---,0.255093,
A:U261, ,---,A:U261, ,---,0.223438,
A:A262,cSS ,A:A131,A:A262,cSS ,A:C131,0.252884,
A:A263,tSS ,A:G232,A:A263,ntSS,A:G232,0.189265,
A:C264, ,---,A:U264, ,---,0.215302,
A:G265, ,---,A:G265, ,---,0.253770,
---, ,---,A:G266, ,---, ,
A:G266, ,---,---, ,---, ,
A:C267,cWW ,A:G259,A:C267,cWW ,A:G259,0.206473,
A:U268,cWW ,A:G258,A:C268,cWW ,A:G258,0.262743,
A:C269,cWW ,A:G257,A:C269,cWW ,A:G257,0.238771,
A:A270,cWW ,A:U256,A:A270,cWW ,A:U256,0.081343,
A:C271,cWW ,A:G255,A:C271,cWW ,A:G255,0.091444,
A:C272,cWW ,A:G254,A:C272,cWW ,A:G254,0.147401,
A:U273,cWW ,A:A253,A:A273,cWW ,A:U253,0.217860,
A:A274,cWW ,A:U252,A:A274,cWW ,A:U252,0.200680,
A:G275,cWW ,A:U249,A:G275,cWW ,A:U249,0.151376,
A:G276,cWW ,A:C248,A:G276,cWW ,A:C248,0.085779,
A:C277,cWW ,A:G247,A:C277,cWW ,A:G247,0.107114,
A:C277,cSS ,A:A282,A:C277,cSS ,A:A282,0.107114,
A:G278,tSS ,A:A246,A:G278,tSS ,A:A246,0.128684,
---, ,---,A:A279, ,---, ,
A:A279, ,---,---, ,---, ,
A:C280, ,---,A:C280, ,---,0.242396,
A:G281,tSH ,A:A246,A:G281,tSH ,A:A246,0.122320,
A:A282,tHW ,A:A243,A:A282,tHW ,A:A243,0.091141,
A:A282,tSS ,A:G247,A:A282,tSS ,A:G247,0.091141,
A:A282,cSS ,A:C277,A:A282,cSS ,A:C277,0.091141,
A:U283,cWW ,A:U245,A:C283,cWW ,A:C245,0.237237,
A:C284,cWW ,A:G242,A:G284,cWW ,A:C242,0.240916,
A:C285,cWW ,A:G241,A:G285,cWW ,A:C241,0.140159,
A:C286,cWW ,A:G240,A:G286,cWW ,A:C240,0.255753,
A:U287,tWH ,A:A119,A:U287,tWH ,A:A119,0.296944,
A:A288, ,---,A:A288, ,---,0.281949,
A:G289,cWW ,A:C311,A:G289,cWW ,A:C311,0.105216,
A:C290,cWW ,A:G310,A:C290,cWW ,A:G310,0.088188,
A:U291,cWW ,A:A309,A:C291,cWW ,A:G309,0.147557,
A:G292,cWW ,A:C308,A:G292,cWW ,A:C308,0.132173,
A:G292,tSW ,A:A608,A:G292,tSW ,A:A608,0.132173,
A:G293,cWW ,A:U304,A:G293,cWW ,A:U304,0.126323,
A:U294,cWW ,A:A303,A:U294,cWW ,A:A303,0.097792,
A:C295,cWW ,A:G302,A:C295,cWW ,A:G302,0.085497,
A:U296,cWW ,A:G301,A:U296,cWW ,A:G301,0.079502,
A:G297,tSH ,A:A300,A:G297,tSH ,A:A300,0.084586,
A:A298, ,---,A:A298, ,---,0.171848,
A:G299,cWH ,A:G566,A:G299,cWH ,A:G566,0.133158,
A:A300,tHS ,A:G297,A:A300,tHS ,A:G297,0.075636,
A:A300,cSW ,A:U565,A:A300,cSW ,A:U565,0.075636,
A:G301,cWW ,A:U296,A:G301,cWW ,A:U296,0.084586,
A:G302,cWW ,A:C295,A:G302,cWW ,A:C295,0.094135,
A:A303,cWW ,A:U294,A:A303,cWW ,A:U294,0.091091,
A:U304,cWW ,A:G293,A:U304,cWW ,A:G293,0.122914,
A:G305, ,---,A:G305, ,---,0.114118,
A:A306, ,---,A:G306, ,---,0.350906,
A:C307, ,---,A:C307, ,---,0.369861,
A:C308,cWW ,A:G292,A:C308,cWW ,A:G292,0.370732,
A:A309,cWW ,A:U291,A:G309,cWW ,A:C291,0.151144,
A:A309,cSW ,A:A607,A:G309,cSW ,A:A607,0.151144,
A:G310,cWW ,A:C290,A:G310,cWW ,A:C290,0.117054,
A:C311,cWW ,A:G289,A:C311,cWW ,A:G289,0.105057,
A:C312,cWW ,A:G115,A:C312,cWW ,A:G115,0.113989,
A:A313,cWW ,A:U114,A:A313,cWW ,A:U114,0.141892,
A:C314,cWW ,A:G113,A:C314,cWW ,A:G113,0.126144,
A:A315,cWW ,A:G112,A:A315,cWW ,A:G112,0.152699,
A:C316,cWW ,A:G337,A:G316,cWW ,A:C337,0.273296,
A:U317,cWW ,A:A336,A:G317,cWW ,A:C336,0.220301,
A:G318,cWW ,A:C335,A:G318,cWW ,A:C335,0.223579,
A:G319,cWW ,A:C334,A:G319,cWW ,A:C334,0.157056,
A:G319,----,A:A1434,A:G319,tSS ,A:A1434,0.157056,
A:A320,cWW ,A:U333,A:C320,cWW ,A:G333,0.206799,
A:A321,cWW ,A:G332,A:A321,ncWW,A:G332,0.371716,
A:C322,tWH ,A:A329,A:C322,tWH ,A:A329,0.112971,
A:U323,tWH ,A:A327,A:U323,tWH ,A:A327,0.192932,
A:G324,tSH ,A:A109,A:G324,tSH ,A:A109,0.155906,
A:A325, ,---,A:A325, ,---,0.167828,
A:G326, ,---,A:G326, ,---,0.139650,
A:A327,tHW ,A:U323,A:A327,tHW ,A:U323,0.201416,
A:C328, ,---,A:C328, ,---,0.346029,
A:A329,tHW ,A:C322,A:A329,tHW ,A:C322,0.138326,
A:C330, ,---,A:C330, ,---,0.172432,
A:G331,bif ,A:G111,A:G331,bif ,A:G111,0.134167,
A:G332,cWW ,A:A321,A:G332,ncWW,A:A321,0.172341,
A:U333,cWW ,A:A320,A:G333,cWW ,A:C320,0.204694,
A:C334,cWW ,A:G319,A:C334,cWW ,A:G319,0.179459,
A:C334,---- ,A:A1434,A:C334,cSS ,A:A1434,0.179459,
A:C335,cWW ,A:G318,A:C335,cWW ,A:G318,0.184331,
A:C335,ncSS,A:A1433,A:C335,cSS ,A:A1433,0.184331,
A:A336,cWW ,A:U317,A:C336,cWW ,A:G317,0.203774,
A:G337,cWW ,A:C316,A:C337,cWW ,A:G316,0.217902,
A:A338,cWW ,A:G351,A:A338,cWW ,A:G351,0.276593,
A:C339,cWW ,A:G350,A:C339,cWW ,A:G350,0.183970,
A:U340,cWW ,A:A349,A:U340,cWW ,A:A349,0.179543,
A:C341,cWW ,A:G348,A:C341,cWW ,A:G348,0.165203,
A:C342,cWW ,A:G347,A:C342,cWW ,A:G347,0.143009,
A:U343,tSW ,A:G346,A:U343,tSW ,A:G346,0.252859,
A:A344, ,---,A:A344, ,---,0.453561,
---, ,---,A:C345, ,---, ,
A:C345, ,---,---, ,---, ,
A:G346,tWS ,A:U343,A:G346,tWS ,A:U343,0.381133,
A:G347,tSW ,A:A160,A:G347,ntSW,A:A160,0.252859,
A:G347,cWW ,A:C342,A:G347,cWW ,A:C342,0.252859,
A:G348,cWW ,A:C341,A:G348,cWW ,A:C341,0.152213,
A:A349,cWW ,A:U340,A:A349,cWW ,A:U340,0.190869,
A:G350,cWW ,A:C339,A:G350,cWW ,A:C339,0.151778,
A:G351,cWW ,A:A338,A:G351,cWW ,A:A338,0.264243,
A:C352, ,---,A:C352, ,---,0.075670,
---, ,A:G113,A:A353,cSS ,A:G113, ,
A:A353, ,---,---, ,---, ,
A:G354,cWW ,A:C58,A:G354,cWW ,A:C58,0.113018,
A:C355,cWW ,A:G57,A:C355,cWW ,A:G57,0.112315,
A:A356,cWW ,A:U56,A:A356,cWW ,A:U56,0.074728,
A:A356,cSS ,A:U368,A:A356,cSS ,A:U368,0.074728,
A:G357,cWW ,A:C54,A:G357,cWW ,A:C54,0.084101,
A:G357,tSH ,A:A55,A:G357,tSH ,A:A55,0.084101,
A:U358,cWW ,A:A53,A:U358,cWW ,A:A53,0.241997,
A:G359,cWW ,A:C52,A:U359,cWW ,A:G52,0.378090,
A:G360, ,---,A:A360, ,---,0.386906,
A:G361,cWW ,A:C47,A:G361,cWW ,A:C47,0.139864,
A:G362,cSW ,A:U49,A:G362,cSW ,A:U49,0.137584,
A:A363, ,---,A:A363, ,---,0.188527,
A:A364, ,---,A:A364, ,---,0.185407,
A:U365,ntWH,A:U49,A:U365,tWH ,A:U49,0.213401,
A:A366,cSW ,A:G394,A:C366,ncSW,A:G394,0.169921,
A:U367,cWW ,A:A393,A:U367,cWW ,A:A393,0.273573,
A:U368,tWW ,A:A55,A:U368,tWW ,A:A55,0.080266,
A:U368,cSS ,A:A356,A:U368,cSS ,A:A356,0.080266,
A:G369,cWW ,A:C392,A:C369,cWW ,A:G392,0.238962,
A:C370,cWW ,A:G391,A:C370,cWW ,A:G391,0.247053,
A:C370,cSS ,A:A482,A:C370,cSS ,A:A482,0.247053,
A:A371,cWW ,A:U390,A:G371,cWW ,A:C390,0.166453,
A:C372,tWH ,A:A389,A:C372,tWH ,A:A389,0.194656,
A:C372,ncSH,A:A374,A:C372,cSH ,A:A374,0.194656,
A:A373, ,---,A:A373, ,---,0.150305,
A:A374,cWS ,A:U390,A:A374,cWS ,A:C390,0.171405,
A:A374,ncHS,A:C372,A:A374,cHS ,A:C372,0.171405,
A:U375,cWW ,A:A389,A:U375,cWW ,A:A389,0.134371,
A:G376,cWW ,A:U387,A:G376,cWW ,A:U387,0.116205,
A:G377,cWW ,A:C386,A:G377,cWW ,A:C386,0.115783,
A:G378,cWW ,A:C385,A:G378,cWW ,A:C385,0.089632,
A:C379,cWW ,A:G384,A:C379,cWW ,A:G384,0.084341,
A:G380,tSH ,A:A383,A:G380,ntSH,A:A383,0.146664,
---, ,---,A:C381, ,---, ,
A:C381, ,---,---, ,---, ,
A:A382, ,---,A:A382, ,---,0.146664,
A:A383,tHS ,A:G380,A:A383,ntHS,A:G380,0.142910,
A:G384,cWW ,A:C379,A:G384,cWW ,A:C379,0.133172,
A:C385,cWW ,A:G378,A:C385,cWW ,A:G378,0.072521,
A:C386,cWW ,A:G377,A:C386,cWW ,A:G377,0.113127,
A:U387,cWW ,A:G376,A:U387,cWW ,A:G376,0.157362,
A:G388, ,---,A:G388, ,---,0.108159,
A:A389,tHW ,A:C372,A:A389,tHW ,A:C372,0.146603,
A:A389,cWW ,A:U375,A:A389,cWW ,A:U375,0.146603,
A:U390,cWW ,A:A371,A:C390,cWW ,A:G371,0.179387,
A:U390,cSW ,A:A374,A:C390,cSW ,A:A374,0.179387,
A:G391,cWW ,A:C370,A:G391,cWW ,A:C370,0.184582,
A:C392,cWW ,A:G369,A:G392,cWW ,A:C369,0.223424,
A:A393,cWW ,A:U367,A:A393,cWW ,A:U367,0.239747,
A:G394,cWS ,A:A366,A:G394,ncWS,A:C366,0.194840,
A:C395,cWW ,A:G46,A:C395,cWW ,A:G46,0.233245,
A:C396,cWW ,A:G45,A:G396,cWW ,A:U45,0.499113,
A:A397,tWW ,A:U37,A:A397,ntWW,A:U37,0.264159,
A:U398,cWW ,A:A44,A:C398,cWW ,A:G44,0.485456,
A:G399,cWW ,A:C43,A:G399,cWW ,A:C43,0.113821,
A:C400,cWW ,A:G42,A:C400,cWW ,A:G42,0.114746,
A:C400,cSS ,A:A622,A:C400,cSS ,A:A622,0.114746,
A:C401,cWW ,A:G41,A:C401,cWW ,A:G41,0.097914,
A:C401,cSS ,A:A621,A:C401,cSS ,A:A621,0.097914,
A:G402,cWW ,A:C40,A:G402,cWW ,A:C40,0.082135,
A:C403,cWW ,A:G39,A:C403,cWW ,A:G39,0.121547,
A:G404, ,---,A:U404,cWH ,A:U497,0.169035,
A:U405,cWH ,A:A499,A:U405,cWH ,A:A498,0.223640,
A:G406,cWW ,A:C436,A:G406,cWW ,A:C436,0.207158,
A:U407,cWW ,A:A435,A:G407,cWW ,A:C435,0.215090,
A:A408,cWW ,A:U434,A:A408,cWW ,A:U434,0.311622,
A:U409,cWW ,A:G433,A:G409,cWW ,A:C433,0.435241,
A:G410,tSH ,A:A432,A:G410,tSH ,A:A432,0.416350,
A:A411,tWH ,A:A430,A:A411,tWH ,A:A430,0.326601,
---, ,---,A:A412, ,---, ,
A:A412, ,---,---, ,---, ,
A:G413,tSS ,A:G428,A:G413,---- ,A:G428,0.326601,
A:A414,tHW ,A:A430,A:A414,---- ,A:A430,0.221740,
---, ,---,A:A415, ,---, ,
A:A415, ,---,---, ,---, ,
A:G416,cWW ,A:U427,A:G416,cWW ,A:U427,0.313994,
A:G417,cWW ,A:U426,A:C417,cWW ,A:G426,0.431054,
A:C418,cWW ,A:G425,A:C418,cWW ,A:G425,0.401635,
A:C419,cWW ,A:G424,A:C419,cWW ,A:G424,0.235294,
A:U420,tSW ,A:G423,A:U420,ntSW,A:G423,0.376880,
A:U421, ,---,A:U421, ,---,0.397085,
A:C422, ,---,A:C422, ,---,0.382278,
A:G423,tWS ,A:U420,A:G423,ntWS,A:U420,0.397085,
A:G424,cWW ,A:C419,A:G424,cWW ,A:C419,0.248466,
A:G425,cWW ,A:C418,A:G425,cWW ,A:C418,0.346446,
A:U426,cWW ,A:G417,A:G426,cWW ,A:C417,0.433537,
A:U427,cWW ,A:G416,A:U427,cWW ,A:G416,0.386741,
A:G428,tSS ,A:G413,A:G428,---- ,A:G413,0.203330,
A:U429,cWH ,A:A431,A:U429,cWH ,A:A431,0.243073,
A:A430,tHW ,A:A411,A:A430,tHW ,A:A411,0.243932,
A:A430,tWH ,A:A414,A:A430,---- ,A:A414,0.243932,
A:A431,cHW ,A:U429,A:A431,cHW ,A:U429,0.208159,
A:A432,tHS ,A:G410,A:A432,tHS ,A:G410,0.357302,
A:G433,cWW ,A:U409,A:C433,cWW ,A:G409,0.468083,
A:U434,cWW ,A:A408,A:U434,cWW ,A:A408,0.414928,
A:A435,cWW ,A:U407,A:C435,cWW ,A:G407,0.228225,
A:C436,cWW ,A:G406,A:C436,cWW ,A:G406,0.208370,
A:U437,tWH ,A:A495,A:U437,tWH ,A:A495,0.325760,
A:U438,cSH ,A:U439,A:G438, ,---,0.442684,
A:U438,tWH ,A:A496,A:G438,tSH ,A:A496,0.442684,
---, ,A:G494,A:A439,tHW ,A:U494, ,
A:U439,cHS ,A:U438,---, ,A:G438, ,
A:C440,cWW ,A:G497,---, ,---, ,
A:A441, ,---,---, ,---, ,
---, ,---,A:A440,tHS ,A:G493, ,
A:G442,cWW ,A:C492,A:C442,cWW ,A:G492,0.438192,
A:C443,cWW ,A:G491,A:C443,cWW ,A:G491,0.301632,
A:G444,cWW ,A:C490,A:C444,cWW ,A:G490,0.202946,
A:G445,cWW ,A:C489,A:G445,cWW ,A:C489,0.197713,
A:G446,cWW ,A:C488,A:G446,cWW ,A:C488,0.135230,
A:G447,tSH ,A:A487,A:G447,tSH ,A:A487,0.132889,
A:A448,tHW ,A:U486,A:A448,tHW ,A:U486,0.444038,
---, ,---,A:C449, ,---, ,
A:G449,tWW ,A:G484,---, ,A:G484, ,
A:G450,cWW ,A:C483,A:G450,cWW ,A:C483,0.277059,
A:A451, ,---,A:A451, ,---,0.323763,
A:A452,tHW ,A:U480,A:A452,ntHW,A:U480,0.850155,
---, ,---,A:A453,tHW ,A:C479, ,
---, ,---,A:C454, ,---, ,
A:G453, ,---,---, ,---, ,
A:G454,cWW ,A:U479,A:C455,ncWW,A:A478,0.770663,
A:G454,ncWW,A:A478,A:C455,cWW ,A:G477,0.770663,
A:G455,cWW ,A:C477,A:C456,cWW ,A:G476,0.201881,
A:A456,cWW ,A:U476,A:C457,cWW ,A:G475,0.185023,
A:G457,cWW ,A:C475,A:C458,cWW ,A:G474,0.393807,
A:U458,cWW ,A:G474,A:G464,tSH ,A:A468,0.494141,
---, ,---,A:A465, ,---, ,
---, ,---,A:C466, ,---, ,
---, ,---,A:G467, ,---, ,
A:A459,cWW ,A:U472,---, ,---, ,
A:A460,cWW ,A:U471,---, ,---, ,
A:A461, ,---,---, ,---, ,
A:G462,cWW ,A:C470,---, ,---, ,
A:U463, ,---,---, ,---, ,
A:U464, ,---,---, ,---, ,
A:A465, ,---,---, ,---, ,
A:A466, ,---,---, ,---, ,
A:U467, ,---,---, ,---, ,
A:A468, ,---,---, ,---, ,
A:C469, ,---,---, ,---, ,
A:C470,cWW ,A:G462,---, ,---, ,
A:U471,cWW ,A:A460,---, ,---, ,
A:U472,cWW ,A:A459,---, ,---, ,
A:U473, ,---,---, ,---, ,
A:G474,cWW ,A:U458,A:A468,tHS ,A:G464,0.494141,
A:C475,cWW ,A:G457,A:G474,cWW ,A:C458,0.494141,
A:U476,cWW ,A:A456,A:G475,cWW ,A:C457,0.182668,
A:C477,cWW ,A:G455,A:G476,cWW ,A:C456,0.207413,
A:A478,ncWW,A:G454,A:G477,cWW ,A:C455,0.349769,
A:U479,cWW ,A:G454,A:A478,ncWW,A:C455,0.770663,
---, ,---,A:C479,tWH ,A:A453, ,
A:U480,tWH ,A:A452,A:U480,ntWH,A:A452,0.893410,
A:G481, ,---,A:G481, ,---,0.250253,
A:A482,cSS ,A:C370,A:A482,cSS ,A:C370,0.194461,
A:C483,cWW ,A:G450,A:C483,cWW ,A:G450,0.277059,
A:G484,tWW ,A:G449,A:G484, ,---,0.470562,
---, ,---,A:G485, ,---, ,
A:U485, ,---,---, ,---, ,
A:U486,tWH ,A:A448,A:U486,tWH ,A:A448,0.514308,
A:A487,tHS ,A:G447,A:A487,tHS ,A:G447,0.188985,
A:C488,cWW ,A:G446,A:C488,cWW ,A:G446,0.140972,
A:C489,cWW ,A:G445,A:C489,cWW ,A:G445,0.175761,
A:C490,cWW ,A:G444,A:G490,cWW ,A:C444,0.212972,
A:G491,cWW ,A:C443,A:G491,cWW ,A:C443,0.256371,
A:C492,cWW ,A:G442,A:G492,cWW ,A:C442,0.301632,
---, ,---,A:G493,tSH ,A:A440, ,
A:A493, ,---,---, ,---, ,
A:G494,cSH ,A:G497,A:U494, ,---,0.442684,
A:G494, ,---,A:U494,tWH ,A:A439,0.442684,
A:A495,tHW ,A:U437,A:A495,tHW ,A:U437,0.396402,
A:A496,tHW ,A:U438,A:A496,tHS ,A:G438,0.413303,
---, ,A:G404,A:U497,cHW ,A:U404, ,
---, ,A:A547,A:U497,tWH ,A:A547, ,
A:G497,cWW ,A:C440,---, ,---, ,
A:G497,cHS ,A:G494,---, ,A:U494, ,
A:A498, ,---,---, ,---, ,
A:A499,cHW ,A:U405,A:A498,cHW ,A:U405,0.230607,
A:G500,cWW ,A:C545,A:G500,cWW ,A:C545,0.158413,
A:C501,cWW ,A:G544,A:C501,cWW ,A:G544,0.113973,
A:A502,cWW ,A:U543,A:G502,cWW ,A:C543,0.103376,
A:C503,cWW ,A:G542,A:C503,cWW ,A:G542,0.097031,
A:C503,ntSS,A:A510,A:C503,tSS ,A:A510,0.097031,
A:C504,cWW ,A:G541,A:C504,cWW ,A:G541,0.106045,
A:G505,cWW ,A:C526,A:G505,cWW ,A:C526,0.140857,
A:G506,cWW ,A:C525,A:G506,cWW ,A:C525,0.113948,
A:C507,cWW ,A:G524,A:C507,cWW ,A:G524,0.226092,
A:U508,ncSH,A:A509,A:C508,cSH ,A:A509,0.209618,
A:A509,cSS ,A:U543,A:A509,ncSS,A:C543,0.202698,
A:A509,ncHS,A:U508,A:A509,cHS ,A:C508,0.202698,
A:A510,cSS ,A:G542,A:A510,cSS ,A:G542,0.144319,
A:A510,ntSS,A:C503,A:A510,tSS ,A:C503,0.144319,
A:C511,cWW ,A:G540,A:C511,cWW ,A:G540,0.118893,
A:U512,cWW ,A:A539,A:U512,cWW ,A:A539,0.074597,
A:C513,cWW ,A:G538,A:C513,cWW ,A:G538,0.064482,
A:C514,cWW ,A:G537,A:C514,cWW ,A:G537,0.056512,
A:G515,cWW ,A:C536,A:G515,cWW ,A:C536,0.077674,
A:U516,tWH ,A:A533,A:U516,tWH ,A:A533,0.118051,
A:U516,ncSW,A:C519,A:U516,cSW ,A:C519,0.118051,
A:G517, ,---,A:G517, ,---,0.195433,
A:C518, ,---,A:C518, ,---,0.165665,
A:C519,ncWS,A:U516,A:C519,cWS ,A:U516,0.116447,
A:A520,tHS ,A:G529,A:A520,tHS ,A:G529,0.110416,
A:G521,cWW ,A:C528,A:G521,cWW ,A:C528,0.119942,
A:C522,cWW ,A:G527,A:C522,cWW ,A:G527,0.152330,
A:A523, ,---,A:A523, ,---,0.152330,
A:G524,cWW ,A:C507,A:G524,cWW ,A:C507,0.226092,
A:C525,cWW ,A:G506,A:C525,cWW ,A:G506,0.142069,
A:C526,cWW ,A:G505,A:C526,cWW ,A:G505,0.121180,
A:G527,cWW ,A:C522,A:G527,cWW ,A:C522,0.164548,
A:G527,tSS ,A:A535,A:G527,ntSS,A:A535,0.164548,
A:C528,cWW ,A:G521,A:C528,cWW ,A:G521,0.127355,
A:G529,tSH ,A:A520,A:G529,tSH ,A:A520,0.163299,
---, ,---,A:G530, ,---, ,
A:G530, ,---,---, ,---, ,
A:U531, ,---,A:U531, ,---,0.660063,
---, ,---,A:A532, ,---, ,
A:A532, ,---,---, ,---, ,
A:A533,tHW ,A:U516,A:A533,tHW ,A:U516,0.118051,
A:U534, ,---,A:U534, ,---,0.173832,
A:A535,tSS ,A:G527,A:A535,ntSS,A:G527,0.144422,
A:C536,cWW ,A:G515,A:C536,cWW ,A:G515,0.089722,
A:G537,cWW ,A:C514,A:G537,cWW ,A:C514,0.070915,
A:G538,cWW ,A:C513,A:G538,cWW ,A:C513,0.060562,
A:A539,cWW ,A:U512,A:A539,cWW ,A:U512,0.077632,
A:G540,cWW ,A:C511,A:G540,cWW ,A:C511,0.086596,
A:G541,cWW ,A:C504,A:G541,cWW ,A:C504,0.108203,
A:G542,cWW ,A:C503,A:G542,cWW ,A:C503,0.086522,
A:G542,cSS ,A:A510,A:G542,cSS ,A:A510,0.086522,
A:U543,cWW ,A:A502,A:C543,cWW ,A:G502,0.115516,
A:U543,cSS ,A:A509,A:C543,ncSS,A:A509,0.115516,
A:G544,cWW ,A:C501,A:G544,cWW ,A:C501,0.092990,
A:C545,cWW ,A:G500,A:C545,cWW ,A:G500,0.137270,
A:A546, ,---,A:G546, ,---,0.158413,
A:A547, ,---,A:A547,tHW ,A:U497,0.239622,
A:G548,cWW ,A:C36,A:G548,cWW ,A:C36,0.209517,
A:C549,cWW ,A:G35,A:C549,cWW ,A:G35,0.099239,
A:G550,cWW ,A:C34,A:G550,cWW ,A:C34,0.113937,
A:U551,cWW ,A:A33,A:U551,cWW ,A:A33,0.123441,
A:U552,cWW ,A:A32,A:U552,cWW ,A:A32,0.142160,
A:A553,cWW ,A:U30,A:A553,cWW ,A:U30,0.152876,
A:A554,cWW ,A:U29,A:C554,cWW ,A:G29,0.251022,
A:U555,cWW ,A:A28,A:C555,cWW ,A:G28,0.227146,
A:C556,cWW ,A:G27,A:C556,cWW ,A:G27,0.110311,
A:G557, ,---,A:G557, ,---,0.107290,
A:G558,tSH ,A:A26,A:G558,tSH ,A:A26,0.144766,
A:A559,cSH ,A:G9,A:A559,cSH ,A:G9,0.150134,
A:A559,bif ,A:C25,A:A559,bif ,A:C25,0.150134,
A:A560, ,---,A:U560, ,---,0.333086,
A:U561, ,---,A:U561, ,---,0.128500,
A:U562, ,---,A:C562, ,---,0.095379,
A:A563,tWW ,A:U884,A:A563,tWW ,A:U884,0.079485,
A:C564, ,---,A:C564, ,---,0.074061,
A:U565,cWS ,A:A300,A:U565,cWS ,A:A300,0.074061,
A:G566,cHW ,A:G299,A:G566,cHW ,A:G299,0.272031,
A:G567,cWW ,A:C883,A:G567,cWW ,A:C883,0.096209,
A:G568,tSS ,A:A574,A:G568,tSS ,A:A574,0.092303,
A:G568,cWW ,A:C882,A:G568,cWW ,A:C882,0.092303,
A:C569,cWW ,A:G881,A:C569,cWW ,A:G881,0.065753,
A:G570,cWW ,A:C866,A:G570,cWW ,A:C866,0.136372,
A:U571,cWW ,A:A865,A:U571,cWW ,A:A865,0.097796,
A:A572,---- ,A:A19,A:A572,tSS ,A:C19,0.205525,
A:A573,ncSS,A:C883,A:A573,cSS ,A:C883,0.118228,
A:A574,tSS ,A:G568,A:A574,tSS ,A:G568,0.102607,
A:A574,cSS ,A:C882,A:A574,cSS ,A:C882,0.102607,
A:G575,cWW ,A:C880,A:G575,cWW ,A:C880,0.094616,
A:C576, ,---,A:G576, ,---,0.286690,
A:G577,cSS ,A:A729,A:G577,cSS ,A:A729,0.088678,
A:G577,cWW ,A:C764,A:G577,cWW ,A:C764,0.088678,
A:C578,cSS ,A:A728,A:C578,cSS ,A:A728,0.105596,
A:C578,cWW ,A:G763,A:C578,cWW ,A:G763,0.105596,
A:A579,cWW ,A:U762,A:G579,cWW ,A:C762,0.147263,
A:C580,cWW ,A:G761,A:U580,cWW ,A:G761,0.202418,
A:G581,tSH ,A:G760,A:G581,ntSH,A:G760,0.290627,
A:C582,tWH ,A:A759,A:U582,tWH ,A:A759,0.276899,
A:A583,tHS ,A:C758,A:A583,tHS ,A:G758,0.269852,
A:G584,cWW ,A:U757,A:G584,cWW ,A:U757,0.149958,
A:G585,cWW ,A:C756,A:G585,cWW ,A:C756,0.065534,
A:C586,cWW ,A:G755,A:C586,cWW ,A:G755,0.085823,
A:G587, ,---,A:G587, ,---,0.085823,
A:G588,cWW ,A:C651,A:G588,cWW ,A:C651,0.224756,
A:U589,cWW ,A:G650,A:C589,cWW ,A:G650,0.254565,
A:U590,cWW ,A:A649,A:C590,cWW ,A:G649,0.192292,
A:U591,cWW ,A:A648,A:U591,cWW ,A:A648,0.195616,
A:G592,cWW ,A:C647,A:G592,cWW ,A:C647,0.452197,
A:U593,cWW ,A:G646,A:G593,cWW ,A:U646,0.519426,
A:U594,cWW ,A:G645,A:G594,cWW ,A:C645,0.438377,
A:A595,cSH ,A:A596,A:G595,cSH ,A:C596,0.472913,
A:A596,cHS ,A:A595,A:C596,cHS ,A:G595,0.422215,
A:A596,cWW ,A:U644,A:C596,cWW ,A:G644,0.422215,
A:G597,cWW ,A:C643,A:G597,cWW ,A:C643,0.320649,
A:U598,cWW ,A:A640,A:U598,cWW ,A:A640,0.169036,
A:C599,cWW ,A:G639,A:C599,cWW ,A:G639,0.095136,
A:A600,cWW ,A:U638,A:C600,cWW ,A:G638,0.117007,
A:G601,cWW ,A:C637,A:C601,cWW ,A:G637,0.226559,
A:A602,cWW ,A:U636,A:A602,cWW ,A:U636,0.264376,
A:U603,cWW ,A:A635,A:U603,cWW ,A:G635,0.223146,
A:G604,cWW ,A:C634,A:G604,cWW ,A:C634,0.290357,
A:U605,cWW ,A:G633,A:U605,cWW ,A:G633,0.181644,
A:G606, ,---,A:G606, ,---,0.181644,
A:A607,cWS ,A:A309,A:A607,cWS ,A:G309,0.208322,
A:A608,tWS ,A:G292,A:A608,tWS ,A:G292,0.185385,
A:A609, ,---,A:A609, ,---,0.180804,
---, ,---,A:G610, ,---, ,
A:U610, ,---,---, ,---, ,
A:C611, ,---,A:A611, ,---,0.482795,
A:C612,cWW ,A:G628,A:C612,cWW ,A:G628,0.174563,
A:C613,cWW ,A:G627,A:C613,cWW ,A:G627,0.199090,
A:C614,cWW ,A:G626,A:A614,cWW ,A:U626,0.506650,
A:G615,cWW ,A:U625,A:C615,cWW ,A:G625,0.650033,
A:G616,cWW ,A:C624,A:G616,cWW ,A:C624,0.370179,
A:G617,cWW ,A:C623,A:G617,cWW ,A:C623,0.205951,
A:C618,tWH ,A:A622,A:C618,tWH ,A:A622,0.127908,
A:U619, ,---,A:U619, ,---,0.205164,
A:C620, ,---,A:C620, ,---,0.212057,
A:A621,cSS ,A:C401,A:A621,cSS ,A:C401,0.092772,
A:A622,tSS ,A:G42,A:A622,tSS ,A:G42,0.112631,
A:A622,cSS ,A:C400,A:A622,cSS ,A:C400,0.112631,
A:A622,tHW ,A:C618,A:A622,tHW ,A:C618,0.112631,
A:C623,cWW ,A:G617,A:C623,cWW ,A:G617,0.153105,
A:C624,cWW ,A:G616,A:C624,cWW ,A:G616,0.347773,
A:U625,cWW ,A:G615,A:G625,cWW ,A:C615,0.596105,
A:G626,cWW ,A:C614,A:U626,cWW ,A:A614,0.634399,
A:G627,cWW ,A:C613,A:G627,cWW ,A:C613,0.225028,
A:G628,cWW ,A:C612,A:G628,cWW ,A:C612,0.160436,
A:A629, ,---,A:G629, ,---,0.382651,
A:A630, ,---,A:G630, ,---,0.498918,
---, ,---,A:G631, ,---, ,
---, ,---,A:A632, ,---, ,
A:C631, ,---,---, ,---, ,
A:U632, ,---,---, ,---, ,
A:G633,cWW ,A:U605,A:G633,cWW ,A:U605,0.181644,
A:C634,cWW ,A:G604,A:C634,cWW ,A:G604,0.214983,
A:A635,cWW ,A:U603,A:G635,cWW ,A:U603,0.266658,
A:U636,cWW ,A:A602,A:U636,cWW ,A:A602,0.266990,
A:C637,cWW ,A:G601,A:G637,cWW ,A:C601,0.227656,
A:U638,cWW ,A:A600,A:G638,cWW ,A:C600,0.162126,
A:G639,cWW ,A:C599,A:G639,cWW ,A:C599,0.129627,
A:A640,cWW ,A:U598,A:A640,cWW ,A:U598,0.114597,
A:U641,cSH ,A:A642,A:U641,ncSH,A:A642,0.242331,
A:A642,cHS ,A:U641,A:A642,ncHS,A:U641,0.203369,
A:C643,cWW ,A:G597,A:C643,cWW ,A:G597,0.280717,
A:U644,cWW ,A:A596,A:G644,cWW ,A:C596,0.412161,
A:G645,cWW ,A:U594,A:C645,cWW ,A:G594,0.483422,
A:G646,cWW ,A:U593,A:U646,cWW ,A:G593,0.427676,
A:C647,cWW ,A:G592,A:C647,cWW ,A:G592,0.527040,
A:A648,cWW ,A:U591,A:A648,cWW ,A:U591,0.162565,
A:A649,cWW ,A:U590,A:G649,cWW ,A:C590,0.142758,
A:G650,cWW ,A:U589,A:G650,cWW ,A:C589,0.222852,
A:C651,cWW ,A:G588,A:C651,cWW ,A:G588,0.253447,
A:U652,tWH ,A:A753,A:U652,tWH ,A:A753,0.132558,
---, ,---,A:A653, ,---, ,
A:U653, ,---,---, ,---, ,
A:G654,tHS ,A:G752,A:G654,tHS ,A:G752,0.113233,
A:G654,cWW ,A:C754,A:G654,cWW ,A:C754,0.113233,
A:A655,cWW ,A:U751,A:A655,cWW ,A:U751,0.203993,
A:G656,cWW ,A:C750,A:C656,cWW ,A:G750,0.403773,
A:U657,cWW ,A:A749,A:G657,cWW ,A:C749,0.522883,
A:C658,cWW ,A:G748,A:G658,cWW ,A:C747,0.364241,
A:U659,cWW ,A:A746,A:U659,cWW ,A:A746,0.449905,
A:C660,cWW ,A:G745,A:G660,cWW ,A:C745,0.298030,
A:G661,cWW ,A:C744,A:G661,cWW ,A:C744,0.335032,
A:U662,cWW ,A:A743,A:G662,cWW ,A:U743,0.355119,
A:A663,cWW ,A:G742,A:A663,cWW ,A:G742,0.334222,
A:G664, ,---,A:G664, ,---,0.104681,
A:A665,cHW ,A:G724,A:A665,cHW ,A:G724,0.169830,
A:G666,cWW ,A:U740,A:G666,cWW ,A:U740,0.111625,
A:G667,cWW ,A:C739,A:G667,cWW ,A:C739,0.084942,
A:G668,cWW ,A:C738,A:G668,cWW ,A:C738,0.221182,
A:G669,cWW ,A:C737,A:U669,cWW ,A:A737,0.246379,
A:G670,cWW ,A:C736,A:G670,cWW ,A:C736,0.166790,
A:G671,cWW ,A:C735,A:G671,cWW ,A:C735,0.103524,
A:U672,cWW ,A:G734,A:U672,cWW ,A:G734,0.135031,
A:A673,cWW ,A:U717,A:G673,cWW ,A:C717,0.117300,
A:G674,cWW ,A:A716,A:G674,cWW ,A:A716,0.103034,
A:A675,cWW ,A:A715,A:A675,cWW ,A:A715,0.106692,
A:A676,cWW ,A:G714,A:A676,cWW ,A:G714,0.258226,
A:U677,ncSW,A:G713,A:U677,cWW ,A:G713,0.328751,
A:U678,cWW ,A:A712,A:U678,cWW ,A:A712,0.302904,
A:C679,cWW ,A:G711,A:C679,cWW ,A:G711,0.082812,
A:C680,cWW ,A:G710,A:C680,cWW ,A:G710,0.105481,
A:A681,cWW ,A:U709,A:C681,cWW ,A:G709,0.209376,
A:G682,cWW ,A:C708,A:G682,cWW ,A:C708,0.285978,
A:G683,cWW ,A:U707,A:G683,cWW ,A:C707,0.265716,
A:U684,cWW ,A:A706,A:A684,ncWW,A:A706,0.336673,
A:G685,tSH ,A:G705,A:G685,ntSH,A:U705,0.298584,
A:U686,tWH ,A:A704,A:U686,tWH ,A:A704,0.213152,
A:A687,tHS ,A:G703,A:A687,tHS ,A:G703,0.228527,
A:A687, ,A:G700,A:A687,tSS ,A:G700,0.228527,
A:G688,cWW ,A:C699,A:G688,cWW ,A:C699,0.136060,
A:C689,cWW ,A:G698,A:C689,cWW ,A:G698,0.112847,
---, ,---,A:G690, ,---, ,
A:G690,tSH ,A:U697,---, ,A:U697, ,
A:G691,tSH ,A:A696,A:G691,tSH ,A:A696,0.120193,
A:U692, ,---,A:U692, ,---,0.123117,
A:G693, ,---,A:G693, ,---,0.273848,
A:A694, ,---,A:A694, ,---,0.184966,
A:A695, ,---,A:A695, ,---,0.142870,
A:A696,tHS ,A:G691,A:A696,tHS ,A:G691,0.121310,
A:A696,tSS ,A:C797,A:A696,tSS ,A:C797,0.121310,
A:A696,---- ,A:G786,A:A696,cSS ,A:G786,0.121310,
A:U697,tHS ,A:G690,A:U697, ,---,0.183850,
A:G698,cWW ,A:C689,A:G698,cWW ,A:C689,0.104355,
A:C699,cWW ,A:G688,A:C699,cWW ,A:G688,0.112847,
A:G700, ,A:A687,A:G700,tSS ,A:A687,0.154944,
A:U701, ,---,A:C701, ,---,0.246391,
A:A702, ,---,A:A702, ,---,0.249930,
A:G703,tSH ,A:A687,A:G703,tSH ,A:A687,0.229063,
A:A704,tHW ,A:U686,A:A704,tHW ,A:U686,0.200554,
A:G705,tHS ,A:G685,A:U705,ntHS,A:G685,0.250868,
A:A706,cWW ,A:U684,A:A706,ncWW,A:A684,0.402738,
A:U707,cWW ,A:G683,A:C707,cWW ,A:G683,0.333091,
A:C708,cWW ,A:G682,A:C708,cWW ,A:G682,0.298864,
A:U709,cWW ,A:A681,A:G709,cWW ,A:C681,0.229624,
A:G710,cWW ,A:C680,A:G710,cWW ,A:C680,0.121954,
A:G711,cWW ,A:C679,A:G711,cWW ,A:C679,0.067913,
A:A712,cWW ,A:U678,A:A712,cWW ,A:U678,0.131482,
A:G713,ncWS,A:U677,A:G713,cWW ,A:U677,0.320120,
A:G714,cWW ,A:A676,A:G714,cWW ,A:A676,0.318466,
A:A715,cWW ,A:A675,A:A715,cWW ,A:A675,0.125864,
A:A716,cWW ,A:G674,A:A716,cWW ,A:G674,0.092562,
A:U717,cWW ,A:A673,A:C717,cWW ,A:G673,0.098985,
A:A718, ,---,A:G718, ,---,0.264408,
A:C719, ,---,A:C719, ,---,0.261389,
A:C720, ,---,A:C720, ,---,0.261389,
A:G721, ,---,A:G721, ,---,0.186597,
A:G722,tWW ,A:G733,A:A722,tWW ,A:A733,0.148801,
---, ,---,A:U723, ,---, ,
A:U723, ,---,---, ,---, ,
A:G724,cWH ,A:A665,A:G724,cWH ,A:A665,0.196528,
A:G725,cWW ,A:C732,A:G725,cWW ,A:C732,0.131665,
A:C726,cWW ,A:G731,A:C726,cWW ,A:G731,0.092126,
A:G727, ,---,A:G727, ,---,0.111392,
A:A728,cSS ,A:C578,A:A728,cSS ,A:C578,0.180247,
A:A728,tSS ,A:C764,A:A728,tSS ,A:C764,0.180247,
A:A729,cSS ,A:G577,A:A729,cSS ,A:G577,0.180247,
A:A729,ntSS,A:C764,A:A729,tSS ,A:C764,0.180247,
A:G730, ,---,A:G730, ,---,0.164684,
A:G731,cWW ,A:C726,A:G731,cWW ,A:C726,0.114803,
A:C732,cWW ,A:G725,A:C732,cWW ,A:G725,0.121903,
A:G733,tWW ,A:G722,A:A733,tWW ,A:A722,0.189549,
A:G734,cWW ,A:U672,A:G734,cWW ,A:U672,0.126939,
A:C735,cWW ,A:G671,A:C735,cWW ,A:G671,0.118643,
A:C736,cWW ,A:G670,A:C736,cWW ,A:G670,0.129633,
A:C737,cWW ,A:G669,A:A737,cWW ,A:U669,0.237287,
A:C738,cWW ,A:G668,A:C738,cWW ,A:G668,0.243777,
A:C739,cWW ,A:G667,A:C739,cWW ,A:G667,0.089126,
A:U740,cWW ,A:G666,A:U740,cWW ,A:G666,0.092548,
A:G741, ,---,A:G741, ,---,0.093946,
A:G742,cWW ,A:A663,A:G742,cWW ,A:A663,0.245460,
A:A743,cWW ,A:U662,A:U743,cWW ,A:G662,0.365688,
A:C744,cWW ,A:G661,A:C744,cWW ,A:G661,0.340396,
A:G745,cWW ,A:C660,A:C745,cWW ,A:G660,0.298252,
A:A746,cWW ,A:U659,A:A746,cWW ,A:U659,0.474166,
A:A747, ,---,---, ,---, ,
A:G748,cWW ,A:C658,A:C747,cWW ,A:G658,0.444168,
---, ,A:A749,A:C748,cSH ,A:C749, ,
A:A749,cWW ,A:U657,A:C749,cWW ,A:G657,0.608166,
A:A749, ,---,A:C749,cHS ,A:C748,0.608166,
A:C750,cWW ,A:G656,A:G750,cWW ,A:C656,0.494358,
A:U751,cWW ,A:A655,A:U751,cWW ,A:A655,0.241976,
A:U751,---- ,A:C754,A:U751,cSH ,A:C754,0.241976,
A:G752,tSH ,A:G654,A:G752,tSH ,A:G654,0.209009,
A:A753,tHW ,A:U652,A:A753,tHW ,A:U652,0.140058,
A:C754,cWW ,A:G654,A:C754,cWW ,A:G654,0.098116,
A:C754,---- ,A:U751,A:C754,cHS ,A:U751,0.098116,
A:G755,cWW ,A:C586,A:G755,cWW ,A:C586,0.075621,
A:C756,cWW ,A:G585,A:C756,cWW ,A:G585,0.058811,
A:U757,cWW ,A:G584,A:U757,cWW ,A:G584,0.101896,
A:C758,tSH ,A:A583,A:G758,tSH ,A:A583,0.196063,
A:A759,tHW ,A:C582,A:A759,tHW ,A:U582,0.269852,
A:G760,tHS ,A:G581,A:G760,ntHS,A:G581,0.285359,
A:G761,cWW ,A:C580,A:G761,cWW ,A:U580,0.204820,
A:U762,cWW ,A:A579,A:C762,cWW ,A:G579,0.196092,
A:G763,cWW ,A:C578,A:G763,cWW ,A:C578,0.093928,
A:C764,cWW ,A:G577,A:C764,cWW ,A:G577,0.105596,
A:C764,tSS ,A:A728,A:C764,tSS ,A:A728,0.105596,
A:C764,ntSS,A:A729,A:C764,tSS ,A:A729,0.105596,
---, ,---,A:G765, ,---, ,
A:G765, ,---,---, ,---, ,
A:A766,tHW ,A:U813,A:A766,tHW ,A:U813,0.206953,
A:A766,cSS ,A:G1525,A:A766,ncSS,A:G1525,0.206953,
A:A767,tSS ,A:G1511,A:A767,tSS ,A:G1511,0.198037,
A:A767,cSS ,A:C1524,A:A767,cSS ,A:C1524,0.198037,
A:A768,bif ,A:C811,A:A768,bif ,A:C811,0.141095,
A:G769,cWW ,A:C810,A:G769,cWW ,A:C810,0.097413,
A:C770,cWW ,A:G809,A:C770,cWW ,A:G809,0.062318,
A:G771,cWW ,A:C808,A:G771,cWW ,A:C808,0.080740,
A:U772,cWW ,A:A807,A:U772,cWW ,A:A807,0.068732,
A:G773,cWW ,A:C806,A:G773,cWW ,A:C806,0.078644,
A:G774,cWW ,A:C805,A:G774,cWW ,A:C805,0.116519,
A:G775, ,---,A:G775, ,---,0.114685,
A:G776, ,---,A:G776, ,---,0.088457,
A:A777, ,---,A:A777, ,---,0.104478,
A:G778,cWW ,A:U804,A:G778,cWW ,A:U804,0.067394,
A:C779,cWW ,A:G803,A:C779,cWW ,A:G803,0.081466,
A:A780,tSH ,A:A802,A:A780,tSH ,A:A802,0.105399,
A:A781,tHW ,A:U801,A:A781,tHW ,A:U801,0.199681,
A:A782,tHS ,A:G800,A:A782,tHS ,A:G800,0.133760,
A:C783,cWW ,A:G799,A:C783,cWW ,A:G799,0.128861,
A:A784,cWW ,A:U798,A:C784,cWW ,A:G798,0.185567,
A:G785,cWW ,A:C797,A:G785,cWW ,A:C797,0.200314,
A:G786,cWW ,A:C796,A:G786,cWW ,A:C796,0.099413,
A:G786,---- ,A:A696,A:G786,cSS ,A:A696,0.099413,
A:A787, ,---,A:A787, ,---,0.233886,
A:U788, ,---,A:U788, ,---,0.396216,
---, ,---,A:U789, ,---, ,
A:U789, ,---,---, ,---, ,
A:A790, ,---,A:A790, ,---,0.200337,
A:G791, ,---,A:G791, ,---,0.391638,
A:A792, ,---,A:A792, ,---,0.250395,
A:U793, ,---,A:U793, ,---,0.217211,
A:A794, ,---,A:A794, ,---,0.402127,
A:C795, ,---,A:C795, ,---,0.209702,
A:C796,cWW ,A:G786,A:C796,cWW ,A:G786,0.100072,
A:C797,tSS ,A:A696,A:C797,tSS ,A:A696,0.202564,
A:C797,cWW ,A:G785,A:C797,cWW ,A:G785,0.202564,
A:U798,cWW ,A:A784,A:G798,cWW ,A:C784,0.204310,
A:G799,cWW ,A:C783,A:G799,cWW ,A:C783,0.140036,
A:G800,tSH ,A:A782,A:G800,tSH ,A:A782,0.111931,
A:U801,tWH ,A:A781,A:U801,tWH ,A:A781,0.152161,
A:A802,tHS ,A:A780,A:A802,tHS ,A:A780,0.132111,
A:G803,cWW ,A:C779,A:G803,cWW ,A:C779,0.084876,
A:U804,cWW ,A:G778,A:U804,cWW ,A:G778,0.073796,
A:C805,cWW ,A:G774,A:C805,cWW ,A:G774,0.110743,
A:C806,cWW ,A:G773,A:C806,cWW ,A:G773,0.101309,
A:A807,cWW ,A:U772,A:A807,cWW ,A:U772,0.074565,
A:C808,cWW ,A:G771,A:C808,cWW ,A:G771,0.080636,
A:G809,cWW ,A:C770,A:G809,cWW ,A:C770,0.071549,
A:C810,cWW ,A:G769,A:C810,cWW ,A:G769,0.081069,
A:C811,bif ,A:A768,A:C811,bif ,A:A768,0.097413,
---, ,---,A:C812, ,---, ,
A:G812, ,---,---, ,---, ,
A:U813,tWH ,A:A766,A:U813,tWH ,A:A766,0.195124,
A:U813,cSS ,A:G1511,A:U813,---- ,A:G1511,0.195124,
A:A814, ,---,A:A814, ,---,0.195124,
A:A815, ,---,A:A815, ,---,0.095737,
A:A816, ,---,A:A816, ,---,0.193564,
A:C817,cWW ,A:G1529,A:C817,cWW ,A:G1529,0.093026,
A:G818, ,---,A:G818, ,---,0.153189,
A:A819, ,---,A:A819, ,---,0.118904,
A:U820,cWH ,A:A873,A:U820,cWH ,A:A873,0.146639,
A:G821,cWW ,A:C879,A:G821,cWW ,A:C879,0.059901,
A:U822,cWW ,A:A878,A:C822,cWW ,A:G878,0.179656,
A:C823,cWW ,A:G877,A:G823,cWW ,A:C877,0.385686,
A:G824,cWW ,A:C876,A:C824,cWW ,A:G876,0.435479,
A:A825,cWW ,A:U875,A:G825,cWW ,A:C875,0.213308,
A:C826,cWW ,A:G874,A:C826,cWW ,A:G874,0.167715,
---, ,---,A:U827, ,---, ,
A:U827,tWW ,A:A872,---, ,A:A872, ,
A:U828,tHS ,A:G858,---, ,---, ,
A:G829,cWW ,A:C857,---, ,---, ,
A:G830,cWW ,A:C856,A:A828,ntHS,A:G858,0.635318,
A:A831,cWW ,A:U855,A:G829,cWW ,A:C857,0.635318,
A:G832,cWW ,A:U854,A:G830,cWW ,A:C856,0.472985,
A:G833,cWW ,A:C853,A:U831,cWW ,A:G855,0.504438,
A:U834,cWW ,A:G852,A:C832,cWW ,A:G854,0.464911,
A:U835,cWW ,A:G851,A:U833,cWW ,A:G853,0.298043,
A:G836,cWW ,A:U850,A:C834,cWW ,A:G852,0.388384,
A:U837,cWW ,A:G849,A:U835,cWW ,A:G851,0.371325,
A:G838,cWW ,A:C848,A:G836,cWW ,A:U850,0.202367,
A:C839,cWW ,A:G847,A:G837,cWW ,A:C849,0.265061,
A:C840,cWW ,A:G846,A:G838,cWW ,A:C848,0.241506,
---, ,---,A:U841, ,---, ,
---, ,---,A:C842, ,---, ,
---, ,---,A:U843, ,---, ,
A:C841, ,---,---, ,---, ,
A:U842, ,---,---, ,---, ,
A:U843, ,---,---, ,---, ,
A:G844, ,---,---, ,---, ,
A:A845, ,---,---, ,---, ,
A:G846,cWW ,A:C840,A:C848,cWW ,A:G838,0.241506,
A:G847,cWW ,A:C839,A:C849,cWW ,A:G837,0.241506,
A:C848,cWW ,A:G838,A:U850,cWW ,A:G836,0.225784,
A:G849,cWW ,A:U837,A:G851,cWW ,A:U835,0.288794,
A:U850,cWW ,A:G836,A:G852,cWW ,A:C834,0.428694,
A:G851,cWW ,A:U835,A:G853,cWW ,A:U833,0.365152,
A:G852,cWW ,A:U834,A:G854,cWW ,A:C832,0.405673,
A:C853,cWW ,A:G833,A:G855,cWW ,A:U831,0.517739,
A:U854,cWW ,A:G832,A:C856,cWW ,A:G830,0.473857,
A:U855,cWW ,A:A831,A:C857,cWW ,A:G829,0.387871,
A:C856,cWW ,A:G830,A:G858,ntSH,A:A828,0.635318,
A:C857,cWW ,A:G829,---, ,---, ,
A:G858,tSH ,A:U828,---, ,---, ,
A:G859, ,---,A:A859, ,---,0.359682,
A:A860,tHS ,A:G869,A:A860,tHS ,A:G869,0.266348,
A:G861,cWW ,A:C868,A:G861,cWW ,A:C868,0.124724,
A:C862,cWW ,A:G867,A:C862,cWW ,A:G867,0.102913,
A:U863, ,---,A:U863, ,---,0.112148,
A:A864,tSS ,A:G917,A:A864,tSS ,A:G917,0.114836,
A:A864,ncSS,A:C18,A:A864,cSS ,A:C18,0.114836,
A:A865,cWW ,A:U571,A:A865,cWW ,A:U571,0.097796,
A:C866,cWW ,A:G570,A:C866,cWW ,A:G570,0.094225,
A:G867,cWW ,A:C862,A:G867,cWW ,A:C862,0.107683,
A:G867,tSS ,A:A873,A:G867,tSS ,A:A873,0.107683,
A:C868,cWW ,A:G861,A:C868,cWW ,A:G861,0.116324,
A:G869,tSH ,A:A860,A:G869,tSH ,A:A860,0.285082,
A:U870, ,---,A:U870, ,---,0.396643,
---, ,---,A:U871, ,---, ,
A:U871, ,---,---, ,---, ,
A:A872,tWW ,A:U827,A:A872, ,---,0.293516,
A:A873,cHW ,A:U820,A:A873,cHW ,A:U820,0.130453,
A:A873,tSS ,A:G867,A:A873,tSS ,A:G867,0.130453,
A:G874,cWW ,A:C826,A:G874,cWW ,A:C826,0.278119,
A:U875,cWW ,A:A825,A:C875,cWW ,A:G825,0.167715,
A:C876,cWW ,A:G824,A:G876,cWW ,A:C824,0.403924,
A:G877,cWW ,A:C823,A:C877,cWW ,A:G823,0.430966,
A:A878,cWW ,A:U822,A:G878,cWW ,A:C822,0.193884,
A:C879,cWW ,A:G821,A:C879,cWW ,A:G821,0.061711,
A:C880,cWW ,A:G575,A:C880,cWW ,A:G575,0.080779,
A:G881,cWW ,A:C569,A:G881,cWW ,A:C569,0.075983,
A:C882,cWW ,A:G568,A:C882,cWW ,A:G568,0.081207,
A:C882,cSS ,A:A574,A:C882,cSS ,A:A574,0.081207,
A:C883,cWW ,A:G567,A:C883,cWW ,A:G567,0.104306,
A:C883,ncSS,A:A573,A:C883,cSS ,A:A573,0.104306,
A:U884,tWW ,A:A563,A:U884,tWW ,A:A563,0.095379,
A:G885,cWW ,A:C912,A:G885,cWW ,A:C912,0.139419,
A:G886,cWW ,A:U911,A:G886,cWW ,A:U911,0.077983,
A:G887,cWW ,A:C910,A:G887,cWW ,A:C910,0.053246,
A:G888,tSH ,A:A909,A:G888,tSH ,A:A909,0.131459,
A:A889,tHH ,A:A908,A:A889,tHH ,A:A908,0.138794,
A:G890,cSH ,A:U891,A:G890,cSH ,A:U891,0.204105,
A:U891,cHS ,A:G890,A:U891,cHS ,A:G890,0.160995,
A:U891,tWH ,A:A907,A:U891,tWH ,A:A907,0.160995,
A:A892,tHS ,A:A906,A:A892,tHS ,A:G906,0.096773,
A:C893,cWW ,A:U244,A:C893,cWW ,A:U244,0.093795,
A:G894,cWW ,A:U905,A:G894,cWW ,A:U905,0.142823,
A:G895,cWW ,A:U904,A:G895,cWW ,A:C904,0.200048,
A:C896,cWW ,A:G903,A:C896,cWW ,A:G903,0.182896,
A:C897,cWW ,A:G902,A:C897,cWW ,A:G902,0.066888,
A:G898,tSH ,A:A901,A:G898,tSH ,A:A901,0.072891,
A:C899, ,---,A:C899, ,---,0.087495,
A:A900, ,---,A:A900, ,---,0.090142,
A:A901,tHS ,A:G898,A:A901,tHS ,A:G898,0.104870,
A:G902,cWW ,A:C897,A:G902,cWW ,A:C897,0.095201,
A:G903,cWW ,A:C896,A:G903,cWW ,A:C896,0.130363,
A:U904,cWW ,A:G895,A:C904,cWW ,A:G895,0.198675,
A:U905,cWW ,A:G894,A:U905,cWW ,A:G894,0.241409,
A:A906,tSH ,A:A892,A:G906,tSH ,A:A892,0.202072,
A:A907,tHW ,A:U891,A:A907,tHW ,A:U891,0.101632,
A:A908,tHH ,A:A889,A:A908,tHH ,A:A889,0.139290,
A:A909,tHS ,A:G888,A:A909,tHS ,A:G888,0.082072,
A:A909,cSS ,A:A1413,A:A909,cSS ,A:A1413,0.082072,
A:C910,cWW ,A:G887,A:C910,cWW ,A:G887,0.059362,
A:U911,cWW ,A:G886,A:U911,cWW ,A:G886,0.067251,
A:C912,cWW ,A:G885,A:C912,cWW ,A:G885,0.097162,
A:A913,tSS ,A:G22,A:A913,tSS ,A:G22,0.129521,
A:A914,tHS ,A:G21,A:A914,tHS ,A:G21,0.151346,
A:A915,cHW ,A:U13,A:A915,cHW ,A:U13,0.224818,
A:U916,cWW ,A:A19,A:G916,cWW ,A:C19,0.223194,
A:G917,cWW ,A:C18,A:G917,cWW ,A:C18,0.200276,
A:G917,tSS ,A:A864,A:G917,tSS ,A:A864,0.200276,
A:A918,cWW ,A:U17,A:A918,cWW ,A:U17,0.074000,
A:A919,ntSS,A:A1080,A:A919,tSS ,A:A1080,0.075105,
A:U920,cWW ,A:G15,A:U920,cWW ,A:G15,0.090830,
A:U921,cWW ,A:A1396,A:U921,cWW ,A:A1396,0.159256,
A:G922,cWW ,A:C1395,A:G922,cWW ,A:C1395,0.149569,
A:G922,tSS ,A:A1398,A:G922,tSS ,A:A1398,0.149569,
A:A923,cWW ,A:U1393,A:A923,cWW ,A:U1393,0.075987,
A:C924,cWW ,A:G1392,A:C924,cWW ,A:G1392,0.089339,
A:C924,tSS ,A:A1502,A:C924, ,---,0.089339,
A:G925,cWW ,A:U1391,A:G925,cWW ,A:U1391,0.069165,
A:G926, ,---,A:G926, ,---,0.128746,
A:G927,cWW ,A:U1390,A:G927,cWW ,A:U1390,0.088978,
A:G928,cWW ,A:C1389,A:G928,cWW ,A:C1389,0.105579,
A:G929,cWW ,A:C1388,A:G929,cWW ,A:C1388,0.092787,
A:C930,cWW ,A:G1387,A:C930,cWW ,A:G1387,0.088413,
A:C931,cWW ,A:G1386,A:C931,cWW ,A:G1386,0.105751,
A:C932,cWW ,A:G1385,A:C932,cWW ,A:G1385,0.120269,
A:G933,cWW ,A:C1384,A:G933,cWW ,A:C1384,0.080062,
A:C934,ntWW,A:A938,A:C934,tWW ,A:A938,0.158206,
A:C934,nbif,A:A1375,A:C934,bif ,A:A1375,0.158206,
A:A935,cWW ,A:U1380,A:A935,cWW ,A:U1380,0.123127,
A:A935,cSW ,A:C1383,A:A935,cSW ,A:C1383,0.123127,
A:C936,cWW ,A:G1379,A:C936,cWW ,A:G1379,0.133204,
A:A937,tSH ,A:C1378,A:A937,ntSH,A:C1378,0.170387,
A:A938,cSS ,A:U1376,A:A938,cSS ,A:U1376,0.170746,
A:A938,ntWW,A:C934,A:A938,tWW ,A:C934,0.170746,
A:G939,cWW ,A:C1344,A:G939,cWW ,A:C1344,0.159130,
A:G939,cSS ,A:A1375,A:G939,cSS ,A:A1375,0.159130,
A:C940,cWW ,A:G1343,A:C940,cWW ,A:G1343,0.118521,
A:G941,cWW ,A:C1342,A:G941,cWW ,A:C1342,0.111491,
A:G942,cWW ,A:U1341,A:G942,cWW ,A:U1341,0.061078,
A:U943,cWW ,A:A1340,A:U943,cWW ,A:A1340,0.088152,
A:G944,tSH ,A:A1339,A:G944,tSH ,A:A1339,0.142872,
A:G945,cWW ,A:A1236,A:G945,ncWW,A:A1236,0.141085,
A:A946,cWW ,A:U1235,A:A946,cWW ,A:U1235,0.154292,
A:A946,cSS ,A:A1333,A:A946,cSS ,A:A1333,0.154292,
A:G947,cWW ,A:C1234,A:G947,cWW ,A:C1234,0.109829,
A:C948,cWW ,A:G1233,A:C948,cWW ,A:G1233,0.058011,
A:A949,cWW ,A:U1232,A:A949,cWW ,A:U1232,0.103227,
A:U950,cWW ,A:G1231,A:U950,cWW ,A:G1231,0.095859,
A:G951,cSS ,A:C970,A:G951,cSS ,A:C970,0.080324,
A:G951,cWW ,A:C1230,A:G951,cWW ,A:C1230,0.080324,
A:U952,cWW ,A:A1229,A:U952,cWW ,A:A1229,0.116115,
A:G953,cWW ,A:C1228,A:G953,cWW ,A:C1228,0.092201,
A:G954,cWW ,A:C1226,A:G954,cWW ,A:C1226,0.098314,
A:U955,cWW ,A:A1225,A:U955,cWW ,A:A1225,0.123829,
A:U956, ,---,A:U956, ,---,0.184356,
A:U957,tSH ,A:A959,A:U957,tSH ,A:A959,0.192630,
A:A958,---- ,A:C985,A:A958,cSS ,A:C985,0.171024,
A:A959,tHS ,A:U957,A:A959,tHS ,A:U957,0.159911,
A:A959,tSS ,A:G1221,A:A959,tSS ,A:G1221,0.159911,
A:A959,---- ,A:C984,A:A959,cSS ,A:C984,0.159911,
---, ,---,A:U960, ,---, ,
---, ,---,A:U961, ,---, ,
A:U960, ,---,---, ,---, ,
A:U961, ,---,---, ,---, ,
A:C962,cWW ,A:G973,A:C962,cWW ,A:G973,0.145320,
A:G963,cWW ,A:C972,A:G963,cWW ,A:C972,0.177806,
A:A964,cSS ,A:A969,A:A964,cSS ,A:A969,0.127398,
A:U965, ,---,A:A965, ,---,0.139038,
A:G966, ,---,A:G966, ,---,0.346340,
A:C967, ,---,A:C967, ,---,0.342494,
---, ,---,A:A968, ,---, ,
A:A968, ,---,---, ,---, ,
A:A969,cSS ,A:A964,A:A969,cSS ,A:A964,0.145695,
A:C970,cSS ,A:G951,A:C970,cSS ,A:G951,0.137470,
A:G971, ,---,A:G971, ,---,0.235541,
A:C972,cWW ,A:G963,A:C972,cWW ,A:G963,0.177039,
A:G973,cWW ,A:C962,A:G973,cWW ,A:C962,0.177806,
---, ,---,A:A974, ,---, ,
A:A974, ,---,---, ,---, ,
A:A975, ,---,A:A975, ,---,0.200401,
A:G976, ,---,A:G976, ,---,0.229978,
---, ,---,A:A977, ,---, ,
A:A977, ,---,---, ,---, ,
A:A978,tWS ,A:G1316,A:A978,tWS ,A:G1316,0.280651,
A:A978,tHW ,A:A1360,A:A978,tHW ,A:A1360,0.280651,
A:C979, ,---,A:C979, ,---,0.216270,
A:C980, ,---,A:C980, ,---,0.141468,
A:U981, ,---,A:U981, ,---,0.158938,
A:U982, ,---,A:U982, ,---,0.143788,
---, ,---,A:A983, ,---, ,
A:A983,cSS ,A:U1049,---, ,A:U1049, ,
A:C984,cWW ,A:G1221,A:C984,cWW ,A:G1221,0.098899,
A:C984,---- ,A:A959,A:C984,cSS ,A:A959,0.098899,
A:C985,cWW ,A:G1220,A:C985,cWW ,A:G1220,0.144098,
A:C985,---- ,A:A958,A:C985,cSS ,A:A958,0.144098,
A:U986,cWW ,A:A1219,A:A986,cWW ,A:U1219,0.186461,
A:G987,cWW ,A:C1218,A:G987,cWW ,A:C1218,0.154897,
A:G988,tSS ,A:A1016,A:G988,tSS ,A:A1016,0.129907,
A:G988,cWW ,A:C1217,A:G988,cWW ,A:C1217,0.129907,
A:U989,cWW ,A:A1216,A:C989,cWW ,A:G1216,0.182509,
A:C990,cWW ,A:G1215,A:C990,cWW ,A:G1215,0.281933,
A:U991,ntWH,A:A1213,A:U991,tWH ,A:A1213,0.315715,
A:U992,tWH ,A:A1044,A:U992,tWH ,A:A1044,0.291986,
A:G993,cWW ,A:C1045,A:G993,cWW ,A:C1045,0.241756,
A:A994, ,---,A:A994, ,---,0.203687,
A:C995,cWS ,A:A1046,A:C995,cWS ,A:A1046,0.192730,
A:A996,cWS ,A:C1045,A:A996,cWS ,A:C1045,0.233845,
A:U997,cWW ,A:A1044,A:U997,cWW ,A:A1044,0.275338,
A:C998,cWW ,A:G1043,A:G998,cWW ,A:C1043,0.446338,
A:C999,cWW ,A:G1041,A:C998A,---- ,A:A1041,0.694473,
A:C999,---- ,A:A1042,A:C998A,cWW ,A:G1042,0.694473,
---, ,A:G1041,A:U999,cWW ,A:A1041, ,
A:A1000,cWW ,A:U1040,A:A1000,cWW ,A:U1040,0.843203,
A:C1001,cWW ,A:G1039,A:G1001,cWW ,A:C1039,0.387354,
A:G1002,cWW ,A:C1038,A:G1002,cWW ,A:C1038,0.376128,
A:G1003,cWW ,A:C1037,A:G1003,cWW ,A:C1037,0.289751,
---, ,---,A:A1004, ,---, ,
---, ,---,A:A1005, ,---, ,
A:A1004,tHS ,A:U1025,---, ,---, ,
A:A1005,tHS ,A:G1024,---, ,---, ,
A:G1006,cWW ,A:U1023,A:C1006,cWW ,A:G1023,0.303719,
A:U1007,cWW ,A:A1022,A:C1007,cWW ,A:G1022,0.303719,
A:U1008,cWW ,A:A1021,A:C1008,cWW ,A:G1021,0.385678,
A:U1009,cWW ,A:G1020,A:G1009,cWW ,A:U1020,0.564305,
A:U1010,cWW ,A:A1019,A:G1010,cWW ,A:C1019,0.527575,
A:C1011,cWW ,A:G1018,A:G1011,cWW ,A:C1018,0.360949,
A:A1012,cWW ,A:U1017,A:U1012,cWW ,A:G1017,0.500890,
A:G1013,ntSH,A:A1016,A:G1013,tSH ,A:A1016,0.537138,
A:A1014, ,---,A:A1014, ,---,0.239341,
A:G1015,cSS ,A:C1218,A:A1015,cSS ,A:C1218,0.228868,
A:A1016,tSS ,A:G988,A:A1016,tSS ,A:G988,0.557484,
A:A1016,cSS ,A:C1217,A:A1016,cSS ,A:C1217,0.557484,
A:A1016,ntHS,A:G1013,A:A1016,tHS ,A:G1013,0.557484,
A:U1017,cWW ,A:A1012,A:G1017,cWW ,A:U1012,0.636980,
A:G1018,cWW ,A:C1011,A:C1018,cWW ,A:G1011,0.444934,
A:A1019,cWW ,A:U1010,A:C1019,cWW ,A:G1010,0.278405,
A:G1020,cWW ,A:U1009,A:U1020,cWW ,A:G1009,0.536614,
A:A1021,cWW ,A:U1008,A:G1021,cWW ,A:C1008,0.569265,
A:A1022,cWW ,A:U1007,A:G1022,cWW ,A:C1007,0.231413,
A:U1023,cWW ,A:G1006,A:G1023,cWW ,A:C1006,0.303719,
---, ,---,A:G1024, ,---, ,
---, ,---,A:U1025,cWW ,A:G1036, ,
---, ,---,A:G1026, ,---, ,
A:G1024,tSH ,A:A1005,---, ,---, ,
A:U1025,tSH ,A:A1004,---, ,---, ,
---, ,A:A1036,A:C1027,cWW ,A:G1034, ,
A:G1026,cWW ,A:A1035,A:C1028,cWW ,A:G1033,0.392091,
A:C1027,cWW ,A:G1034,A:C1028A,cWW ,A:G1032B,0.244673,
A:C1028,cWW ,A:G1033,A:C1028B,cWW ,A:G1032A,0.341999,
---, ,---,A:G1029, ,---, ,
---, ,---,A:C1030, ,---, ,
---, ,---,A:G1031, ,---, ,
---, ,---,A:A1032, ,---, ,
A:U1029, ,---,---, ,---, ,
A:U1030, ,---,---, ,---, ,
A:C1031, ,---,---, ,---, ,
A:G1032, ,---,---, ,---, ,
A:G1033,cWW ,A:C1028,A:G1032A,cWW ,A:C1028B,0.341999,
A:G1034,cWW ,A:C1027,A:G1032B,cWW ,A:C1028A,0.341999,
A:A1035,cWW ,A:G1026,A:G1033,cWW ,A:C1028,0.339599,
A:A1036, ,---,A:G1034,cWW ,A:C1027,1.329696,
---, ,---,A:A1035, ,---, ,
---, ,---,A:G1036,cWW ,A:U1025, ,
A:C1037,cWW ,A:G1003,A:C1037,cWW ,A:G1003,1.452424,
A:C1038,cWW ,A:G1002,A:C1038,cWW ,A:G1002,0.289751,
A:G1039,cWW ,A:C1001,A:C1039,cWW ,A:G1001,0.355997,
A:U1040,cWW ,A:A1000,A:U1040,cWW ,A:A1000,0.289448,
A:G1041,cWW ,A:C999,A:A1041,---- ,A:C998A,0.667039,
A:G1041, ,---,A:A1041,cWW ,A:U999,0.667039,
A:A1042,---- ,A:C999,A:G1042,cWW ,A:C998A,0.686116,
A:G1043,cWW ,A:C998,A:C1043,cWW ,A:G998,0.299365,
A:A1044,tHW ,A:U992,A:A1044,tHW ,A:U992,0.276363,
A:A1044,cWW ,A:U997,A:A1044,cWW ,A:U997,0.276363,
A:C1045,cWW ,A:G993,A:C1045,cWW ,A:G993,0.227165,
A:C1045,cSW ,A:A996,A:C1045,cSW ,A:A996,0.227165,
A:A1046,cSW ,A:C995,A:A1046,cSW ,A:C995,0.209240,
A:A1046,tWW ,A:A1213,A:A1046,ntWW,A:A1213,0.209240,
A:G1047,cWW ,A:C1210,A:G1047,cWW ,A:C1210,0.188515,
A:G1048,cWW ,A:C1209,A:G1048,cWW ,A:C1209,0.087757,
A:U1049,cSS ,A:A983,A:U1049, ,---,0.315497,
A:G1050,cWW ,A:C1208,A:G1050,cWW ,A:C1208,0.076609,
A:C1051,cWW ,A:G1207,A:C1051,cWW ,A:G1207,0.086969,
A:U1052,cWW ,A:G1206,A:U1052,cWW ,A:G1206,0.117284,
A:G1053,cWH ,A:G1057,A:G1053,cWH ,A:G1057,0.143137,
A:C1054, ,---,A:C1054, ,---,0.288929,
A:A1055,tHW ,A:C1200,A:A1055,ntHW,A:C1200,0.206544,
A:A1055,cWS ,A:U1205,A:A1055,cWW ,A:U1205,0.206544,
A:U1056,cWW ,A:A1204,A:U1056,cWW ,A:A1204,0.155820,
A:G1057,cHW ,A:G1053,A:G1057,cHW ,A:G1053,0.086239,
A:G1057,cWW ,A:C1203,A:G1057,cWW ,A:C1203,0.086239,
A:G1058,cWW ,A:U1199,A:G1058,cWW ,A:U1199,0.125443,
A:G1058,tSH ,A:U1202,A:G1058,tSH ,A:G1202,0.125443,
A:C1059,cWW ,A:G1198,A:C1059,cWW ,A:G1198,0.153459,
A:U1060,cWW ,A:A1197,A:C1060,cWW ,A:G1197,0.144441,
A:G1061,cWW ,A:C1195,A:G1061,cWW ,A:C1195,0.116919,
A:U1062,cWW ,A:U1194,A:U1062,cWW ,A:U1194,0.125724,
A:C1063,cWW ,A:G1193,A:C1063,cWW ,A:G1193,0.127722,
A:G1064,tSS ,A:G1190,A:G1064,tSS ,A:G1190,0.131385,
A:U1065, ,---,A:U1065, ,---,0.136617,
A:C1066,tWH ,A:A1191,A:C1066,tWH ,A:A1191,0.122995,
A:A1067, ,---,A:A1067, ,---,0.122284,
A:G1068,cWW ,A:C1107,A:G1068,cWW ,A:C1107,0.118249,
A:C1069,cWW ,A:G1106,A:C1069,cWW ,A:G1106,0.133932,
A:U1070,cWW ,A:A1105,A:U1070,cWW ,A:A1105,0.114532,
A:C1071,tHH ,A:U1085,A:C1071,tHH ,A:U1085,0.088661,
A:C1071,cWW ,A:G1104,A:C1071,cWW ,A:G1104,0.088661,
A:G1072,tHS ,A:G1084,A:G1072,tHS ,A:G1084,0.076181,
A:G1072,cWW ,A:C1103,A:G1072,cWW ,A:C1103,0.076181,
A:U1073,cWW ,A:A1102,A:U1073,cWW ,A:A1102,0.073798,
A:G1074,cWW ,A:U1083,A:G1074,cWW ,A:U1083,0.103297,
A:G1074,tSS ,A:A1101,A:G1074,tSS ,A:A1101,0.103297,
A:U1075,cWW ,A:A1082,A:C1075,cWW ,A:G1082,0.100020,
A:U1076,cWW ,A:A1081,A:C1076,cWW ,A:G1081,0.139091,
A:G1077, ,---,A:G1077, ,---,0.152627,
A:U1078, ,---,A:U1078, ,---,0.194651,
A:G1079,ncSS,A:U17,A:G1079,cSS ,A:U17,0.290975,
A:A1080,ncSS,A:A16,A:A1080,cSS ,A:A16,0.246861,
A:A1080,ntSS,A:A919,A:A1080,tSS ,A:A919,0.246861,
A:A1081,cWW ,A:U1076,A:G1081,cWW ,A:C1076,0.173191,
A:A1082,cWW ,A:U1075,A:G1082,cWW ,A:C1075,0.091094,
A:U1083,cWW ,A:G1074,A:U1083,cWW ,A:G1074,0.126234,
A:G1084,tSH ,A:G1072,A:G1084,tSH ,A:G1072,0.140919,
A:G1084,ncSH,A:C1103,A:G1084,cSH ,A:C1103,0.140919,
A:U1085,tHH ,A:C1071,A:U1085,tHH ,A:C1071,0.160118,
A:U1086, ,---,A:U1086, ,---,0.173967,
A:G1087,cWW ,A:C1098,A:G1087,cWW ,A:C1098,0.150095,
A:G1088,cWW ,A:C1097,A:G1088,cWW ,A:C1097,0.137999,
A:G1089,cWW ,A:C1096,A:G1089,cWW ,A:C1096,0.187118,
A:G1089,ntSS,A:A1170,A:G1089,tSS ,A:A1170,0.187118,
A:U1090,cWW ,A:U1095,A:U1090,cWW ,A:U1095,0.102441,
A:U1091, ,---,A:U1091, ,---,0.174971,
A:A1092, ,---,A:A1092, ,---,0.225674,
A:A1093, ,---,A:A1093, ,---,0.225674,
A:G1094, ,---,A:G1094, ,---,0.155179,
A:U1095,cWW ,A:U1090,A:U1095,cWW ,A:U1090,0.174971,
A:C1096,cWW ,A:G1089,A:C1096,cWW ,A:G1089,0.162109,
A:C1096,cSS ,A:A1170,A:C1096,ncSS,A:A1170,0.162109,
A:C1097,cWW ,A:G1088,A:C1097,cWW ,A:G1088,0.184052,
A:C1097,cSS ,A:A1169,A:C1097,cSS ,A:A1169,0.184052,
A:C1098,cWW ,A:G1087,A:C1098,cWW ,A:G1087,0.087058,
A:G1099, ,---,A:G1099, ,---,0.180102,
A:C1100, ,---,A:C1100, ,---,0.180102,
A:A1101,tSS ,A:G1074,A:A1101,tSS ,A:G1074,0.131535,
A:A1102,cWW ,A:U1073,A:A1102,cWW ,A:U1073,0.084347,
A:C1103,cWW ,A:G1072,A:C1103,cWW ,A:G1072,0.071301,
A:C1103,ncHS,A:G1084,A:C1103,cHS ,A:G1084,0.071301,
A:G1104,cWW ,A:C1071,A:G1104,cWW ,A:C1071,0.100553,
A:A1105,cWW ,A:U1070,A:A1105,cWW ,A:U1070,0.109664,
A:G1106,cWW ,A:C1069,A:G1106,cWW ,A:C1069,0.104097,
A:C1107,cWW ,A:G1068,A:C1107,cWW ,A:G1068,0.092509,
A:G1108, ,---,A:G1108, ,---,0.095370,
A:C1109, ,---,A:C1109, ,---,0.114039,
A:A1110, ,---,A:A1110, ,---,0.136928,
A:A1111, ,---,A:A1111, ,---,0.142509,
A:C1112, ,---,A:C1112, ,---,0.128402,
A:C1113,cWW ,A:G1187,A:C1113,cWW ,A:G1187,0.118536,
A:C1114,cWW ,A:G1186,A:C1114,cWW ,A:G1186,0.250797,
A:U1115,cWW ,A:G1185,A:C1115,cWW ,A:G1185,0.258389,
A:U1116,cWW ,A:G1184,A:C1116,cWW ,A:G1184,0.209514,
A:A1117, ,---,A:G1117, ,---,0.223615,
A:U1118,cWW ,A:A1155,A:C1118,cWW ,A:G1155,0.176107,
A:C1119,cWW ,A:G1154,A:C1119,cWW ,A:G1154,0.119521,
A:C1120,cWW ,A:G1153,A:G1120,cWW ,A:C1153,0.236673,
A:U1121,cWW ,A:A1152,A:U1121,cWW ,A:A1152,0.236584,
A:U1122,cWW ,A:A1151,A:U1122,cWW ,A:A1151,0.279550,
A:U1123,cWW ,A:A1150,A:A1123,cWW ,A:U1150,0.380034,
A:G1124,cSH ,A:U1125,A:G1124, ,---,0.337992,
A:G1124,cWW ,A:C1149,A:G1124,cWW ,A:C1149,0.337992,
---, ,---,A:U1125, ,---, ,
---, ,---,A:U1126, ,---, ,
A:U1125,cHS ,A:G1124,---, ,A:G1124, ,
A:U1125,cWH ,A:A1280,---, ,A:A1280, ,
A:U1126, ,---,---, ,---, ,
A:G1127,cWW ,A:A1145,---, ,---, ,
A:C1128,cWW ,A:G1144,A:G1127, ,---,0.322541,
A:C1129,cWW ,A:G1143,A:C1128,---- ,A:G1143,0.522552,
---, ,A:G1143,A:C1129,cWW ,A:G1143, ,
A:A1130, ,---,A:A1130, ,---,0.524085,
---, ,---,A:G1131, ,---, ,
A:G1131, ,---,---, ,---, ,
A:C1132,cWW ,A:G1142,A:C1132,cWW ,A:G1142,0.498131,
A:G1133,cWW ,A:C1141,A:G1133,cWW ,A:C1141,0.155403,
A:G1134,cWW ,A:C1140,A:G1134,cWW ,A:C1140,0.213495,
A:U1135,tSW ,A:G1138,A:U1135,tSW ,A:G1138,0.213495,
---, ,---,A:U1136, ,---, ,
---, ,---,A:C1137, ,---, ,
A:C1136, ,---,---, ,---, ,
A:C1137, ,---,---, ,---, ,
A:G1138,tWS ,A:U1135,A:G1138,tWS ,A:U1135,0.254026,
---, ,---,A:G1139, ,---, ,
A:G1139,cWH ,A:G1142,---, ,A:G1142, ,
A:C1140,cWW ,A:G1134,A:C1140,cWW ,A:G1134,0.254026,
A:C1141,cWW ,A:G1133,A:C1141,cWW ,A:G1133,0.170796,
A:G1142,cWW ,A:C1132,A:G1142,cWW ,A:C1132,0.267576,
A:G1142,cHW ,A:G1139,A:G1142, ,---,0.267576,
A:G1143,cWW ,A:C1129,A:G1143,---- ,A:C1128,0.392070,
A:G1143, ,---,A:G1143,cWW ,A:C1129,0.392070,
---, ,---,A:G1144, ,---, ,
---, ,---,A:C1145, ,---, ,
A:G1144,cWW ,A:C1128,---, ,A:G1127, ,
A:A1145,cWW ,A:G1127,---, ,---, ,
A:A1146, ,---,A:A1146, ,---,0.448798,
A:C1147, ,---,A:C1147, ,---,0.434968,
A:U1148, ,---,A:U1148, ,---,0.243905,
A:C1149,cWW ,A:G1124,A:C1149,cWW ,A:G1124,0.304011,
A:C1149,cSW ,A:A1280,A:C1149,cSW ,A:A1280,0.304011,
A:A1150,cWW ,A:U1123,A:U1150,cWW ,A:A1123,0.374655,
A:A1151,cWW ,A:U1122,A:A1151,cWW ,A:U1122,0.297268,
A:A1152,cWW ,A:U1121,A:A1152,cWW ,A:U1121,0.220096,
A:G1153,cWW ,A:C1120,A:C1153,cWW ,A:G1120,0.245048,
A:G1154,cWW ,A:C1119,A:G1154,cWW ,A:C1119,0.165923,
A:A1155,cWW ,A:U1118,A:G1155,cWW ,A:C1118,0.096631,
A:G1156,tSW ,A:A1179,A:G1156,tSW ,A:A1179,0.203008,
A:A1157,tWS ,A:G1178,A:A1157,ns35,A:G1178,0.349053,
A:C1158,cWW ,A:G1181,A:C1158,ncWW,A:G1181,0.421173,
---, ,---,A:U1159,cWW ,A:G1177, ,
A:U1159,cSH ,A:C1161,---, ,A:C1161, ,
A:G1160,cWW ,A:A1176,A:G1160,ncWW,A:A1176,0.495860,
A:G1160,cHW ,A:G1182,A:G1160,ncHS,A:G1182,0.495860,
A:C1161,cHS ,A:U1159,A:C1161, ,---,0.447581,
A:C1161,cWW ,A:G1175,A:C1161,cWW ,A:G1175,0.447581,
A:C1162,cWW ,A:G1174,A:C1162,cWW ,A:G1174,0.136734,
A:A1163,cWW ,A:U1173,A:C1163,cWW ,A:G1173,0.219728,
A:G1164,cWW ,A:C1172,A:G1164,cWW ,A:C1172,0.226589,
A:U1165,cWW ,A:A1171,A:C1165,cWW ,A:G1171,0.172783,
A:G1166,tSH ,A:A1170,A:G1166,tSH ,A:A1170,0.269104,
A:A1167, ,---,A:A1167, ,---,0.475524,
A:U1168, ,---,---, ,---, ,
A:A1169,cSS ,A:C1097,A:A1169,cSS ,A:C1097,0.365987,
A:A1170,cSS ,A:C1096,A:A1170,ncSS,A:C1096,0.365987,
A:A1170,tHS ,A:G1166,A:A1170,tHS ,A:G1166,0.365987,
A:A1170,ntSS,A:G1089,A:A1170,tSS ,A:G1089,0.365987,
A:A1171,cWW ,A:U1165,A:G1171,cWW ,A:C1165,0.225504,
A:C1172,cWW ,A:G1164,A:C1172,cWW ,A:G1164,0.189179,
A:U1173,cWW ,A:A1163,A:G1173,cWW ,A:C1163,0.245330,
A:G1174,cWW ,A:C1162,A:G1174,cWW ,A:C1162,0.135667,
A:G1175,cWW ,A:C1161,A:G1175,cWW ,A:C1161,0.216787,
A:A1176,cWW ,A:G1160,A:A1176,ncWW,A:G1160,0.447581,
---, ,---,A:G1177,cWW ,A:U1159, ,
A:G1177,tWH ,A:G1181,---, ,A:G1181, ,
A:G1178,tSW ,A:A1157,A:G1178,ns53,A:A1157,0.497794,
A:A1179,tWS ,A:G1156,A:A1179,tWS ,A:G1156,0.237812,
A:A1180, ,---,A:A1180, ,---,0.398209,
A:G1181,cWW ,A:C1158,A:G1181,ncWW,A:C1158,0.484174,
A:G1181,tHW ,A:G1177,A:G1181, ,---,0.484174,
A:G1182,cWH ,A:G1160,A:G1182,ncSH,A:G1160,0.456674,
A:U1183, ,---,A:A1183, ,---,0.191349,
A:G1184,cWW ,A:U1116,A:G1184,cWW ,A:C1116,0.198282,
A:G1185,cWW ,A:U1115,A:G1185,cWW ,A:C1115,0.225442,
A:G1186,cWW ,A:C1114,A:G1186,cWW ,A:C1114,0.260506,
A:G1187,cWW ,A:C1113,A:G1187,cWW ,A:C1113,0.106348,
A:A1188, ,---,A:A1188, ,---,0.160932,
A:U1189, ,---,A:C1189, ,---,0.185888,
A:G1190,tSS ,A:G1064,A:G1190,tSS ,A:G1064,0.122544,
A:A1191,tHW ,A:C1066,A:A1191,tHW ,A:C1066,0.152532,
A:C1192, ,---,A:C1192, ,---,0.166362,
A:G1193,cWW ,A:C1063,A:G1193,cWW ,A:C1063,0.120730,
A:U1194,cWW ,A:U1062,A:U1194,cWW ,A:U1062,0.138607,
A:C1195,cWW ,A:G1061,A:C1195,cWW ,A:G1061,0.118858,
---, ,---,A:U1196, ,---, ,
A:A1196, ,---,---, ,---, ,
A:A1197,cWW ,A:U1060,A:G1197,cWW ,A:C1060,0.143799,
A:G1198,cWW ,A:C1059,A:G1198,cWW ,A:C1059,0.152646,
A:U1199,cWW ,A:G1058,A:U1199,cWW ,A:G1058,0.113442,
A:C1200,tWH ,A:A1055,A:C1200,ntWH,A:A1055,0.205118,
A:A1201, ,---,A:A1201, ,---,0.227063,
A:U1202,tHS ,A:G1058,A:G1202,tHS ,A:G1058,0.150907,
A:C1203,cWW ,A:G1057,A:C1203,cWW ,A:G1057,0.150907,
A:A1204,cWW ,A:U1056,A:A1204,cWW ,A:U1056,0.289876,
A:U1205,cSW ,A:A1055,A:U1205,cWW ,A:A1055,0.352824,
A:G1206,cWW ,A:U1052,A:G1206,cWW ,A:U1052,0.185785,
A:G1207,cWW ,A:C1051,A:G1207,cWW ,A:C1051,0.078975,
A:C1208,cWW ,A:G1050,A:C1208,cWW ,A:G1050,0.087452,
A:C1209,cWW ,A:G1048,A:C1209,cWW ,A:G1048,0.069239,
A:C1210,cWW ,A:G1047,A:C1210,cWW ,A:G1047,0.178123,
A:U1211, ,---,A:U1211, ,---,0.188515,
A:U1212, ,---,A:U1212, ,---,0.476440,
A:A1213,tWW ,A:A1046,A:A1213,ntWW,A:A1046,0.286880,
A:A1213,ntHW,A:U991,A:A1213,tHW ,A:U991,0.286880,
A:C1214, ,---,A:C1214, ,---,0.076231,
A:G1215,cWW ,A:C990,A:G1215,cWW ,A:C990,0.315715,
A:A1216,cWW ,A:U989,A:G1216,cWW ,A:C989,0.163419,
A:C1217,cWW ,A:G988,A:C1217,cWW ,A:G988,0.153564,
A:C1217,cSS ,A:A1016,A:C1217,cSS ,A:A1016,0.153564,
A:C1218,cWW ,A:G987,A:C1218,cWW ,A:G987,0.148556,
A:C1218,cSS ,A:G1015,A:C1218,cSS ,A:A1015,0.148556,
A:A1219,cWW ,A:U986,A:U1219,cWW ,A:A986,0.188731,
A:G1220,cWW ,A:C985,A:G1220,cWW ,A:C985,0.165830,
A:G1221,tSS ,A:A959,A:G1221,tSS ,A:A959,0.102923,
A:G1221,cWW ,A:C984,A:G1221,cWW ,A:C984,0.102923,
A:G1222, ,---,A:G1222, ,---,0.140792,
A:C1223, ,---,A:C1223, ,---,0.143788,
---, ,---,A:G1224, ,---, ,
A:U1224,cWW ,A:A1362,---, ,A:C1362A, ,
A:A1225,cWW ,A:U955,A:A1225,cWW ,A:U955,0.208803,
A:C1226,cWW ,A:G954,A:C1226,cWW ,A:G954,0.122243,
---, ,---,A:A1227, ,---, ,
A:A1227, ,---,---, ,---, ,
A:C1228,cWW ,A:G953,A:C1228,cWW ,A:G953,0.119720,
A:A1229,cWW ,A:U952,A:A1229,cWW ,A:U952,0.093810,
A:C1230,cWW ,A:G951,A:C1230,cWW ,A:G951,0.088445,
A:G1231,cWW ,A:U950,A:G1231,cWW ,A:U950,0.086838,
A:U1232,cWW ,A:A949,A:U1232,cWW ,A:A949,0.106403,
A:G1233,cWW ,A:C948,A:G1233,cWW ,A:C948,0.071585,
A:C1234,cWW ,A:G947,A:C1234,cWW ,A:G947,0.102964,
A:U1235,cWW ,A:A946,A:U1235,cWW ,A:A946,0.171291,
A:A1236,cWW ,A:G945,A:A1236,ncWW,A:G945,0.131100,
A:C1237,cWW ,A:G1337,A:C1237,cWW ,A:G1337,0.153288,
A:A1238,cSS ,A:G1241,A:A1238,ncSS,A:G1241,0.205087,
A:A1238,tHW ,A:U1301,A:A1238,tHW ,A:U1301,0.205087,
A:A1239, ,---,A:A1239, ,---,0.248727,
A:U1240, ,---,A:U1240, ,---,0.270797,
A:G1241,cSS ,A:A1238,A:G1241,ncSS,A:A1238,0.293512,
A:G1241,cWW ,A:C1296,A:G1241,cWW ,A:C1296,0.293512,
A:G1242,cWW ,A:U1295,A:C1242,cWW ,A:G1295,0.438265,
A:C1243,cWW ,A:G1294,A:C1243,cWW ,A:G1294,0.465864,
A:G1244,cWW ,A:C1293,A:C1244,cWW ,A:G1293,0.459308,
A:C1245,cWW ,A:G1292,A:A1245,cWW ,A:U1292,0.494410,
A:A1246,cWW ,A:U1291,A:C1246,cWW ,A:G1291,0.407792,
A:U1247,cWW ,A:G1290,A:U1247,cWW ,A:G1290,0.358963,
A:A1248,tWH ,A:A1289,A:A1248,tWH ,A:A1289,0.280774,
A:C1249,tWH ,A:A1288,A:C1249,tWH ,A:A1288,0.143723,
A:A1250, ,---,A:A1250, ,---,0.114606,
A:A1251, ,---,A:A1251, ,---,0.162054,
A:A1252,tWW ,A:A1285,A:A1252,tWW ,A:A1285,0.210069,
A:G1253,cWW ,A:C1284,A:G1253,cWW ,A:C1284,0.212948,
A:A1254,cWW ,A:U1283,A:C1254,cWW ,A:G1283,0.192421,
A:G1255,cSS ,A:C1259,A:G1255,cSS ,A:C1259,0.214960,
A:G1255,cWW ,A:C1282,A:G1255,cWW ,A:C1282,0.214960,
A:G1255,ncSS,A:G1258,A:G1255,cSS ,A:G1258,0.214960,
---, ,---,A:A1256, ,---, ,
---, ,---,A:U1257, ,---, ,
A:A1256, ,---,---, ,---, ,
A:A1257, ,---,---, ,---, ,
A:G1258,cWW ,A:C1277,A:G1258,cWW ,A:C1277,0.174532,
A:G1258,ncSS,A:G1255,A:G1258,cSS ,A:G1255,0.174532,
A:C1259,cSS ,A:G1255,A:C1259,cSS ,A:G1255,0.174532,
A:C1259,cWW ,A:G1276,A:C1259,cWW ,A:G1276,0.174532,
A:G1260,tSH ,A:A1275,A:C1260,tSH ,A:A1275,0.325456,
A:G1260,s33 ,A:A1274,A:C1260,cWW ,A:G1274,0.325456,
A:A1261,tHS ,A:A1274,A:A1261,tHS ,A:G1274,0.351347,
A:C1262,bif ,A:C1273,A:C1262,cWW ,A:G1273,0.420846,
A:C1263,cWW ,A:G1272,A:C1263,cWW ,A:G1272,0.341525,
A:U1264,cWW ,A:A1271,A:C1264,cWW ,A:G1271,0.252260,
A:C1265,cWW ,A:G1270,A:G1265,cWW ,A:C1270,0.372964,
A:G1266, ,---,A:G1266, ,---,0.355999,
A:C1267, ,---,A:C1267, ,---,0.158288,
A:G1268,cSS ,A:U1326,A:A1268,cSS ,A:C1326,0.158288,
A:A1269,tSS ,A:G1312,A:A1269,tSS ,A:G1312,0.222385,
A:A1269,---- ,A:C1325,A:A1269,cSS ,A:C1325,0.222385,
A:G1270,cWW ,A:C1265,A:C1270,cWW ,A:G1265,0.398746,
A:A1271,cWW ,A:U1264,A:G1271,cWW ,A:C1264,0.259330,
A:G1272,cWW ,A:C1263,A:G1272,cWW ,A:C1263,0.251326,
A:C1273,bif ,A:C1262,A:G1273,cWW ,A:C1262,0.353831,
A:A1274,tSH ,A:A1261,A:G1274,tSH ,A:A1261,0.372143,
A:A1274,s33 ,A:G1260,A:G1274,cWW ,A:C1260,0.372143,
A:A1275,tHS ,A:G1260,A:A1275,tHS ,A:C1260,0.405008,
A:G1276,cWW ,A:C1259,A:G1276,cWW ,A:C1259,0.243490,
A:G1276,cSS ,A:C1282,A:G1276,ncSS,A:C1282,0.243490,
A:C1277,cWW ,A:G1258,A:C1277,cWW ,A:G1258,0.094157,
A:C1277,cSS ,A:G1279,A:C1277, ,---,0.094157,
---, ,---,A:U1278, ,---, ,
---, ,---,A:A1279, ,---, ,
A:G1278, ,---,---, ,---, ,
A:G1279,cSS ,A:C1277,---, ,A:C1277, ,
A:A1280,cHW ,A:U1125,A:A1280, ,---,0.341467,
A:A1280,cWS ,A:C1149,A:A1280,cWS ,A:C1149,0.341467,
---, ,---,A:U1281, ,---, ,
A:C1281, ,---,---, ,---, ,
A:C1282,cWW ,A:G1255,A:C1282,cWW ,A:G1255,0.202131,
A:C1282,cSS ,A:G1276,A:C1282,ncSS,A:G1276,0.202131,
A:U1283,cWW ,A:A1254,A:G1283,cWW ,A:C1254,0.208481,
A:C1284,cWW ,A:G1253,A:C1284,cWW ,A:G1253,0.204864,
A:A1285,tWW ,A:A1252,A:A1285,tWW ,A:A1252,0.212948,
---, ,---,A:A1286, ,---, ,
A:U1286, ,---,---, ,---, ,
A:A1287, ,---,A:A1287, ,---,0.127636,
A:A1288,tHW ,A:C1249,A:A1288,tHW ,A:C1249,0.136079,
A:A1289,tHW ,A:A1248,A:A1289,tHW ,A:A1248,0.194097,
A:G1290,cWW ,A:U1247,A:G1290,cWW ,A:U1247,0.310136,
A:U1291,cWW ,A:A1246,A:G1291,cWW ,A:C1246,0.428732,
A:G1292,cWW ,A:C1245,A:U1292,cWW ,A:A1245,0.469333,
A:C1293,cWW ,A:G1244,A:G1293,cWW ,A:C1244,0.499370,
A:G1294,cWW ,A:C1243,A:G1294,cWW ,A:C1243,0.437012,
A:U1295,cWW ,A:G1242,A:G1295,cWW ,A:C1242,0.457235,
A:C1296,cWW ,A:G1241,A:C1296,cWW ,A:G1241,0.376109,
A:G1297, ,---,A:C1297, ,---,0.358324,
A:U1298, ,---,A:C1298, ,---,0.349805,
A:A1299, ,---,A:A1299, ,---,0.221008,
A:G1300,cSH ,A:U1301,A:G1300,ncSH,A:U1301,0.231296,
A:U1301,tWH ,A:A1238,A:U1301,tWH ,A:A1238,0.228760,
A:U1301,cHS ,A:G1300,A:U1301,ncHS,A:G1300,0.228760,
A:C1302, ,---,A:U1302, ,---,0.487771,
A:C1303,cWW ,A:G1334,A:C1303,cWW ,A:G1334,0.217935,
A:G1304,tSH ,A:A1333,A:G1304,tSH ,A:A1333,0.188047,
A:G1305,tSH ,A:A1332,A:G1305,tSH ,A:A1332,0.175522,
A:A1306,tHS ,A:G1331,A:A1306,tHS ,A:G1331,0.168740,
A:U1307,cWW ,A:U1330,A:U1307,cWW ,A:U1330,0.125442,
A:U1308,cWW ,A:A1329,A:U1308,cWW ,A:A1329,0.117672,
A:G1309,cWW ,A:C1328,A:G1309,cWW ,A:C1328,0.115073,
A:G1310,cWW ,A:C1327,A:G1310,cWW ,A:C1327,0.165284,
A:A1311,cWW ,A:U1326,A:G1311,cWW ,A:C1326,0.130391,
A:G1312,tSS ,A:A1269,A:G1312,tSS ,A:A1269,0.111508,
A:G1312,cWW ,A:C1325,A:G1312,cWW ,A:C1325,0.111508,
A:U1313,cWW ,A:A1324,A:U1313,cWW ,A:A1324,0.105971,
A:C1314,cWW ,A:G1323,A:C1314,cWW ,A:G1323,0.119845,
A:U1315,tWH ,A:A1319,A:U1315,ntWH,A:A1319,0.197888,
A:U1315,ncSS,A:A1360,A:U1315,cSS ,A:A1360,0.197888,
A:G1316,tSW ,A:A978,A:G1316,tSW ,A:A978,0.224446,
A:C1317, ,---,A:C1317, ,---,0.221298,
A:A1318, ,---,A:A1318, ,---,0.221298,
A:A1319,tHW ,A:U1315,A:A1319,ntHW,A:U1315,0.223562,
A:A1319,tWS ,A:G1361,A:A1319,ntWS,A:G1361,0.223562,
A:C1320, ,---,A:C1320, ,---,0.264457,
A:U1321, ,---,A:C1321, ,---,0.252961,
---, ,---,A:C1322, ,---, ,
A:C1322, ,---,---, ,---, ,
A:G1323,cWW ,A:C1314,A:G1323,cWW ,A:C1314,0.152545,
A:A1324,cWW ,A:U1313,A:A1324,cWW ,A:U1313,0.105734,
A:C1325,cWW ,A:G1312,A:C1325,cWW ,A:G1312,0.093878,
A:C1325,---- ,A:A1269,A:C1325,cSS ,A:A1269,0.093878,
A:U1326,cSS ,A:G1268,A:C1326,cSS ,A:A1268,0.134502,
A:U1326,cWW ,A:A1311,A:C1326,cWW ,A:G1311,0.134502,
A:C1327,cWW ,A:G1310,A:C1327,cWW ,A:G1310,0.163874,
A:C1328,cWW ,A:G1309,A:C1328,cWW ,A:G1309,0.111268,
A:A1329,cWW ,A:U1308,A:A1329,cWW ,A:U1308,0.121881,
A:U1330,cWW ,A:U1307,A:U1330,cWW ,A:U1307,0.107976,
A:G1331,tSH ,A:A1306,A:G1331,tSH ,A:A1306,0.165319,
A:A1332,tHS ,A:G1305,A:A1332,tHS ,A:G1305,0.182548,
A:A1333,cSS ,A:A946,A:A1333,cSS ,A:A946,0.166064,
A:A1333,tHS ,A:G1304,A:A1333,tHS ,A:G1304,0.166064,
A:G1334,cWW ,A:C1303,A:G1334,cWW ,A:C1303,0.162881,
A:U1335, ,---,A:C1335, ,---,0.261151,
A:C1336, ,---,A:C1336, ,---,0.168295,
A:G1337,cWW ,A:C1237,A:G1337,cWW ,A:C1237,0.168295,
A:G1338, ,---,A:G1338, ,---,0.142872,
A:A1339,tHS ,A:G944,A:A1339,tHS ,A:G944,0.146874,
A:A1340,cWW ,A:U943,A:A1340,cWW ,A:U943,0.111064,
A:U1341,cWW ,A:G942,A:U1341,cWW ,A:G942,0.053380,
A:C1342,cWW ,A:G941,A:C1342,cWW ,A:G941,0.095452,
A:G1343,cWW ,A:C940,A:G1343,cWW ,A:C940,0.124894,
A:C1344,cWW ,A:G939,A:C1344,cWW ,A:G939,0.160279,
A:U1345, ,---,A:U1345, ,---,0.166427,
A:A1346,tHH ,A:A1375,A:A1346,---- ,A:A1375,0.187665,
A:G1347,cSH ,A:U1348,A:G1347,cSH ,A:U1348,0.185096,
A:U1348,cHS ,A:G1347,A:U1348,cHS ,A:G1347,0.184297,
A:U1348,tWH ,A:A1374,A:U1348, ,---,0.184297,
A:A1349,tHS ,A:G1373,A:A1349,tHS ,A:G1373,0.196217,
A:A1350,cWW ,A:U1372,A:A1350,cWW ,A:U1372,0.133806,
A:U1351,cWW ,A:G1371,A:U1351,cWW ,A:G1371,0.115647,
A:C1352,cWW ,A:G1370,A:C1352,cWW ,A:G1370,0.091578,
A:G1353,cWW ,A:C1369,A:G1353,cWW ,A:C1369,0.092444,
A:U1354,cWW ,A:A1368,A:C1354,cWW ,A:G1368,0.112957,
A:G1355,cWW ,A:C1367,A:G1355,cWW ,A:C1367,0.128934,
A:G1356,cWW ,A:C1366,A:G1356,cWW ,A:C1366,0.163773,
A:A1357,cWW ,A:G1365,A:A1357,cWW ,A:G1365,0.147827,
A:U1358,tWW ,A:A1363,A:U1358,tWW ,A:A1363,0.229978,
A:C1359, ,---,A:C1359, ,---,0.229978,
A:A1360,tWH ,A:A978,A:A1360,tWH ,A:A978,0.230560,
A:A1360,ncSS,A:U1315,A:A1360,cSS ,A:U1315,0.230560,
A:G1361,tSW ,A:A1319,A:G1361,ntSW,A:A1319,0.378000,
---, ,---,A:C1362, ,---, ,
A:A1362,cWW ,A:U1224,A:C1362A, ,---,0.374136,
A:A1363,tWW ,A:U1358,A:A1363,tWW ,A:U1358,0.274723,
A:U1364, ,---,A:U1364, ,---,0.217240,
A:G1365,cWW ,A:A1357,A:G1365,cWW ,A:A1357,0.256988,
A:C1366,cWW ,A:G1356,A:C1366,cWW ,A:G1356,0.149911,
A:C1367,cWW ,A:G1355,A:C1367,cWW ,A:G1355,0.139372,
A:A1368,cWW ,A:U1354,A:G1368,cWW ,A:C1354,0.117806,
A:C1369,cWW ,A:G1353,A:C1369,cWW ,A:G1353,0.122437,
A:G1370,cWW ,A:C1352,A:G1370,cWW ,A:C1352,0.094389,
A:G1371,cWW ,A:U1351,A:G1371,cWW ,A:U1351,0.086339,
A:U1372,cWW ,A:A1350,A:U1372,cWW ,A:A1350,0.120650,
A:G1373,tSH ,A:A1349,A:G1373,tSH ,A:A1349,0.166170,
---, ,---,A:A1374, ,---, ,
A:A1374,tHW ,A:U1348,---, ,A:U1348, ,
A:A1375,cSS ,A:G939,A:A1375,cSS ,A:G939,0.171637,
A:A1375,tHH ,A:A1346,A:A1375,---- ,A:A1346,0.171637,
A:A1375,nbif,A:C934,A:A1375,bif ,A:C934,0.171637,
A:U1376,cSS ,A:A938,A:U1376,cSS ,A:A938,0.179279,
A:A1377, ,---,A:A1377, ,---,0.125705,
A:C1378,tHS ,A:A937,A:C1378,ntHS,A:A937,0.208052,
A:G1379,cWW ,A:C936,A:G1379,cWW ,A:C936,0.155584,
A:U1380,cWW ,A:A935,A:U1380,cWW ,A:A935,0.133204,
A:U1381, ,---,A:U1381, ,---,0.172698,
A:C1382, ,---,A:C1382, ,---,0.173051,
A:C1383,cWS ,A:A935,A:C1383,cWS ,A:A935,0.161206,
A:C1384,cWW ,A:G933,A:C1384,cWW ,A:G933,0.108024,
A:G1385,cWW ,A:C932,A:G1385,cWW ,A:C932,0.085899,
A:G1386,cWW ,A:C931,A:G1386,cWW ,A:C931,0.122885,
A:G1387,cWW ,A:C930,A:G1387,cWW ,A:C930,0.081187,
A:C1388,cWW ,A:G929,A:C1388,cWW ,A:G929,0.092308,
A:C1389,cWW ,A:G928,A:C1389,cWW ,A:G928,0.106068,
A:U1390,cWW ,A:G927,A:U1390,cWW ,A:G927,0.113427,
A:U1391,cWW ,A:G925,A:U1391,cWW ,A:G925,0.063984,
A:G1392,cWW ,A:C924,A:G1392,cWW ,A:C924,0.072572,
A:U1393,cWW ,A:A923,A:U1393,cWW ,A:A923,0.081033,
A:A1394, ,---,A:A1394, ,---,0.086565,
A:C1395,cWW ,A:G922,A:C1395,cWW ,A:G922,0.147991,
A:C1395,cSS ,A:A1398,A:C1395,cSS ,A:A1398,0.147991,
A:A1396,cWW ,A:U921,A:A1396,cWW ,A:U921,0.162988,
---, ,---,A:C1397, ,---, ,
A:C1397, ,---,---, ,---, ,
A:A1398,tSS ,A:G922,A:A1398,tSS ,A:G922,0.157499,
A:A1398,cSS ,A:C1395,A:A1398,cSS ,A:C1395,0.157499,
A:C1399,cWW ,A:G1504,A:C1399,cWW ,A:G1504,0.131582,
A:C1400, ,---,A:C1400, ,---,0.376991,
A:G1401,cWW ,A:C1501,A:G1401,cWW ,A:C1501,0.131582,
A:C1402,cWW ,A:A1500,A:C1402,cWW ,A:A1500,0.105220,
A:C1403,cSW ,A:A1499,A:C1403,cSW ,A:A1499,0.121852,
A:C1404,cWW ,A:G1497,A:C1404,cWW ,A:G1497,0.127901,
A:C1404,cSS ,A:A1519,A:C1404,cSS ,A:A1519,0.127901,
A:G1405,cWW ,A:C1496,A:G1405,cWW ,A:C1496,0.127281,
A:G1405,cSS ,A:A1518,A:G1405,cSS ,A:A1518,0.127281,
A:U1406, ,---,A:U1406, ,---,0.185759,
A:C1407,cWW ,A:G1494,A:C1407,cWW ,A:G1494,0.276632,
A:A1408, ,---,A:A1408, ,---,0.308296,
A:C1409,cWW ,A:G1491,A:C1409,cWW ,A:G1491,0.228314,
A:A1410,cWW ,A:U1490,A:G1410,cWW ,A:C1490,0.176602,
A:C1411,cWW ,A:G1489,A:C1411,cWW ,A:G1489,0.104925,
A:C1412,cWW ,A:G1488,A:C1412,cWW ,A:G1488,0.075898,
A:A1413,cSS ,A:A909,A:A1413,cSS ,A:A909,0.091708,
A:A1413,cWW ,A:G1487,A:A1413,cWW ,A:G1487,0.091708,
A:U1414,cWW ,A:G1486,A:U1414,cWW ,A:G1486,0.085571,
A:G1415,cWW ,A:U1485,A:G1415,cWW ,A:U1485,0.074572,
A:G1416,cWW ,A:C1484,A:G1416,cWW ,A:C1484,0.118125,
A:G1417,tSH ,A:A1483,A:G1417,tSH ,A:A1483,0.120711,
A:A1418,tHS ,A:G1482,A:A1418,tHS ,A:G1482,0.095960,
A:G1419,cWW ,A:U1481,A:G1419,cWW ,A:U1481,0.093237,
A:U1420,cWW ,A:A1480,A:C1420,cWW ,A:G1480,0.084299,
A:G1421,cWW ,A:C1479,A:G1421,cWW ,A:C1479,0.206768,
A:G1422,cWW ,A:U1478,A:G1422,cWW ,A:C1478,0.211308,
A:G1423,cWW ,A:U1477,A:G1423,cWW ,A:C1477,0.161498,
A:U1424,cWW ,A:A1476,A:C1424,cWW ,A:G1476,0.143205,
A:U1425,cWW ,A:G1475,A:U1425,cWW ,A:G1475,0.325142,
A:G1426,cWW ,A:U1474,A:C1426,cWW ,A:G1474,0.447757,
A:C1427,cWW ,A:G1473,A:U1427,cWW ,A:A1473,0.416217,
A:A1428,cWW ,A:U1472,A:A1428,cWW ,A:U1472,0.305669,
A:A1429,cWW ,A:U1471,A:C1429,cWW ,A:G1471,0.377385,
A:A1430,cWW ,A:U1470,A:C1430,cWW ,A:G1470,0.352322,
A:A1431,tSH ,A:C1469,A:C1431, ,---,0.563690,
A:A1431, ,---,A:C1431,cWW ,A:G1469,0.563690,
A:G1432,tSH ,A:A1468,A:G1432,tSH ,A:A1468,0.572208,
A:A1433,tHS ,A:C1467,A:A1433,ns33,A:G1467,0.371280,
A:A1433,ncSS,A:C335,A:A1433,cSS ,A:C335,0.371280,
A:A1434,----,A:G319,A:A1434,tSS ,A:G319,0.371280,
A:A1434,---- ,A:C334,A:A1434,cSS ,A:C334,0.371280,
A:A1434,nbif,A:C1467,A:A1434,tHS ,A:G1467,0.371280,
A:G1435,cWW ,A:C1466,A:G1435,cWW ,A:C1466,0.384647,
A:U1436,cWW ,A:A1465,A:U1436,cWW ,A:C1465,0.306620,
A:A1437,cWW ,A:U1464,A:C1437,cWW ,A:G1464,0.287470,
A:G1438,cWW ,A:U1463,A:G1438,cWW ,A:C1463,0.314360,
A:G1439,cWW ,A:C1462,A:C1439,cWW ,A:G1462,0.474003,
A:U1440,cWW ,A:G1461,A:C1440,cWW ,A:G1461,0.496913,
---, ,A:C1460,A:G1441,tSH ,A:A1460, ,
---, ,---,A:G1442, ,---, ,
---, ,---,A:G1443, ,---, ,
---, ,---,A:A1446, ,---, ,
A:A1441,tHS ,A:G1461,---, ,A:G1461, ,
A:G1442,cWW ,A:C1460,---, ,A:A1460, ,
A:C1443,cWW ,A:G1459,A:G1447,cWW ,A:C1459,0.403929,
A:U1444,cWW ,A:G1458,A:C1448,cWW ,A:G1455,0.244658,
A:U1445,cWW ,A:G1457,A:C1449,cWW ,A:G1454,0.238328,
---, ,---,A:U1450, ,---, ,
---, ,---,A:A1451, ,---, ,
---, ,---,A:C1452, ,---, ,
---, ,---,A:G1453, ,---, ,
A:A1446,cSS ,A:G148,---, ,A:G148, ,
A:A1447,tSS ,A:C175,---, ,A:C175, ,
A:C1448,cWW ,A:G1455,---, ,---, ,
A:C1449,cWW ,A:G1454,---, ,---, ,
A:U1450, ,---,---, ,---, ,
A:U1451, ,---,---, ,---, ,
A:C1452, ,---,---, ,---, ,
A:G1453, ,---,---, ,---, ,
A:G1454,cWW ,A:C1449,---, ,---, ,
A:G1455,cWW ,A:C1448,---, ,---, ,
A:A1456, ,---,---, ,---, ,
A:G1457,cWW ,A:U1445,A:G1454,cWW ,A:C1449,0.238328,
A:G1458,cWW ,A:U1444,A:G1455,cWW ,A:C1448,0.238328,
A:G1459,cWW ,A:C1443,A:C1459,cWW ,A:G1447,0.321803,
A:C1460,cWW ,A:G1442,A:A1460, ,---,0.403929,
A:C1460, ,---,A:A1460,tHS ,A:G1441,0.403929,
A:G1461,cWW ,A:U1440,A:G1461,cWW ,A:C1440,0.493291,
A:G1461,tSH ,A:A1441,A:G1461, ,---,0.493291,
A:C1462,cWW ,A:G1439,A:G1462,cWW ,A:C1439,0.507663,
A:U1463,cWW ,A:G1438,A:C1463,cWW ,A:G1438,0.301339,
A:U1464,cWW ,A:A1437,A:G1464,cWW ,A:C1437,0.361276,
A:A1465,cWW ,A:U1436,A:C1465,cWW ,A:U1436,0.313046,
A:C1466,cWW ,A:G1435,A:C1466,cWW ,A:G1435,0.275215,
A:C1467,tSH ,A:A1433,A:G1467,ns33,A:A1433,0.363479,
A:C1467,nbif,A:A1434,A:G1467,tSH ,A:A1434,0.363479,
A:A1468,tHS ,A:G1432,A:A1468,tHS ,A:G1432,0.394594,
---, ,A:A1431,A:G1469,cWW ,A:C1431, ,
A:C1469,tHS ,A:A1431,---, ,A:C1431, ,
A:U1470,cWW ,A:A1430,A:G1470,cWW ,A:C1430,0.532711,
A:U1471,cWW ,A:A1429,A:G1471,cWW ,A:C1429,0.367827,
A:U1472,cWW ,A:A1428,A:U1472,cWW ,A:A1428,0.377349,
A:G1473,cWW ,A:C1427,A:A1473,cWW ,A:U1427,0.321463,
A:U1474,cWW ,A:G1426,A:G1474,cWW ,A:C1426,0.445712,
A:G1475,cWW ,A:U1425,A:G1475,cWW ,A:U1425,0.377173,
A:A1476,cWW ,A:U1424,A:G1476,cWW ,A:C1424,0.105597,
A:U1477,cWW ,A:G1423,A:C1477,cWW ,A:G1423,0.152136,
A:U1478,cWW ,A:G1422,A:C1478,cWW ,A:G1422,0.196186,
A:C1479,cWW ,A:G1421,A:C1479,cWW ,A:G1421,0.207916,
A:A1480,cWW ,A:U1420,A:G1480,cWW ,A:C1420,0.125396,
A:U1481,cWW ,A:G1419,A:U1481,cWW ,A:G1419,0.077357,
A:G1482,tSH ,A:A1418,A:G1482,tSH ,A:A1418,0.096372,
A:A1483,tHS ,A:G1417,A:A1483,tHS ,A:G1417,0.111181,
A:C1484,cWW ,A:G1416,A:C1484,cWW ,A:G1416,0.122449,
A:U1485,cWW ,A:G1415,A:U1485,cWW ,A:G1415,0.092795,
A:G1486,cWW ,A:U1414,A:G1486,cWW ,A:U1414,0.083683,
A:G1487,cWW ,A:A1413,A:G1487,cWW ,A:A1413,0.081965,
A:G1488,cWW ,A:C1412,A:G1488,cWW ,A:C1412,0.077844,
A:G1489,cWW ,A:C1411,A:G1489,cWW ,A:C1411,0.111702,
A:U1490,cWW ,A:A1410,A:C1490,cWW ,A:G1410,0.140962,
A:G1491,cWW ,A:C1409,A:G1491,cWW ,A:C1409,0.176602,
---, ,---,A:A1492, ,---, ,
---, ,---,A:A1493, ,---, ,
A:A1492, ,---,---, ,---, ,
A:A1493, ,---,---, ,---, ,
A:G1494,cWW ,A:C1407,A:G1494,cWW ,A:C1407,0.308296,
A:U1495, ,---,A:U1495, ,---,0.204362,
A:C1496,cWW ,A:G1405,A:C1496,cWW ,A:G1405,0.153644,
A:G1497,cWW ,A:C1404,A:G1497,cWW ,A:C1404,0.095865,
A:G1497,ntSS,A:A1518,A:G1497,tSS ,A:A1518,0.095865,
A:U1498,cSH ,A:A1499,A:U1498,cSH ,A:A1499,0.097429,
A:A1499,cWS ,A:C1403,A:A1499,cWS ,A:C1403,0.112150,
A:A1499,cHS ,A:U1498,A:A1499,cHS ,A:U1498,0.112150,
A:A1500,cWW ,A:C1402,A:A1500,cWW ,A:C1402,0.083897,
A:C1501,cWW ,A:G1401,A:C1501,cWW ,A:G1401,0.114509,
---, ,---,A:A1502, ,---, ,
A:A1502,tSS ,A:C924,---, ,A:C924, ,
A:A1503, ,---,A:A1503, ,---,0.177894,
A:G1504,cWW ,A:C1399,A:G1504,cWW ,A:C1399,0.115700,
A:G1505, ,---,A:G1505, ,---,0.128746,
A:U1506, ,---,A:U1506, ,---,0.203783,
A:A1507,cWW ,A:U1528,A:A1507,cWW ,A:U1528,0.145852,
A:A1508,cWW ,A:U1527,A:G1508,cWW ,A:C1527,0.107120,
A:C1509,cWW ,A:G1526,A:C1509,cWW ,A:G1526,0.235679,
A:C1510,cWW ,A:G1525,A:U1510,cWW ,A:G1525,0.324812,
A:G1511,tSS ,A:A767,A:G1511,tSS ,A:A767,0.238648,
A:G1511,cSS ,A:U813,A:G1511,---- ,A:U813,0.238648,
A:G1511,cWW ,A:C1524,A:G1511,cWW ,A:C1524,0.238648,
A:U1512,cWW ,A:G1523,A:U1512,cWW ,A:G1523,0.064005,
A:A1513,cWW ,A:U1522,A:A1513,cWW ,A:U1522,0.280618,
A:G1514,cWW ,A:C1521,A:C1514,cWW ,A:G1521,0.297062,
A:G1515,cWW ,A:C1520,A:C1515,cWW ,A:G1520,0.176235,
A:G1516, ,---,A:G1516, ,---,0.176235,
A:G1517, ,---,A:G1517, ,---,0.142281,
A:A1518,cSS ,A:G1405,A:A1518,cSS ,A:G1405,0.112486,
A:A1518,ntSS,A:G1497,A:A1518,tSS ,A:G1497,0.112486,
A:A1519,cSS ,A:C1404,A:A1519,cSS ,A:C1404,0.106688,
A:C1520,cWW ,A:G1515,A:G1520,cWW ,A:C1515,0.246924,
A:C1521,cWW ,A:G1514,A:G1521,cWW ,A:C1514,0.277260,
A:U1522,cWW ,A:A1513,A:U1522,cWW ,A:A1513,0.305140,
A:G1523,cWW ,A:U1512,A:G1523,cWW ,A:U1512,0.092224,
A:C1524,cSS ,A:A767,A:C1524,cSS ,A:A767,0.076225,
A:C1524,cWW ,A:G1511,A:C1524,cWW ,A:G1511,0.076225,
A:G1525,cSS ,A:A766,A:G1525,ncSS,A:A766,0.266773,
A:G1525,cWW ,A:C1510,A:G1525,cWW ,A:U1510,0.266773,
A:G1526,cWW ,A:C1509,A:G1526,cWW ,A:C1509,0.267675,
A:U1527,cWW ,A:A1508,A:C1527,cWW ,A:G1508,0.083388,
A:U1528,cWW ,A:A1507,A:U1528,cWW ,A:A1507,0.116908,
A:G1529,cWW ,A:C817,A:G1529,cWW ,A:C817,0.100881,
A:G1530, ,---,A:G1530, ,---,0.127405,
A:A1531, ,---,A:A1531, ,---,0.200613,
A:U1532, ,---,A:U1532, ,---,0.180287,
---, ,---,A:C1533, ,---, ,
---, ,---,A:A1534, ,---, ,
---, ,---,A:C1535, ,---, ,
---, ,---,A:C1536, ,---, ,
---, ,---,A:U1537, ,---, ,
---, ,---,A:C1538, ,---, ,
---, ,---,A:C1539, ,---, ,
---, ,---,A:U1540, ,---, ,
---, ,---,A:U1541, ,---, ,
---, ,---,A:U1542, ,---, ,
A:C1533, ,---,---, ,---, ,
A:A1534, ,---,---, ,---, ,
