,2QBD,,,2AW7,,Discrepancy,
A:U5, ,---,A:U5, ,---,0.116390,
A:G6, ,---,A:G6, ,---,0.121862,
A:A7, ,---,A:A7, ,---,0.119397,
A:A8, ,---,A:A8, ,---,0.064183,
A:G9,cWW ,A:C25,A:G9,cWW ,A:C25,0.039253,
A:G9,cHS ,A:A559,A:G9,cHS ,A:A559,0.039253,
A:A10,cWW ,A:U24,A:A10,cWW ,A:U24,0.048748,
A:G11,cWW ,A:C23,A:G11,cWW ,A:C23,0.056709,
A:U12,cWW ,A:G22,A:U12,cWW ,A:G22,0.069917,
A:U13,tHW ,A:U20,A:U13,tHW ,A:U20,0.134292,
A:U13,cWH ,A:A915,A:U13,cWH ,A:A915,0.134292,
A:U14, ,---,A:U14, ,---,0.063702,
A:G15,cWW ,A:U920,A:G15,cWW ,A:U920,0.072840,
A:A16,ncSS,A:A1080,A:A16,cSS ,A:A1080,0.091430,
A:U17,cWW ,A:A918,A:U17,cWW ,A:A918,0.072267,
A:C18,cWW ,A:G917,A:C18,cWW ,A:G917,0.041471,
A:A19,cWW ,A:U916,A:A19,cWW ,A:U916,0.028703,
A:A19,---- ,A:A572,A:A19,tSS ,A:A572,0.028703,
A:U20,tWH ,A:U13,A:U20,tWH ,A:U13,0.066688,
A:G21,tSH ,A:A914,A:G21,tSH ,A:A914,0.091172,
A:G22,cWW ,A:U12,A:G22,cWW ,A:U12,0.080324,
A:G22,tSS ,A:A913,A:G22,tSS ,A:A913,0.080324,
A:C23,cWW ,A:G11,A:C23,cWW ,A:G11,0.065437,
A:U24,cWW ,A:A10,A:U24,cWW ,A:A10,0.058325,
A:C25,cWW ,A:G9,A:C25,cWW ,A:G9,0.050373,
A:C25,bif ,A:A559,A:C25,bif ,A:A559,0.050373,
A:A26,tHS ,A:G558,A:A26,tHS ,A:G558,0.039253,
A:G27,cWW ,A:C556,A:G27,cWW ,A:C556,0.073760,
A:A28,cWW ,A:U555,A:A28,cWW ,A:U555,0.049952,
A:U29,cWW ,A:A554,A:U29,cWW ,A:A554,0.073042,
A:U30,cWW ,A:A553,A:U30,cWW ,A:A553,0.060787,
A:G31, ,---,A:G31, ,---,0.323966,
A:A32,cWW ,A:U552,A:A32,cWW ,A:U552,0.059733,
A:A33,cWW ,A:U551,A:A33,cWW ,A:U551,0.057392,
A:C34,cWW ,A:G550,A:C34,cWW ,A:G550,0.042003,
A:G35,cWW ,A:C549,A:G35,cWW ,A:C549,0.037674,
A:C36,cWW ,A:G548,A:C36,cWW ,A:G548,0.070546,
A:U37,tWW ,A:A397,A:U37,tWW ,A:A397,0.079172,
A:G38, ,---,A:G38, ,---,0.065019,
A:G39,cWW ,A:C403,A:G39,cWW ,A:C403,0.095169,
A:C40,cWW ,A:G402,A:C40,cWW ,A:G402,0.091805,
A:G41,cWW ,A:C401,A:G41,cWW ,A:C401,0.058309,
A:G42,cWW ,A:C400,A:G42,cWW ,A:C400,0.042094,
A:G42,tSS ,A:A622,A:G42,tSS ,A:A622,0.042094,
A:C43,cWW ,A:G399,A:C43,cWW ,A:G399,0.043338,
A:A44,cWW ,A:U398,A:A44,cWW ,A:U398,0.055975,
A:G45,cWW ,A:C396,A:G45,cWW ,A:C396,0.037259,
A:G46,cWW ,A:C395,A:G46,cWW ,A:C395,0.070611,
A:C47,cWW ,A:G361,A:C47,cWW ,A:G361,0.053812,
A:C48, ,---,A:C48, ,---,0.305524,
A:U49,cWS ,A:G362,A:U49,cWS ,A:G362,0.042572,
A:U49,ntHW,A:U365,A:U49,tHW ,A:U365,0.042572,
A:A50,ntSS,A:G360,A:A50,tSS ,A:G360,0.072213,
A:A51,ncWS,A:C314,A:A51,cWS ,A:C314,0.056919,
A:C52,cWW ,A:G359,A:C52,cWW ,A:G359,0.071392,
A:A53,cWW ,A:U358,A:A53,cWW ,A:U358,0.062950,
A:C54,cWW ,A:G357,A:C54,cWW ,A:G357,0.080938,
A:A55,tHS ,A:G357,A:A55,tHS ,A:G357,0.063732,
A:A55,tWW ,A:U368,A:A55,tWW ,A:U368,0.063732,
A:U56,cWW ,A:A356,A:U56,cWW ,A:A356,0.050689,
A:G57,cWW ,A:C355,A:G57,cWW ,A:C355,0.068312,
A:C58,cWW ,A:G354,A:C58,cWW ,A:G354,0.083599,
A:A59, ,---,A:A59, ,---,0.091251,
A:A60, ,---,A:A60, ,---,0.103660,
A:G61,cWW ,A:C106,A:G61,cWW ,A:C106,0.060311,
A:U62,cWW ,A:G105,A:U62,cWW ,A:G105,0.094391,
A:C63,cWW ,A:G104,A:C63,cWW ,A:G104,0.084004,
A:G64,cWH ,A:G68,A:G64,cWH ,A:G68,0.132496,
A:A65, ,---,A:A65, ,---,0.299209,
A:A66,cWW ,A:U103,A:A66,cWW ,A:U103,0.105833,
A:A66,cSS ,A:A172,A:A66,cSS ,A:A172,0.105833,
A:C67,cWW ,A:G102,A:C67,cWW ,A:G102,0.118293,
A:C67,cSS ,A:A171,A:C67,cSS ,A:A171,0.118293,
A:G68,cHW ,A:G64,A:G68,cHW ,A:G64,0.114431,
A:G68,cWW ,A:A101,A:G68,cWW ,A:A101,0.114431,
A:G68,ntSS,A:A152,A:G68,tSS ,A:A152,0.114431,
A:G69,cWW ,A:C99,A:G69,cWW ,A:C99,0.129787,
A:G69,tSH ,A:G100,A:G69,tSH ,A:G100,0.129787,
A:U70,cWW ,A:A98,A:U70,cWW ,A:A98,0.101006,
A:A71,cWS ,A:C99,A:A71,cWS ,A:C99,0.228597,
A:A72,ncWS,A:A98,A:A72,cWS ,A:A98,0.254695,
A:C73,cWW ,A:G97,A:C73,cWW ,A:G97,0.306904,
A:A74,cWW ,A:U96,A:A74,cWW ,A:U96,0.239719,
A:G75,cWW ,A:C95,A:G75,cWW ,A:C95,0.233140,
A:G76,cWW ,A:U93,A:G76,cWW ,A:U93,0.328124,
A:A77,cWW ,A:U92,A:A77,cWW ,A:U92,0.262931,
A:A78,cWW ,A:U91,A:A78,cWW ,A:U91,0.295549,
A:G79,cWW ,A:C90,A:G79,cWW ,A:C90,0.259413,
A:A80,cWW ,A:U89,A:A80,cWW ,A:U89,0.269959,
A:A81,cWW ,A:U88,A:A81, ,---,0.269959,
A:A81, ,---,A:A81,cWW ,A:U88,0.269959,
---, ,---,A:G82,cWW ,A:C87, ,
---, ,---,A:C83,cWW ,A:G86, ,
---, ,---,A:U84, ,---, ,
---, ,---,A:U85, ,---, ,
A:G82,cWW ,A:C87,---, ,---, ,
A:C83,cWW ,A:G86,---, ,---, ,
A:U84, ,---,---, ,---, ,
A:U85, ,---,---, ,---, ,
A:G86,cWW ,A:C83,---, ,---, ,
A:C87,cWW ,A:G82,---, ,---, ,
A:U88,cWW ,A:A81,---, ,A:A81, ,
---, ,---,A:G86,cWW ,A:C83, ,
---, ,---,A:C87,cWW ,A:G82, ,
---, ,A:A81,A:U88,cWW ,A:A81, ,
A:U89,cWW ,A:A80,A:U89,cWW ,A:A80,0.269959,
A:C90,cWW ,A:G79,A:C90,cWW ,A:G79,0.244214,
A:U91,cWW ,A:A78,A:U91,cWW ,A:A78,0.280774,
A:U92,cWW ,A:A77,A:U92,cWW ,A:A77,0.286272,
A:U93,cWW ,A:G76,A:U93,cWW ,A:G76,0.355635,
A:G94,cWH ,A:G97,A:G94,cWH ,A:G97,0.152825,
A:C95,cWW ,A:G75,A:C95,cWW ,A:G75,0.313286,
A:U96,cWW ,A:A74,A:U96,cWW ,A:A74,0.139317,
A:G97,cWW ,A:C73,A:G97,cWW ,A:C73,0.235647,
A:G97,cHW ,A:G94,A:G97,cHW ,A:G94,0.235647,
A:A98,cWW ,A:U70,A:A98,cWW ,A:U70,0.095136,
A:A98,ncSW,A:A72,A:A98,cSW ,A:A72,0.095136,
A:C99,cWW ,A:G69,A:C99,cWW ,A:G69,0.130310,
A:C99,cSW ,A:A71,A:C99,cSW ,A:A71,0.130310,
A:G100,tHS ,A:G69,A:G100,tHS ,A:G69,0.228597,
A:A101,cWW ,A:G68,A:A101,cWW ,A:G68,0.090408,
A:G102,cWW ,A:C67,A:G102,cWW ,A:C67,0.096138,
A:G102,cSS ,A:A151,A:G102,cSS ,A:A151,0.096138,
A:U103,cWW ,A:A66,A:U103,cWW ,A:A66,0.102861,
A:G104,cWW ,A:C63,A:G104,cWW ,A:C63,0.099852,
A:G105,cWW ,A:U62,A:G105,cWW ,A:U62,0.084004,
A:C106,cWW ,A:G61,A:C106,cWW ,A:G61,0.061888,
A:G107, ,---,A:G107, ,---,0.066440,
A:G108, ,---,A:G108, ,---,0.077111,
A:A109,tHS ,A:G324,A:A109,tHS ,A:G324,0.081048,
A:C110, ,---,A:C110, ,---,0.110899,
A:G111,bif ,A:G331,A:G111,bif ,A:G331,0.116415,
A:G112,cWW ,A:A315,A:G112,cWW ,A:A315,0.059764,
A:G113,cWW ,A:C314,A:G113,cWW ,A:C314,0.049008,
A:U114,cWW ,A:A313,A:U114,cWW ,A:A313,0.038096,
A:G115,cWW ,A:C312,A:G115,cWW ,A:C312,0.035958,
A:A116, ,---,A:A116, ,---,0.101121,
A:G117, ,---,A:G117, ,---,0.108929,
A:U118, ,---,A:U118, ,---,0.127429,
A:A119,tHW ,A:U287,A:A119,tHW ,A:U287,0.091538,
A:A120, ,---,A:A120, ,---,0.075923,
A:U121, ,---,A:U121, ,---,0.312048,
A:G122,cWW ,A:U239,A:G122,cWW ,A:U239,0.070934,
A:U123,cWW ,A:A238,A:U123,cWW ,A:A238,0.066299,
A:C124,cWW ,A:G237,A:C124,cWW ,A:G237,0.052009,
A:U125,cWW ,A:A236,A:U125,cWW ,A:A236,0.053600,
A:G126,cWW ,A:C235,A:G126,cWW ,A:C235,0.079590,
A:G127,cWW ,A:C234,A:G127,cWW ,A:C234,0.103879,
A:G128,cWW ,A:C233,A:G128,cWW ,A:C233,0.116892,
A:A129,cWW ,A:G232,A:A129,cWW ,A:G232,0.086143,
A:A130,ncSS,A:A263,A:A130,cSS ,A:A263,0.090675,
A:A131,cWW ,A:U231,A:A131,cWW ,A:U231,0.065929,
A:A131,cSS ,A:A262,A:A131,cSS ,A:A262,0.065929,
A:C132,cWW ,A:G230,A:C132,cWW ,A:G230,0.046931,
A:U133,cWW ,A:U229,A:U133,cWW ,A:U229,0.070520,
A:G134, ,---,A:G134, ,---,0.094199,
A:C135, ,---,A:C135, ,---,0.101851,
A:C136,cWW ,A:G227,A:C136,cWW ,A:G227,0.107992,
A:U137,cWW ,A:G226,A:U137,cWW ,A:G226,0.077692,
A:G138,cWW ,A:C225,A:G138,cWW ,A:C225,0.081443,
A:A139,cWW ,A:U224,A:A139,cWW ,A:U224,0.040056,
A:U140,cWW ,A:A223,A:U140,cWW ,A:A223,0.053905,
A:G141,cWW ,A:C222,A:G141,cWW ,A:C222,0.067112,
A:G142,tSS ,A:A196,A:G142,tSS ,A:A196,0.065620,
A:G142,cWW ,A:C221,A:G142,cWW ,A:C221,0.065620,
A:A143,ncWW,A:G220,A:A143,cWW ,A:G220,0.072559,
A:G144,cWW ,A:C178,A:G144,cWW ,A:C178,0.091218,
A:G145,cWH ,A:G177,A:G145,cWH ,A:G177,0.087823,
A:G146,cWW ,A:C176,A:G146,cWW ,A:C176,0.094497,
A:G147,cWW ,A:C175,A:G147,cWW ,A:C175,0.110877,
A:G148,cWW ,A:A174,A:G148,cWW ,A:A174,0.090223,
A:G148,cSS ,A:A1446,A:G148,cSS ,A:A1446,0.090223,
A:A149,tWH ,A:A172,A:A149,tWH ,A:A172,0.086540,
A:U150,tWH ,A:A171,A:U150,tWH ,A:A171,0.086636,
A:A151,cSS ,A:G102,A:A151,cSS ,A:G102,0.117002,
A:A151,tHW ,A:U170,A:A151,tHW ,A:U170,0.117002,
A:A152,tHW ,A:C169,A:A152,tHW ,A:C169,0.124823,
A:A152,ntSS,A:G68,A:A152,tSS ,A:G68,0.124823,
A:C153,cWW ,A:G168,A:C153,cWW ,A:G168,0.099921,
A:U154,cWW ,A:A167,A:U154,cWW ,A:A167,0.060988,
A:A155,cWW ,A:U166,A:A155,cWW ,A:U166,0.082437,
A:C156,cWW ,A:G165,A:C156,cWW ,A:G165,0.080538,
A:U157,cWW ,A:G164,A:U157,cWW ,A:G164,0.086763,
A:G158,cWW ,A:C163,A:G158,cWW ,A:C163,0.153078,
A:G159,tSH ,A:A162,A:G159,tSH ,A:A162,0.193700,
A:A160,tWS ,A:G347,A:A160,tWS ,A:G347,0.080269,
A:A161, ,---,A:A161, ,---,0.097773,
A:A162,tHS ,A:G159,A:A162,tHS ,A:G159,0.146385,
A:C163,cWW ,A:G158,A:C163,cWW ,A:G158,0.193700,
A:G164,cWW ,A:U157,A:G164,cWW ,A:U157,0.162206,
A:G165,cWW ,A:C156,A:G165,cWW ,A:C156,0.086763,
A:U166,cWW ,A:A155,A:U166,cWW ,A:A155,0.081625,
A:A167,cWW ,A:U154,A:A167,cWW ,A:U154,0.047317,
A:G168,cWW ,A:C153,A:G168,cWW ,A:C153,0.076490,
A:C169,tWH ,A:A152,A:C169,tWH ,A:A152,0.121612,
A:U170,tWH ,A:A151,A:U170,tWH ,A:A151,0.105420,
A:A171,cSS ,A:C67,A:A171,cSS ,A:C67,0.101005,
A:A171,tHW ,A:U150,A:A171,tHW ,A:U150,0.101005,
A:A172,cSS ,A:A66,A:A172,cSS ,A:A66,0.097154,
A:A172,tHW ,A:A149,A:A172,tHW ,A:A149,0.097154,
A:U173, ,---,A:U173, ,---,0.128663,
A:A174,cWW ,A:G148,A:A174,cWW ,A:G148,0.094621,
A:C175,cWW ,A:G147,A:C175,cWW ,A:G147,0.107151,
A:C175,tSS ,A:A1447,A:C175,tSS ,A:A1447,0.107151,
A:C176,cWW ,A:G146,A:C176,cWW ,A:G146,0.095964,
A:G177,cHW ,A:G145,A:G177,cHW ,A:G145,0.075704,
A:C178,cWW ,A:G144,A:C178,cWW ,A:G144,0.073099,
A:A179,tWH ,A:A196,A:A179,tWH ,A:A196,0.083428,
A:U180,tWH ,A:A195,A:U180,tWH ,A:A195,0.089226,
A:A181, ,---,A:A181, ,---,0.075504,
A:A182,ntWW,A:C194,A:A182,tWW ,A:C194,0.102287,
A:C183, ,---,A:C183, ,---,0.186863,
A:G184,cWW ,A:C193,A:G184,cWW ,A:C193,0.130449,
A:U185,cWW ,A:A192,A:U185,cWW ,A:A192,0.133337,
A:C186,cWW ,A:G191,A:C186,cWW ,A:G191,0.076837,
A:G187,tSH ,A:A190,A:G187,tSH ,A:A190,0.081872,
A:C188, ,---,A:C188, ,---,0.135218,
A:A189, ,---,A:A189, ,---,0.135218,
A:A190,tHS ,A:G187,A:A190,tHS ,A:G187,0.135218,
A:G191,cWW ,A:C186,A:G191,cWW ,A:C186,0.081872,
A:A192,cWW ,A:U185,A:A192,cWW ,A:U185,0.113235,
A:C193,cWW ,A:G184,A:C193,cWW ,A:G184,0.133297,
A:C194,ntWW,A:A182,A:C194,tWW ,A:A182,0.116449,
A:A195,tHW ,A:U180,A:A195,tHW ,A:U180,0.089226,
A:A195,cSS ,A:C222,A:A195,ncSS,A:C222,0.089226,
A:A196,tSS ,A:G142,A:A196,tSS ,A:G142,0.103510,
A:A196,tHW ,A:A179,A:A196,tHW ,A:A179,0.103510,
A:A196,cSS ,A:C221,A:A196,cSS ,A:C221,0.103510,
A:A197,---- ,A:G220,A:A197,tSS ,A:G220,0.120262,
A:G198,cWW ,A:U219,A:G198,cWW ,A:U219,0.145137,
A:A199,cWW ,A:U218,A:A199,cWW ,A:U218,0.138767,
A:G200,cWW ,A:C217,A:G200,cWW ,A:C217,0.126682,
A:G201,cWW ,A:U216,A:G201,cWW ,A:U216,0.144743,
A:G201,ncSS,A:C469,A:G201,cSS ,A:C469,0.144743,
A:G202,cWW ,A:C215,A:G202,cWW ,A:C215,0.069995,
A:G203,cWW ,A:C214,A:G203,cWW ,A:C214,0.114692,
A:G204, ,---,A:G204, ,---,0.249983,
A:A205, ,---,A:A205, ,---,0.180645,
A:C206,cWW ,A:G213,A:C206,cWW ,A:G213,0.311718,
A:C207,cWW ,A:G212,A:C207,cWW ,A:G212,0.330180,
A:U208,tSW ,A:G211,A:U208,tSW ,A:G211,0.580209,
A:U209, ,---,A:U209, ,---,0.544609,
A:C210, ,---,A:C210, ,---,0.575352,
A:G211,tWS ,A:U208,A:G211,tWS ,A:U208,0.544609,
A:G212,cWW ,A:C207,A:G212,cWW ,A:C207,0.391189,
A:G213,cWW ,A:C206,A:G213,cWW ,A:C206,0.104474,
A:C214,cWW ,A:G203,A:C214,cWW ,A:G203,0.108806,
A:C215,cWW ,A:G202,A:C215,cWW ,A:G202,0.096009,
A:U216,cWW ,A:G201,A:U216,cWW ,A:G201,0.079567,
A:C217,cWW ,A:G200,A:C217,cWW ,A:G200,0.146025,
A:U218,cWW ,A:A199,A:U218,cWW ,A:A199,0.113606,
A:U219,cWW ,A:G198,A:U219,cWW ,A:G198,0.132833,
A:G220,ncWW,A:A143,A:G220,cWW ,A:A143,0.119724,
A:G220,---- ,A:A197,A:G220,tSS ,A:A197,0.119724,
A:C221,cWW ,A:G142,A:C221,cWW ,A:G142,0.072559,
A:C221,cSS ,A:A196,A:C221,cSS ,A:A196,0.072559,
A:C222,cWW ,A:G141,A:C222,cWW ,A:G141,0.050833,
A:C222,cSS ,A:A195,A:C222,ncSS,A:A195,0.050833,
A:A223,cWW ,A:U140,A:A223,cWW ,A:U140,0.054947,
A:U224,cWW ,A:A139,A:U224,cWW ,A:A139,0.052377,
A:C225,cWW ,A:G138,A:C225,cWW ,A:G138,0.062265,
A:G226,cWW ,A:U137,A:G226,cWW ,A:U137,0.090314,
A:G227,cWW ,A:C136,A:G227,cWW ,A:C136,0.115647,
A:A228, ,---,A:A228, ,---,0.103543,
A:U229,cWW ,A:U133,A:U229,cWW ,A:U133,0.097196,
A:G230,cWW ,A:C132,A:G230,cWW ,A:C132,0.051791,
A:U231,cWW ,A:A131,A:U231,cWW ,A:A131,0.047260,
A:G232,cWW ,A:A129,A:G232,cWW ,A:A129,0.078641,
A:G232,tSS ,A:A263,A:G232,tSS ,A:A263,0.078641,
A:C233,cWW ,A:G128,A:C233,cWW ,A:G128,0.097490,
A:C234,cWW ,A:G127,A:C234,cWW ,A:G127,0.102060,
A:C235,cWW ,A:G126,A:C235,cWW ,A:G126,0.070027,
A:A236,cWW ,A:U125,A:A236,cWW ,A:U125,0.063207,
A:G237,cWW ,A:C124,A:G237,cWW ,A:C124,0.045349,
A:A238,cWW ,A:U123,A:A238,cWW ,A:U123,0.064549,
A:U239,cWW ,A:G122,A:U239,cWW ,A:G122,0.073449,
A:G240,cWW ,A:C286,A:G240,cWW ,A:C286,0.072700,
A:G241,cWW ,A:C285,A:G241,cWW ,A:C285,0.055732,
A:G242,cWW ,A:C284,A:G242,cWW ,A:C284,0.047309,
A:A243,tWH ,A:A282,A:A243,tWH ,A:A282,0.075150,
A:U244,cWW ,A:C893,A:U244,cWW ,A:C893,0.065546,
A:U245,cWW ,A:U283,A:U245,cWW ,A:U283,0.061039,
A:A246,tSS ,A:G278,A:A246,tSS ,A:G278,0.139166,
A:A246,tHS ,A:G281,A:A246,tHS ,A:G281,0.139166,
A:G247,cWW ,A:C277,A:G247,cWW ,A:C277,0.068848,
A:G247,tSS ,A:A282,A:G247,tSS ,A:A282,0.068848,
A:C248,cWW ,A:G276,A:C248,cWW ,A:G276,0.062974,
A:U249,cWW ,A:G275,A:U249,cWW ,A:G275,0.066592,
A:A250, ,---,A:A250, ,---,0.079765,
A:G251,cSH ,A:G254,A:G251,cSH ,A:G254,0.099378,
A:U252,cWW ,A:A274,A:U252,cWW ,A:A274,0.066486,
A:A253,cWW ,A:U273,A:A253,cWW ,A:U273,0.043457,
A:G254,cHS ,A:G251,A:G254,cHS ,A:G251,0.045706,
A:G254,cWW ,A:C272,A:G254,cWW ,A:C272,0.045706,
A:G255,cWW ,A:C271,A:G255,cWW ,A:C271,0.061269,
A:U256,cWW ,A:A270,A:U256,cWW ,A:A270,0.053029,
A:G257,cWW ,A:C269,A:G257,cWW ,A:C269,0.094909,
A:G258,cWW ,A:U268,A:G258,cWW ,A:U268,0.117871,
A:G259,cWW ,A:C267,A:G259,cWW ,A:C267,0.101558,
A:G260, ,---,A:G260, ,---,0.104444,
A:U261, ,---,A:U261, ,---,0.124697,
A:A262,cSS ,A:A131,A:A262,cSS ,A:A131,0.060981,
A:A263,tSS ,A:G232,A:A263,tSS ,A:G232,0.116491,
A:A263,ncSS,A:A130,A:A263,cSS ,A:A130,0.116491,
A:C264, ,---,A:C264, ,---,0.114923,
A:G265, ,---,A:G265, ,---,0.107925,
A:G266, ,---,A:G266, ,---,0.104265,
A:C267,cWW ,A:G259,A:C267,cWW ,A:G259,0.116579,
A:U268,cWW ,A:G258,A:U268,cWW ,A:G258,0.115352,
A:C269,cWW ,A:G257,A:C269,cWW ,A:G257,0.106140,
A:A270,cWW ,A:U256,A:A270,cWW ,A:U256,0.064154,
A:C271,cWW ,A:G255,A:C271,cWW ,A:G255,0.061915,
A:C272,cWW ,A:G254,A:C272,cWW ,A:G254,0.053267,
A:U273,cWW ,A:A253,A:U273,cWW ,A:A253,0.047300,
A:A274,cWW ,A:U252,A:A274,cWW ,A:U252,0.040368,
A:G275,cWW ,A:U249,A:G275,cWW ,A:U249,0.045295,
A:G276,cWW ,A:C248,A:G276,cWW ,A:C248,0.066592,
A:C277,cWW ,A:G247,A:C277,cWW ,A:G247,0.066935,
A:C277,cSS ,A:A282,A:C277,cSS ,A:A282,0.066935,
A:G278,tSS ,A:A246,A:G278,tSS ,A:A246,0.080329,
A:A279, ,---,A:A279, ,---,0.165622,
A:C280, ,---,A:C280, ,---,0.115145,
A:G281,tSH ,A:A246,A:G281,tSH ,A:A246,0.135302,
A:A282,tHW ,A:A243,A:A282,tHW ,A:A243,0.069856,
A:A282,tSS ,A:G247,A:A282,tSS ,A:G247,0.069856,
A:A282,cSS ,A:C277,A:A282,cSS ,A:C277,0.069856,
A:U283,cWW ,A:U245,A:U283,cWW ,A:U245,0.061942,
A:C284,cWW ,A:G242,A:C284,cWW ,A:G242,0.050654,
A:C285,cWW ,A:G241,A:C285,cWW ,A:G241,0.047723,
A:C286,cWW ,A:G240,A:C286,cWW ,A:G240,0.076343,
A:U287,tWH ,A:A119,A:U287,tWH ,A:A119,0.076393,
A:A288, ,---,A:A288, ,---,0.112493,
A:G289,cWW ,A:C311,A:G289,cWW ,A:C311,0.040783,
A:C290,cWW ,A:G310,A:C290,cWW ,A:G310,0.078773,
A:U291,cWW ,A:A309,A:U291,cWW ,A:A309,0.095577,
A:G292,cWW ,A:C308,A:G292,cWW ,A:C308,0.096783,
A:G292,tSW ,A:A608,A:G292,tSW ,A:A608,0.096783,
A:G293,cWW ,A:U304,A:G293,cWW ,A:U304,0.081530,
A:U294,cWW ,A:A303,A:U294,cWW ,A:A303,0.069120,
A:C295,cWW ,A:G302,A:C295,cWW ,A:G302,0.060553,
A:U296,cWW ,A:G301,A:U296,cWW ,A:G301,0.059527,
A:G297,tSH ,A:A300,A:G297,tSH ,A:A300,0.061512,
A:A298, ,---,A:A298, ,---,0.068274,
A:G299,cWH ,A:G566,A:G299,cWH ,A:G566,0.093830,
A:A300,tHS ,A:G297,A:A300,tHS ,A:G297,0.083612,
A:A300,cSW ,A:U565,A:A300,cSW ,A:U565,0.083612,
A:G301,cWW ,A:U296,A:G301,cWW ,A:U296,0.061512,
A:G302,cWW ,A:C295,A:G302,cWW ,A:C295,0.064247,
A:A303,cWW ,A:U294,A:A303,cWW ,A:U294,0.065363,
A:U304,cWW ,A:G293,A:U304,cWW ,A:G293,0.063353,
A:G305, ,---,A:G305, ,---,0.062436,
A:A306, ,---,A:A306, ,---,0.339699,
A:C307, ,---,A:C307, ,---,0.158487,
A:C308,cWW ,A:G292,A:C308,cWW ,A:G292,0.134295,
A:A309,cWW ,A:U291,A:A309,cWW ,A:U291,0.107522,
A:A309,cSW ,A:A607,A:A309,cSW ,A:A607,0.107522,
A:G310,cWW ,A:C290,A:G310,cWW ,A:C290,0.082205,
A:C311,cWW ,A:G289,A:C311,cWW ,A:G289,0.044187,
A:C312,cWW ,A:G115,A:C312,cWW ,A:G115,0.037504,
A:A313,cWW ,A:U114,A:A313,cWW ,A:U114,0.035320,
A:C314,cWW ,A:G113,A:C314,cWW ,A:G113,0.044701,
A:C314,ncSW,A:A51,A:C314,cSW ,A:A51,0.044701,
A:A315,cWW ,A:G112,A:A315,cWW ,A:G112,0.050910,
A:C316,cWW ,A:G337,A:C316,cWW ,A:G337,0.052744,
A:U317,cWW ,A:A336,A:U317,cWW ,A:A336,0.046224,
A:G318,cWW ,A:C335,A:G318,cWW ,A:C335,0.046429,
A:G319,cWW ,A:C334,A:G319,cWW ,A:C334,0.039682,
A:A320,cWW ,A:U333,A:A320,cWW ,A:U333,0.038265,
A:A321,cWW ,A:G332,A:A321,cWW ,A:G332,0.082369,
A:C322,tWH ,A:A329,A:C322,tWH ,A:A329,0.117842,
A:U323,tWH ,A:A327,A:U323,tWH ,A:A327,0.113887,
A:G324,tSH ,A:A109,A:G324,tSH ,A:A109,0.088221,
A:A325, ,---,A:A325, ,---,0.101391,
A:G326, ,---,A:G326, ,---,0.093669,
A:A327,tHW ,A:U323,A:A327,tHW ,A:U323,0.088954,
A:C328, ,---,A:C328, ,---,0.094862,
A:A329,tHW ,A:C322,A:A329,tHW ,A:C322,0.116155,
A:C330, ,---,A:C330, ,---,0.071115,
A:G331,bif ,A:G111,A:G331,bif ,A:G111,0.082537,
A:G332,cWW ,A:A321,A:G332,cWW ,A:A321,0.104154,
A:U333,cWW ,A:A320,A:U333,cWW ,A:A320,0.039594,
A:C334,cWW ,A:G319,A:C334,cWW ,A:G319,0.037211,
A:C335,cWW ,A:G318,A:C335,cWW ,A:G318,0.042062,
A:C335,ncSS,A:A1433,A:C335,cSS ,A:A1433,0.042062,
A:A336,cWW ,A:U317,A:A336,cWW ,A:U317,0.045065,
A:G337,cWW ,A:C316,A:G337,cWW ,A:C316,0.051272,
A:A338,cWW ,A:G351,A:A338,cWW ,A:G351,0.084844,
A:C339,cWW ,A:G350,A:C339,cWW ,A:G350,0.112646,
A:U340,cWW ,A:A349,A:U340,cWW ,A:A349,0.091768,
A:C341,cWW ,A:G348,A:C341,cWW ,A:G348,0.042738,
A:C342,cWW ,A:G347,A:C342,cWW ,A:G347,0.068711,
A:U343,tSW ,A:G346,A:U343,tSW ,A:G346,0.065189,
A:A344, ,---,A:A344, ,---,0.077367,
A:C345, ,---,A:C345, ,---,0.069369,
A:G346,tWS ,A:U343,A:G346,tWS ,A:U343,0.076115,
A:G347,tSW ,A:A160,A:G347,tSW ,A:A160,0.071571,
A:G347,cWW ,A:C342,A:G347,cWW ,A:C342,0.071571,
A:G348,cWW ,A:C341,A:G348,cWW ,A:C341,0.039577,
A:A349,cWW ,A:U340,A:A349,cWW ,A:U340,0.089261,
A:G350,cWW ,A:C339,A:G350,cWW ,A:C339,0.108394,
A:G351,cWW ,A:A338,A:G351,cWW ,A:A338,0.088895,
A:C352, ,---,A:C352, ,---,0.062830,
A:A353, ,---,A:A353, ,---,0.055782,
A:G354,cWW ,A:C58,A:G354,cWW ,A:C58,0.091251,
A:C355,cWW ,A:G57,A:C355,cWW ,A:G57,0.071112,
A:A356,cWW ,A:U56,A:A356,cWW ,A:U56,0.032127,
A:A356,cSS ,A:U368,A:A356,cSS ,A:U368,0.032127,
A:G357,cWW ,A:C54,A:G357,cWW ,A:C54,0.079694,
A:G357,tSH ,A:A55,A:G357,tSH ,A:A55,0.079694,
A:U358,cWW ,A:A53,A:U358,cWW ,A:A53,0.068913,
A:G359,cWW ,A:C52,A:G359,cWW ,A:C52,0.062738,
A:G360,ntSS,A:A50,A:G360,tSS ,A:A50,0.072213,
A:G361,cWW ,A:C47,A:G361,cWW ,A:C47,0.053718,
A:G362,cSW ,A:U49,A:G362,cSW ,A:U49,0.042572,
A:A363, ,---,A:A363, ,---,0.304826,
A:A364, ,---,A:A364, ,---,0.056088,
A:U365,ntWH,A:U49,A:U365,tWH ,A:U49,0.296637,
A:A366,cSW ,A:G394,A:A366,cSW ,A:G394,0.066760,
A:U367,cWW ,A:A393,A:U367,cWW ,A:A393,0.064848,
A:U368,tWW ,A:A55,A:U368,tWW ,A:A55,0.050689,
A:U368,cSS ,A:A356,A:U368,cSS ,A:A356,0.050689,
A:G369,cWW ,A:C392,A:G369,cWW ,A:C392,0.056020,
A:C370,cWW ,A:G391,A:C370,cWW ,A:G391,0.059966,
A:C370,cSS ,A:A482,A:C370,cSS ,A:A482,0.059966,
A:A371,cWW ,A:U390,A:A371,cWW ,A:U390,0.124123,
A:C372,tWH ,A:A389,A:C372,ntWH,A:A389,0.147584,
A:A373, ,---,A:A373, ,---,0.153626,
A:A374,cWS ,A:U390,A:A374,cWS ,A:U390,0.131026,
A:U375,cWW ,A:A389,A:U375,cWW ,A:A389,0.116058,
A:G376,cWW ,A:U387,A:G376,cWW ,A:U387,0.043823,
A:G377,cWW ,A:C386,A:G377,cWW ,A:C386,0.050536,
A:G378,cWW ,A:C385,A:G378,cWW ,A:C385,0.045733,
A:C379,cWW ,A:G384,A:C379,cWW ,A:G384,0.037872,
A:G380,tSH ,A:A383,A:G380,tSH ,A:A383,0.073743,
A:C381, ,---,A:C381, ,---,0.268510,
A:A382, ,---,A:A382, ,---,0.289224,
A:A383,tHS ,A:G380,A:A383,tHS ,A:G380,0.073406,
A:G384,cWW ,A:C379,A:G384,cWW ,A:C379,0.058753,
A:C385,cWW ,A:G378,A:C385,cWW ,A:G378,0.042901,
A:C386,cWW ,A:G377,A:C386,cWW ,A:G377,0.057204,
A:U387,cWW ,A:G376,A:U387,cWW ,A:G376,0.130596,
A:G388, ,---,A:G388, ,---,0.083685,
A:A389,tHW ,A:C372,A:A389,ntHW,A:C372,0.074598,
A:A389,cWW ,A:U375,A:A389,cWW ,A:U375,0.074598,
A:U390,cWW ,A:A371,A:U390,cWW ,A:A371,0.127613,
A:U390,cSW ,A:A374,A:U390,cSW ,A:A374,0.127613,
A:G391,cWW ,A:C370,A:G391,cWW ,A:C370,0.050537,
A:G391,ntSS,A:A482,A:G391,tSS ,A:A482,0.050537,
A:C392,cWW ,A:G369,A:C392,cWW ,A:G369,0.058614,
A:A393,cWW ,A:U367,A:A393,cWW ,A:U367,0.047853,
A:G394,cWS ,A:A366,A:G394,cWS ,A:A366,0.064144,
A:C395,cWW ,A:G46,A:C395,cWW ,A:G46,0.069278,
A:C396,cWW ,A:G45,A:C396,cWW ,A:G45,0.042457,
A:A397,tWW ,A:U37,A:A397,tWW ,A:U37,0.065019,
A:U398,cWW ,A:A44,A:U398,cWW ,A:A44,0.047672,
A:G399,cWW ,A:C43,A:G399,cWW ,A:C43,0.041534,
A:C400,cWW ,A:G42,A:C400,cWW ,A:G42,0.043121,
A:C400,cSS ,A:A622,A:C400,cSS ,A:A622,0.043121,
A:C401,cWW ,A:G41,A:C401,cWW ,A:G41,0.055891,
A:C401,cSS ,A:A621,A:C401,cSS ,A:A621,0.055891,
A:G402,cWW ,A:C40,A:G402,cWW ,A:C40,0.087693,
A:C403,cWW ,A:G39,A:C403,cWW ,A:G39,0.092341,
A:G404, ,---,A:G404, ,---,0.069540,
A:U405,cWH ,A:A499,A:U405,cWH ,A:A499,0.063875,
A:G406,cWW ,A:C436,A:G406,cWW ,A:C436,0.068199,
A:U407,cWW ,A:A435,A:U407,cWW ,A:A435,0.059503,
A:A408,cWW ,A:U434,A:A408,cWW ,A:U434,0.074442,
A:U409,cWW ,A:G433,A:U409,cWW ,A:G433,0.061352,
A:G410,tSH ,A:A432,A:G410,tSH ,A:A432,0.086714,
A:A411,tWH ,A:A430,A:A411,tWH ,A:A430,0.114207,
A:A412, ,---,A:A412, ,---,0.251279,
A:G413,tSS ,A:G428,A:G413,tSS ,A:G428,0.251279,
A:A414,tHW ,A:A430,A:A414,tHW ,A:A430,0.073960,
A:A415, ,---,A:A415, ,---,0.072920,
A:G416,cWW ,A:U427,A:G416,cWW ,A:U427,0.075638,
A:G417,cWW ,A:U426,A:G417,cWW ,A:U426,0.078659,
A:C418,cWW ,A:G425,A:C418,cWW ,A:G425,0.052901,
A:C419,cWW ,A:G424,A:C419,cWW ,A:G424,0.088156,
A:U420,tSW ,A:G423,A:U420,tSW ,A:G423,0.174660,
A:U421, ,---,A:U421, ,---,0.236286,
A:C422, ,---,A:C422, ,---,0.186770,
A:G423,tWS ,A:U420,A:G423,tWS ,A:U420,0.236286,
A:G424,cWW ,A:C419,A:G424,cWW ,A:C419,0.086364,
A:G425,cWW ,A:C418,A:G425,cWW ,A:C418,0.055174,
A:U426,cWW ,A:G417,A:U426,cWW ,A:G417,0.064447,
A:U427,cWW ,A:G416,A:U427,cWW ,A:G416,0.079930,
A:G428,tSS ,A:G413,A:G428,tSS ,A:G413,0.060565,
A:U429,cWH ,A:A431,A:U429,cWH ,A:A431,0.085174,
A:A430,tHW ,A:A411,A:A430,tHW ,A:A411,0.072664,
A:A430,tWH ,A:A414,A:A430,tWH ,A:A414,0.072664,
A:A431,cHW ,A:U429,A:A431,cHW ,A:U429,0.115168,
A:A432,tHS ,A:G410,A:A432,tHS ,A:G410,0.089589,
A:G433,cWW ,A:U409,A:G433,cWW ,A:U409,0.088041,
A:U434,cWW ,A:A408,A:U434,cWW ,A:A408,0.073533,
A:A435,cWW ,A:U407,A:A435,cWW ,A:U407,0.080654,
A:C436,cWW ,A:G406,A:C436,cWW ,A:G406,0.065623,
A:U437,tWH ,A:A495,A:U437,tWH ,A:A495,0.077154,
A:U438,cSH ,A:U439,A:U438,cSH ,A:U439,0.083516,
A:U438,tWH ,A:A496,A:U438,tWH ,A:A496,0.083516,
A:U439,cHS ,A:U438,A:U439,cHS ,A:U438,0.087397,
A:C440,cWW ,A:G497,A:C440,cWW ,A:G497,0.088088,
A:A441, ,---,A:A441, ,---,0.117294,
A:G442,cWW ,A:C492,A:G442,cWW ,A:C492,0.175293,
A:C443,cWW ,A:G491,A:C443,cWW ,A:G491,0.104241,
A:G444,cWW ,A:C490,A:G444,cWW ,A:C490,0.057636,
A:G445,cWW ,A:C489,A:G445,cWW ,A:C489,0.059927,
A:G446,cWW ,A:C488,A:G446,cWW ,A:C488,0.026457,
A:G447,tSH ,A:A487,A:G447,tSH ,A:A487,0.072553,
A:A448,tHW ,A:U486,A:A448,tHW ,A:U486,0.094692,
A:G449,tWW ,A:G484,A:G449,tWW ,A:G484,0.091509,
A:G450,cWW ,A:C483,A:G450,cWW ,A:C483,0.079342,
A:A451, ,---,A:A451, ,---,0.110110,
A:A452,tHW ,A:U480,A:A452,tHW ,A:U480,0.105861,
A:G453, ,---,A:G453, ,---,0.092507,
A:G454,cWW ,A:U479,A:G454,cWW ,A:U479,0.053738,
A:G455,cWW ,A:C477,A:G455,cWW ,A:C477,0.079974,
A:A456,cWW ,A:U476,A:A456,cWW ,A:U476,0.124781,
A:G457,cWW ,A:C475,A:G457,cWW ,A:C475,0.138412,
A:U458,cWW ,A:G474,A:U458,cWW ,A:G474,0.091054,
A:A459,cWW ,A:U472,A:A459,cWW ,A:U472,0.114836,
A:A460,cWW ,A:U471,A:A460,cWW ,A:U471,0.104530,
A:A461, ,---,A:A461, ,---,0.219124,
A:G462,cWW ,A:C470,A:G462,cWW ,A:C470,0.140840,
A:U463, ,---,A:U463, ,---,0.219354,
A:U464, ,---,A:U464, ,---,0.238231,
A:A465, ,---,A:A465, ,---,0.216745,
A:A466, ,---,A:A466, ,---,0.391727,
A:U467, ,---,A:U467, ,---,0.423928,
A:A468, ,---,A:A468, ,---,0.254051,
A:C469,ncSS,A:G201,A:C469,cSS ,A:G201,0.177515,
A:C470,cWW ,A:G462,A:C470,cWW ,A:G462,0.152342,
A:U471,cWW ,A:A460,A:U471,cWW ,A:A460,0.107116,
A:U472,cWW ,A:A459,A:U472,cWW ,A:A459,0.103254,
A:U473, ,---,A:U473, ,---,0.136305,
A:G474,cWW ,A:U458,A:G474,cWW ,A:U458,0.103298,
A:C475,cWW ,A:G457,A:C475,cWW ,A:G457,0.125412,
A:U476,cWW ,A:A456,A:U476,cWW ,A:A456,0.150104,
A:C477,cWW ,A:G455,A:C477,cWW ,A:G455,0.086845,
A:A478, ,---,A:A478, ,---,0.051791,
A:U479,cWW ,A:G454,A:U479,cWW ,A:G454,0.065932,
A:U480,tWH ,A:A452,A:U480,tWH ,A:A452,0.118136,
A:G481, ,---,A:G481, ,---,0.103504,
A:A482,cSS ,A:C370,A:A482,cSS ,A:C370,0.122506,
A:A482,ntSS,A:G391,A:A482,tSS ,A:G391,0.122506,
A:C483,cWW ,A:G450,A:C483,cWW ,A:G450,0.107087,
A:G484,tWW ,A:G449,A:G484,tWW ,A:G449,0.085950,
A:U485, ,---,A:U485, ,---,0.153089,
A:U486,tWH ,A:A448,A:U486,tWH ,A:A448,0.103758,
A:A487,tHS ,A:G447,A:A487,tHS ,A:G447,0.073250,
A:C488,cWW ,A:G446,A:C488,cWW ,A:G446,0.026498,
A:C489,cWW ,A:G445,A:C489,cWW ,A:G445,0.056479,
A:C490,cWW ,A:G444,A:C490,cWW ,A:G444,0.073940,
A:G491,cWW ,A:C443,A:G491,cWW ,A:C443,0.110852,
A:C492,cWW ,A:G442,A:C492,cWW ,A:G442,0.153510,
A:A493, ,---,A:A493, ,---,0.149795,
A:G494,cSH ,A:G497,A:G494,cSH ,A:G497,0.099034,
A:A495,tHW ,A:U437,A:A495,tHW ,A:U437,0.063516,
A:A496,tHW ,A:U438,A:A496,tHW ,A:U438,0.082242,
A:G497,cWW ,A:C440,A:G497,cWW ,A:C440,0.100802,
A:G497,cHS ,A:G494,A:G497,cHS ,A:G494,0.100802,
A:A498, ,---,A:A498, ,---,0.090762,
A:A499,cHW ,A:U405,A:A499,cHW ,A:U405,0.071485,
A:G500,cWW ,A:C545,A:G500,cWW ,A:C545,0.064594,
A:C501,cWW ,A:G544,A:C501,cWW ,A:G544,0.039499,
A:A502,cWW ,A:U543,A:A502,cWW ,A:U543,0.054411,
A:C503,cWW ,A:G542,A:C503,cWW ,A:G542,0.060084,
A:C504,cWW ,A:G541,A:C504,cWW ,A:G541,0.063542,
A:G505,cWW ,A:C526,A:G505,cWW ,A:C526,0.052492,
A:G506,cWW ,A:C525,A:G506,cWW ,A:C525,0.046021,
A:C507,cWW ,A:G524,A:C507,cWW ,A:G524,0.054435,
A:U508, ,---,A:U508, ,---,0.050749,
A:A509,cSS ,A:U543,A:A509,cSS ,A:U543,0.067153,
A:A510,cSS ,A:G542,A:A510,ncSS,A:G542,0.072721,
A:C511,cWW ,A:G540,A:C511,cWW ,A:G540,0.065327,
A:U512,cWW ,A:A539,A:U512,cWW ,A:A539,0.057053,
A:C513,cWW ,A:G538,A:C513,cWW ,A:G538,0.024890,
A:C514,cWW ,A:G537,A:C514,cWW ,A:G537,0.045174,
A:G515,cWW ,A:C536,A:G515,cWW ,A:C536,0.087847,
A:U516,tWH ,A:A533,A:U516,tWH ,A:A533,0.123947,
A:G517, ,---,A:G517, ,---,0.139692,
A:C518, ,---,A:C518, ,---,0.178861,
A:C519, ,---,A:C519, ,---,0.102638,
A:A520,tHS ,A:G529,A:A520,tHS ,A:G529,0.092614,
A:G521,cWW ,A:C528,A:G521,cWW ,A:C528,0.061998,
A:C522,cWW ,A:G527,A:C522,cWW ,A:G527,0.026112,
A:A523, ,---,A:A523, ,---,0.026112,
A:G524,cWW ,A:C507,A:G524,cWW ,A:C507,0.054435,
A:C525,cWW ,A:G506,A:C525,cWW ,A:G506,0.042996,
A:C526,cWW ,A:G505,A:C526,cWW ,A:G505,0.060060,
A:G527,cWW ,A:C522,A:G527,cWW ,A:C522,0.057569,
A:G527,tSS ,A:A535,A:G527,tSS ,A:A535,0.057569,
A:C528,cWW ,A:G521,A:C528,cWW ,A:G521,0.048095,
A:G529,tSH ,A:A520,A:G529,tSH ,A:A520,0.123022,
A:G530, ,---,A:G530, ,---,0.907618,
A:U531, ,---,A:U531, ,---,1.355774,
A:A532, ,---,A:A532, ,---,0.201599,
A:A533,tHW ,A:U516,A:A533,tHW ,A:U516,0.123947,
A:U534, ,---,A:U534, ,---,0.095249,
A:A535,tSS ,A:G527,A:A535,tSS ,A:G527,0.064256,
A:C536,cWW ,A:G515,A:C536,cWW ,A:G515,0.093627,
A:G537,cWW ,A:C514,A:G537,cWW ,A:C514,0.060437,
A:G538,cWW ,A:C513,A:G538,cWW ,A:C513,0.027549,
A:A539,cWW ,A:U512,A:A539,cWW ,A:U512,0.048669,
A:G540,cWW ,A:C511,A:G540,cWW ,A:C511,0.064603,
A:G541,cWW ,A:C504,A:G541,cWW ,A:C504,0.050879,
A:G542,cWW ,A:C503,A:G542,cWW ,A:C503,0.064856,
A:G542,cSS ,A:A510,A:G542,ncSS,A:A510,0.064856,
A:U543,cWW ,A:A502,A:U543,cWW ,A:A502,0.055087,
A:U543,cSS ,A:A509,A:U543,cSS ,A:A509,0.055087,
A:G544,cWW ,A:C501,A:G544,cWW ,A:C501,0.034231,
A:C545,cWW ,A:G500,A:C545,cWW ,A:G500,0.063439,
A:A546, ,---,A:A546, ,---,0.064594,
A:A547, ,---,A:A547, ,---,0.062384,
A:G548,cWW ,A:C36,A:G548,cWW ,A:C36,0.073851,
A:C549,cWW ,A:G35,A:C549,cWW ,A:G35,0.036573,
A:G550,cWW ,A:C34,A:G550,cWW ,A:C34,0.041133,
A:U551,cWW ,A:A33,A:U551,cWW ,A:A33,0.058934,
A:U552,cWW ,A:A32,A:U552,cWW ,A:A32,0.053792,
A:A553,cWW ,A:U30,A:A553,cWW ,A:U30,0.059319,
A:A554,cWW ,A:U29,A:A554,cWW ,A:U29,0.064186,
A:U555,cWW ,A:A28,A:U555,cWW ,A:A28,0.059440,
A:C556,cWW ,A:G27,A:C556,cWW ,A:G27,0.075202,
A:G557, ,---,A:G557, ,---,0.069350,
A:G558,tSH ,A:A26,A:G558,tSH ,A:A26,0.072703,
A:A559,cSH ,A:G9,A:A559,cSH ,A:G9,0.095353,
A:A559,bif ,A:C25,A:A559,bif ,A:C25,0.095353,
A:A560, ,---,A:A560, ,---,0.100094,
A:U561, ,---,A:U561, ,---,0.100998,
A:U562, ,---,A:U562, ,---,0.121983,
A:A563,tWW ,A:U884,A:A563,tWW ,A:U884,0.120972,
A:C564, ,---,A:C564, ,---,0.093276,
A:U565,cWS ,A:A300,A:U565,cWS ,A:A300,0.093276,
A:G566,cHW ,A:G299,A:G566,cHW ,A:G299,0.117952,
A:G567,cWW ,A:C883,A:G567,cWW ,A:C883,0.060206,
A:G568,tSS ,A:A574,A:G568,tSS ,A:A574,0.052658,
A:G568,cWW ,A:C882,A:G568,cWW ,A:C882,0.052658,
A:C569,cWW ,A:G881,A:C569,cWW ,A:G881,0.070470,
A:G570,cWW ,A:C866,A:G570,cWW ,A:C866,0.054170,
A:U571,cWW ,A:A865,A:U571,cWW ,A:A865,0.049731,
A:A572,---- ,A:A19,A:A572,tSS ,A:A19,0.082126,
A:A573,ncSS,A:C883,A:A573,cSS ,A:C883,0.090979,
A:A574,tSS ,A:G568,A:A574,tSS ,A:G568,0.061111,
A:A574,cSS ,A:C882,A:A574,cSS ,A:C882,0.061111,
A:G575,cWW ,A:C880,A:G575,cWW ,A:C880,0.061840,
A:C576, ,---,A:C576, ,---,0.092020,
A:G577,cSS ,A:A729,A:G577,cSS ,A:A729,0.072323,
A:G577,cWW ,A:C764,A:G577,cWW ,A:C764,0.072323,
A:C578,cSS ,A:A728,A:C578,cSS ,A:A728,0.041418,
A:C578,cWW ,A:G763,A:C578,cWW ,A:G763,0.041418,
A:A579,cWW ,A:U762,A:A579,cWW ,A:U762,0.060748,
A:C580,cWW ,A:G761,A:C580,cWW ,A:G761,0.052200,
A:G581,tSH ,A:G760,A:G581,tSH ,A:G760,0.059204,
A:C582,tWH ,A:A759,A:C582,tWH ,A:A759,0.073922,
A:A583,tHS ,A:C758,A:A583,tHS ,A:C758,0.087292,
A:G584,cWW ,A:U757,A:G584,cWW ,A:U757,0.069550,
A:G585,cWW ,A:C756,A:G585,cWW ,A:C756,0.029366,
A:C586,cWW ,A:G755,A:C586,cWW ,A:G755,0.028199,
A:G587, ,---,A:G587, ,---,0.028199,
A:G588,cWW ,A:C651,A:G588,cWW ,A:C651,0.088508,
A:U589,cWW ,A:G650,A:U589,cWW ,A:G650,0.081434,
A:U590,cWW ,A:A649,A:U590,cWW ,A:A649,0.073257,
A:U591,cWW ,A:A648,A:U591,cWW ,A:A648,0.057437,
A:G592,cWW ,A:C647,A:G592,cWW ,A:C647,0.053448,
A:U593,cWW ,A:G646,A:U593,cWW ,A:G646,0.048338,
A:U594,cWW ,A:G645,A:U594,cWW ,A:G645,0.060426,
A:A595,cSH ,A:A596,A:A595,cSH ,A:A596,0.067705,
A:A596,cHS ,A:A595,A:A596,cHS ,A:A595,0.082213,
A:A596,cWW ,A:U644,A:A596,cWW ,A:U644,0.082213,
A:G597,cWW ,A:C643,A:G597,cWW ,A:C643,0.133094,
A:U598,cWW ,A:A640,A:U598,cWW ,A:A640,0.126604,
A:C599,cWW ,A:G639,A:C599,cWW ,A:G639,0.074359,
A:A600,cWW ,A:U638,A:A600,cWW ,A:U638,0.049346,
A:G601,cWW ,A:C637,A:G601,cWW ,A:C637,0.065246,
A:A602,cWW ,A:U636,A:A602,cWW ,A:U636,0.050243,
A:U603,cWW ,A:A635,A:U603,cWW ,A:A635,0.060774,
A:G604,cWW ,A:C634,A:G604,cWW ,A:C634,0.069584,
A:U605,cWW ,A:G633,A:U605,cWW ,A:G633,0.065261,
A:G606, ,---,A:G606, ,---,0.075828,
A:A607,cWS ,A:A309,A:A607,cWS ,A:A309,0.063426,
A:A608,tWS ,A:G292,A:A608,tWS ,A:G292,0.076418,
A:A609, ,---,A:A609, ,---,0.074178,
A:U610, ,---,A:U610, ,---,0.071593,
A:C611,ncWW,A:A629,A:C611,cWW ,A:A629,0.097826,
A:C612,cWW ,A:G628,A:C612,cWW ,A:G628,0.063937,
A:C613,cWW ,A:G627,A:C613,cWW ,A:G627,0.063245,
A:C614,cWW ,A:G626,A:C614,cWW ,A:G626,0.047136,
A:G615,cWW ,A:U625,A:G615,cWW ,A:U625,0.059242,
A:G616,cWW ,A:C624,A:G616,cWW ,A:C624,0.087596,
A:G617,cWW ,A:C623,A:G617,cWW ,A:C623,0.093311,
A:C618,tWH ,A:A622,A:C618,tWH ,A:A622,0.073295,
A:U619, ,---,A:U619, ,---,0.115554,
A:C620, ,---,A:C620, ,---,0.111217,
A:A621,cSS ,A:C401,A:A621,cSS ,A:C401,0.077759,
A:A622,tSS ,A:G42,A:A622,tSS ,A:G42,0.069051,
A:A622,cSS ,A:C400,A:A622,cSS ,A:C400,0.069051,
A:A622,tHW ,A:C618,A:A622,tHW ,A:C618,0.069051,
A:C623,cWW ,A:G617,A:C623,cWW ,A:G617,0.077548,
A:C624,cWW ,A:G616,A:C624,cWW ,A:G616,0.105336,
A:U625,cWW ,A:G615,A:U625,cWW ,A:G615,0.091146,
A:G626,cWW ,A:C614,A:G626,cWW ,A:C614,0.055897,
A:G627,cWW ,A:C613,A:G627,cWW ,A:C613,0.067164,
A:G628,cWW ,A:C612,A:G628,cWW ,A:C612,0.076107,
A:A629,ncWW,A:C611,A:A629,cWW ,A:C611,0.086100,
A:A630, ,---,A:A630, ,---,0.107663,
A:C631, ,---,A:C631, ,---,0.109549,
A:U632, ,---,A:U632, ,---,0.295478,
A:G633,cWW ,A:U605,A:G633,cWW ,A:U605,0.065261,
A:C634,cWW ,A:G604,A:C634,cWW ,A:G604,0.073175,
A:A635,cWW ,A:U603,A:A635,cWW ,A:U603,0.063699,
A:U636,cWW ,A:A602,A:U636,cWW ,A:A602,0.054387,
A:C637,cWW ,A:G601,A:C637,cWW ,A:G601,0.062006,
A:U638,cWW ,A:A600,A:U638,cWW ,A:A600,0.055794,
A:G639,cWW ,A:C599,A:G639,cWW ,A:C599,0.070110,
A:A640,cWW ,A:U598,A:A640,cWW ,A:U598,0.098538,
A:U641,cSH ,A:A642,A:U641,cSH ,A:A642,0.108141,
A:A642,cHS ,A:U641,A:A642,cHS ,A:U641,0.138854,
A:C643,cWW ,A:G597,A:C643,cWW ,A:G597,0.142438,
A:U644,cWW ,A:A596,A:U644,cWW ,A:A596,0.080405,
A:G645,cWW ,A:U594,A:G645,cWW ,A:U594,0.043188,
A:G646,cWW ,A:U593,A:G646,cWW ,A:U593,0.050122,
A:C647,cWW ,A:G592,A:C647,cWW ,A:G592,0.046729,
A:A648,cWW ,A:U591,A:A648,cWW ,A:U591,0.059202,
A:A649,cWW ,A:U590,A:A649,cWW ,A:U590,0.074340,
A:G650,cWW ,A:U589,A:G650,cWW ,A:U589,0.070707,
A:C651,cWW ,A:G588,A:C651,cWW ,A:G588,0.080153,
A:U652,tWH ,A:A753,A:U652,tWH ,A:A753,0.083095,
A:U653, ,---,A:U653, ,---,0.110846,
A:G654,tHS ,A:G752,A:G654,tHS ,A:G752,0.033637,
A:G654,cWW ,A:C754,A:G654,cWW ,A:C754,0.033637,
A:A655,cWW ,A:U751,A:A655,cWW ,A:U751,0.033805,
A:G656,cWW ,A:C750,A:G656,cWW ,A:C750,0.050834,
A:U657,cWW ,A:A749,A:U657,cWW ,A:A749,0.054448,
A:C658,cWW ,A:G748,A:C658,cWW ,A:G748,0.066181,
A:U659,cWW ,A:A746,A:U659,cWW ,A:A746,0.089718,
A:C660,cWW ,A:G745,A:C660,cWW ,A:G745,0.062293,
A:G661,cWW ,A:C744,A:G661,cWW ,A:C744,0.048552,
A:U662,cWW ,A:A743,A:U662,cWW ,A:A743,0.074482,
A:A663,cWW ,A:G742,A:A663,cWW ,A:G742,0.076731,
A:G664, ,---,A:G664, ,---,0.080568,
A:A665,cHW ,A:G724,A:A665,cHW ,A:G724,0.046331,
A:G666,cWW ,A:U740,A:G666,cWW ,A:U740,0.067800,
A:G667,cWW ,A:C739,A:G667,cWW ,A:C739,0.056302,
A:G668,cWW ,A:C738,A:G668,cWW ,A:C738,0.044185,
A:G669,cWW ,A:C737,A:G669,cWW ,A:C737,0.035946,
A:G670,cWW ,A:C736,A:G670,cWW ,A:C736,0.041699,
A:G671,cWW ,A:C735,A:G671,cWW ,A:C735,0.074128,
A:U672,cWW ,A:G734,A:U672,cWW ,A:G734,0.075473,
A:A673,cWW ,A:U717,A:A673,cWW ,A:U717,0.063389,
A:G674,cWW ,A:A716,A:G674,cWW ,A:A716,0.066368,
A:A675,cWW ,A:A715,A:A675,ncWW,A:A715,0.056584,
A:A676,cWW ,A:G714,A:A676,cWW ,A:G714,0.069657,
A:U677, ,---,A:U677, ,---,0.051123,
A:U678,cWW ,A:A712,A:U678,cWW ,A:A712,0.070929,
A:C679,cWW ,A:G711,A:C679,cWW ,A:G711,0.064717,
A:C680,cWW ,A:G710,A:C680,cWW ,A:G710,0.052005,
A:A681,cWW ,A:U709,A:A681,cWW ,A:U709,0.054396,
A:G682,cWW ,A:C708,A:G682,cWW ,A:C708,0.066775,
A:G683,cWW ,A:U707,A:G683,cWW ,A:U707,0.046084,
A:U684,cWW ,A:A706,A:U684,cWW ,A:A706,0.084332,
A:G685,tSH ,A:G705,A:G685,tSH ,A:G705,0.096227,
A:U686,tWH ,A:A704,A:U686,tWH ,A:A704,0.099993,
A:A687,tHS ,A:G703,A:A687,tHS ,A:G703,0.094054,
A:G688,cWW ,A:C699,A:G688,cWW ,A:C699,0.051626,
A:C689,cWW ,A:G698,A:C689,cWW ,A:G698,0.044813,
A:G690,tSH ,A:U697,A:G690,ntSH,A:U697,0.055600,
A:G691,tSH ,A:A696,A:G691,tSH ,A:A696,0.074873,
A:U692, ,---,A:U692, ,---,0.102215,
A:G693, ,---,A:G693, ,---,0.100574,
A:A694, ,---,A:A694, ,---,0.087154,
A:A695, ,---,A:A695, ,---,0.090851,
A:A696,tHS ,A:G691,A:A696,tHS ,A:G691,0.054243,
A:A696,tSS ,A:C797,A:A696,tSS ,A:C797,0.054243,
A:A696,---- ,A:G786,A:A696,cSS ,A:G786,0.054243,
A:U697,tHS ,A:G690,A:U697,ntHS,A:G690,0.072594,
A:U697,ncSS,A:G785,A:U697,cSS ,A:G785,0.072594,
A:G698,cWW ,A:C689,A:G698,cWW ,A:C689,0.050036,
A:C699,cWW ,A:G688,A:C699,cWW ,A:G688,0.040406,
A:G700, ,---,A:G700, ,---,0.055557,
A:U701, ,---,A:U701, ,---,0.093242,
A:A702, ,---,A:A702, ,---,0.088292,
A:G703,tSH ,A:A687,A:G703,tSH ,A:A687,0.119337,
A:A704,tHW ,A:U686,A:A704,tHW ,A:U686,0.092407,
A:G705,tHS ,A:G685,A:G705,tHS ,A:G685,0.118902,
A:A706,cWW ,A:U684,A:A706,cWW ,A:U684,0.099078,
A:U707,cWW ,A:G683,A:U707,cWW ,A:G683,0.061051,
A:C708,cWW ,A:G682,A:C708,cWW ,A:G682,0.054894,
A:U709,cWW ,A:A681,A:U709,cWW ,A:A681,0.062584,
A:G710,cWW ,A:C680,A:G710,cWW ,A:C680,0.057351,
A:G711,cWW ,A:C679,A:G711,cWW ,A:C679,0.053393,
A:A712,cWW ,A:U678,A:A712,cWW ,A:U678,0.067928,
A:G713, ,---,A:G713, ,---,0.043246,
A:G714,cWW ,A:A676,A:G714,cWW ,A:A676,0.072005,
A:A715,cWW ,A:A675,A:A715,ncWW,A:A675,0.078728,
A:A716,cWW ,A:G674,A:A716,cWW ,A:G674,0.060698,
A:U717,cWW ,A:A673,A:U717,cWW ,A:A673,0.061413,
A:A718, ,---,A:A718, ,---,0.090630,
A:C719, ,---,A:C719, ,---,0.093946,
A:C720, ,---,A:C720, ,---,0.093946,
A:G721, ,---,A:G721, ,---,0.069090,
A:G722,tWW ,A:G733,A:G722,tWW ,A:G733,0.057046,
A:U723, ,---,A:U723, ,---,0.258763,
A:G724,cWH ,A:A665,A:G724,cWH ,A:A665,0.049111,
A:G725,cWW ,A:C732,A:G725,cWW ,A:C732,0.049784,
A:C726,cWW ,A:G731,A:C726,cWW ,A:G731,0.025158,
A:G727, ,---,A:G727, ,---,0.046037,
A:A728,cSS ,A:C578,A:A728,cSS ,A:C578,0.149483,
A:A728,tSS ,A:C764,A:A728,tSS ,A:C764,0.149483,
A:A729,cSS ,A:G577,A:A729,cSS ,A:G577,0.149483,
A:A729,ntSS,A:C764,A:A729,tSS ,A:C764,0.149483,
A:G730, ,---,A:G730, ,---,0.130467,
A:G731,cWW ,A:C726,A:G731,cWW ,A:C726,0.105309,
A:C732,cWW ,A:G725,A:C732,cWW ,A:G725,0.042404,
A:G733,tWW ,A:G722,A:G733,tWW ,A:G722,0.056307,
A:G734,cWW ,A:U672,A:G734,cWW ,A:U672,0.063193,
A:C735,cWW ,A:G671,A:C735,cWW ,A:G671,0.077325,
A:C736,cWW ,A:G670,A:C736,cWW ,A:G670,0.050204,
A:C737,cWW ,A:G669,A:C737,cWW ,A:G669,0.036018,
A:C738,cWW ,A:G668,A:C738,cWW ,A:G668,0.045099,
A:C739,cWW ,A:G667,A:C739,cWW ,A:G667,0.051677,
A:U740,cWW ,A:G666,A:U740,cWW ,A:G666,0.058860,
A:G741, ,---,A:G741, ,---,0.073946,
A:G742,cWW ,A:A663,A:G742,cWW ,A:A663,0.078792,
A:A743,cWW ,A:U662,A:A743,cWW ,A:U662,0.071440,
A:C744,cWW ,A:G661,A:C744,cWW ,A:G661,0.051597,
A:G745,cWW ,A:C660,A:G745,cWW ,A:C660,0.066964,
A:A746,cWW ,A:U659,A:A746,cWW ,A:U659,0.071019,
A:A747, ,---,A:A747, ,---,0.153557,
A:G748,cWW ,A:C658,A:G748,cWW ,A:C658,0.100041,
A:A749,cWW ,A:U657,A:A749,cWW ,A:U657,0.063959,
A:C750,cWW ,A:G656,A:C750,cWW ,A:G656,0.062043,
A:U751,cWW ,A:A655,A:U751,cWW ,A:A655,0.048110,
A:G752,tSH ,A:G654,A:G752,tSH ,A:G654,0.071864,
A:A753,tHW ,A:U652,A:A753,tHW ,A:U652,0.072027,
A:C754,cWW ,A:G654,A:C754,cWW ,A:G654,0.029935,
A:G755,cWW ,A:C586,A:G755,cWW ,A:C586,0.030453,
A:C756,cWW ,A:G585,A:C756,cWW ,A:G585,0.029773,
A:U757,cWW ,A:G584,A:U757,cWW ,A:G584,0.051199,
A:C758,tSH ,A:A583,A:C758,tSH ,A:A583,0.063251,
A:A759,tHW ,A:C582,A:A759,tHW ,A:C582,0.087292,
A:G760,tHS ,A:G581,A:G760,tHS ,A:G581,0.069703,
A:G761,cWW ,A:C580,A:G761,cWW ,A:C580,0.059203,
A:U762,cWW ,A:A579,A:U762,cWW ,A:A579,0.058473,
A:G763,cWW ,A:C578,A:G763,cWW ,A:C578,0.038537,
A:C764,cWW ,A:G577,A:C764,cWW ,A:G577,0.076122,
A:C764,tSS ,A:A728,A:C764,tSS ,A:A728,0.076122,
A:C764,ntSS,A:A729,A:C764,tSS ,A:A729,0.076122,
A:G765, ,---,A:G765, ,---,0.101545,
A:A766,tHW ,A:U813,A:A766,tHW ,A:U813,0.052711,
A:A766,cSS ,A:G1525,A:A766,cSS ,A:G1525,0.052711,
A:A767,tSS ,A:G1511,A:A767,tSS ,A:G1511,0.057158,
A:A767,cSS ,A:C1524,A:A767,cSS ,A:C1524,0.057158,
A:A768,bif ,A:C811,A:A768,bif ,A:C811,0.063077,
A:G769,cWW ,A:C810,A:G769,cWW ,A:C810,0.071404,
A:C770,cWW ,A:G809,A:C770,cWW ,A:G809,0.045990,
A:G771,cWW ,A:C808,A:G771,cWW ,A:C808,0.052340,
A:U772,cWW ,A:A807,A:U772,cWW ,A:A807,0.049853,
A:G773,cWW ,A:C806,A:G773,cWW ,A:C806,0.051775,
A:G774,cWW ,A:C805,A:G774,cWW ,A:C805,0.061002,
A:G775, ,---,A:G775, ,---,0.069717,
A:G776, ,---,A:G776, ,---,0.037468,
A:A777, ,---,A:A777, ,---,0.064451,
A:G778,cWW ,A:U804,A:G778,cWW ,A:U804,0.033555,
A:C779,cWW ,A:G803,A:C779,cWW ,A:G803,0.057155,
A:A780,tSH ,A:A802,A:A780,tSH ,A:A802,0.054819,
A:A781,tHW ,A:U801,A:A781,tHW ,A:U801,0.086070,
A:A782,tHS ,A:G800,A:A782,tHS ,A:G800,0.043783,
A:C783,cWW ,A:G799,A:C783,cWW ,A:G799,0.050845,
A:A784,cWW ,A:U798,A:A784,cWW ,A:U798,0.048815,
A:G785,cWW ,A:C797,A:G785,cWW ,A:C797,0.054057,
A:G785,ncSS,A:U697,A:G785,cSS ,A:U697,0.054057,
A:G786,cWW ,A:C796,A:G786,cWW ,A:C796,0.049918,
A:G786,---- ,A:A696,A:G786,cSS ,A:A696,0.049918,
A:A787, ,---,A:A787, ,---,0.077667,
A:U788, ,---,A:U788, ,---,0.101952,
A:U789, ,---,A:U789, ,---,0.094236,
A:A790, ,---,A:A790, ,---,0.086521,
A:G791, ,---,A:G791, ,---,0.091832,
A:A792, ,---,A:A792, ,---,0.077177,
A:U793, ,---,A:U793, ,---,0.073057,
A:A794, ,---,A:A794, ,---,0.090141,
A:C795, ,---,A:C795, ,---,0.082811,
A:C796,cWW ,A:G786,A:C796,cWW ,A:G786,0.065056,
A:C797,tSS ,A:A696,A:C797,tSS ,A:A696,0.046232,
A:C797,cWW ,A:G785,A:C797,cWW ,A:G785,0.046232,
A:U798,cWW ,A:A784,A:U798,cWW ,A:A784,0.060964,
A:G799,cWW ,A:C783,A:G799,cWW ,A:C783,0.061244,
A:G800,tSH ,A:A782,A:G800,tSH ,A:A782,0.056080,
A:U801,tWH ,A:A781,A:U801,tWH ,A:A781,0.059077,
A:A802,tHS ,A:A780,A:A802,tHS ,A:A780,0.057833,
A:G803,cWW ,A:C779,A:G803,cWW ,A:C779,0.073168,
A:U804,cWW ,A:G778,A:U804,cWW ,A:G778,0.039454,
A:C805,cWW ,A:G774,A:C805,cWW ,A:G774,0.060027,
A:C806,cWW ,A:G773,A:C806,cWW ,A:G773,0.054482,
A:A807,cWW ,A:U772,A:A807,cWW ,A:U772,0.052378,
A:C808,cWW ,A:G771,A:C808,cWW ,A:G771,0.060879,
A:G809,cWW ,A:C770,A:G809,cWW ,A:C770,0.049100,
A:C810,cWW ,A:G769,A:C810,cWW ,A:G769,0.069953,
A:C811,bif ,A:A768,A:C811,bif ,A:A768,0.095749,
A:G812, ,---,A:G812, ,---,0.079653,
A:U813,tWH ,A:A766,A:U813,tWH ,A:A766,0.063361,
A:U813,cSS ,A:G1511,A:U813,cSS ,A:G1511,0.063361,
A:A814, ,---,A:A814, ,---,0.063361,
A:A815, ,---,A:A815, ,---,0.080724,
A:A816, ,---,A:A816, ,---,0.069487,
A:C817,cWW ,A:G1529,A:C817,cWW ,A:G1529,0.041660,
A:G818, ,---,A:G818, ,---,0.069480,
A:A819, ,---,A:A819, ,---,0.053877,
A:U820,cWH ,A:A873,A:U820,cWH ,A:A873,0.056938,
A:G821,cWW ,A:C879,A:G821,cWW ,A:C879,0.053935,
A:U822,cWW ,A:A878,A:U822,cWW ,A:A878,0.039175,
A:C823,cWW ,A:G877,A:C823,cWW ,A:G877,0.055186,
A:G824,cWW ,A:C876,A:G824,cWW ,A:C876,0.074394,
A:A825,cWW ,A:U875,A:A825,cWW ,A:U875,0.061820,
A:C826,cWW ,A:G874,A:C826,cWW ,A:G874,0.094120,
A:U827,tWW ,A:A872,A:U827,tWW ,A:A872,0.095585,
A:U828,tHS ,A:G858,A:U828,tHS ,A:G858,0.063228,
A:G829,cWW ,A:C857,A:G829,cWW ,A:C857,0.086968,
A:G830,cWW ,A:C856,A:G830,cWW ,A:C856,0.072613,
A:A831,cWW ,A:U855,A:A831,cWW ,A:U855,0.049482,
A:G832,cWW ,A:U854,A:G832,cWW ,A:U854,0.058017,
A:G833,cWW ,A:C853,A:G833,cWW ,A:C853,0.044198,
A:U834,cWW ,A:G852,A:U834,cWW ,A:G852,0.027939,
A:U835,cWW ,A:G851,A:U835,cWW ,A:G851,0.106551,
A:G836,cWW ,A:U850,A:G836,cWW ,A:U850,0.145185,
A:U837,cWW ,A:G849,A:U837,cWW ,A:G849,0.065712,
A:G838,cWW ,A:C848,A:G838,cWW ,A:C848,0.153267,
A:C839,cWW ,A:G847,A:C839,cWW ,A:G847,0.213095,
A:C840,cWW ,A:G846,A:C840,cWW ,A:G846,0.293385,
A:C841, ,---,A:C841, ,---,0.581765,
A:U842, ,---,A:U842, ,---,0.558902,
A:U843, ,---,A:U843, ,---,0.581765,
A:G844, ,---,A:G844, ,---,0.453906,
A:A845, ,---,A:A845, ,---,0.339254,
A:G846,cWW ,A:C840,A:G846,cWW ,A:C840,0.385813,
A:G847,cWW ,A:C839,A:G847,cWW ,A:C839,0.209161,
A:C848,cWW ,A:G838,A:C848,cWW ,A:G838,0.134183,
A:G849,cWW ,A:U837,A:G849,cWW ,A:U837,0.073030,
A:U850,cWW ,A:G836,A:U850,cWW ,A:G836,0.117958,
A:G851,cWW ,A:U835,A:G851,cWW ,A:U835,0.144113,
A:G852,cWW ,A:U834,A:G852,cWW ,A:U834,0.032151,
A:C853,cWW ,A:G833,A:C853,cWW ,A:G833,0.037730,
A:U854,cWW ,A:G832,A:U854,cWW ,A:G832,0.065400,
A:U855,cWW ,A:A831,A:U855,cWW ,A:A831,0.050197,
A:C856,cWW ,A:G830,A:C856,cWW ,A:G830,0.065729,
A:C857,cWW ,A:G829,A:C857,cWW ,A:G829,0.087084,
A:G858,tSH ,A:U828,A:G858,tSH ,A:U828,0.088061,
A:G859, ,---,A:G859, ,---,0.050672,
A:A860,tHS ,A:G869,A:A860,tHS ,A:G869,0.065909,
A:G861,cWW ,A:C868,A:G861,cWW ,A:C868,0.068915,
A:C862,cWW ,A:G867,A:C862,cWW ,A:G867,0.072230,
A:U863, ,---,A:U863, ,---,0.073471,
A:A864,tSS ,A:G917,A:A864,tSS ,A:G917,0.078927,
A:A865,cWW ,A:U571,A:A865,cWW ,A:U571,0.049731,
A:C866,cWW ,A:G570,A:C866,cWW ,A:G570,0.047462,
A:G867,cWW ,A:C862,A:G867,cWW ,A:C862,0.077661,
A:G867,tSS ,A:A873,A:G867,tSS ,A:A873,0.077661,
A:C868,cWW ,A:G861,A:C868,cWW ,A:G861,0.058869,
A:G869,tSH ,A:A860,A:G869,tSH ,A:A860,0.064883,
A:U870, ,---,A:U870, ,---,0.098395,
A:U871, ,---,A:U871, ,---,0.065961,
A:A872,tWW ,A:U827,A:A872,tWW ,A:U827,0.094009,
A:A873,cHW ,A:U820,A:A873,cHW ,A:U820,0.065321,
A:A873,tSS ,A:G867,A:A873,tSS ,A:G867,0.065321,
A:G874,cWW ,A:C826,A:G874,cWW ,A:C826,0.093251,
A:U875,cWW ,A:A825,A:U875,cWW ,A:A825,0.075731,
A:C876,cWW ,A:G824,A:C876,cWW ,A:G824,0.067000,
A:G877,cWW ,A:C823,A:G877,cWW ,A:C823,0.067061,
A:A878,cWW ,A:U822,A:A878,cWW ,A:U822,0.030484,
A:C879,cWW ,A:G821,A:C879,cWW ,A:G821,0.050048,
A:C880,cWW ,A:G575,A:C880,cWW ,A:G575,0.041537,
A:G881,cWW ,A:C569,A:G881,cWW ,A:C569,0.073430,
A:C882,cWW ,A:G568,A:C882,cWW ,A:G568,0.068473,
A:C882,cSS ,A:A574,A:C882,cSS ,A:A574,0.068473,
A:C883,cWW ,A:G567,A:C883,cWW ,A:G567,0.055443,
A:C883,ncSS,A:A573,A:C883,cSS ,A:A573,0.055443,
A:U884,tWW ,A:A563,A:U884,tWW ,A:A563,0.121983,
A:G885,cWW ,A:C912,A:G885,cWW ,A:C912,0.088961,
A:G886,cWW ,A:U911,A:G886,cWW ,A:U911,0.074953,
A:G887,cWW ,A:C910,A:G887,cWW ,A:C910,0.064785,
A:G888,tSH ,A:A909,A:G888,tSH ,A:A909,0.058241,
A:A889,tHH ,A:A908,A:A889,tHH ,A:A908,0.065974,
A:G890,cSH ,A:U891,A:G890,cSH ,A:U891,0.075356,
A:U891,cHS ,A:G890,A:U891,cHS ,A:G890,0.067883,
A:U891,tWH ,A:A907,A:U891,tWH ,A:A907,0.067883,
A:A892,tHS ,A:A906,A:A892,tHS ,A:A906,0.055787,
A:C893,cWW ,A:U244,A:C893,cWW ,A:U244,0.060689,
A:G894,cWW ,A:U905,A:G894,cWW ,A:U905,0.046125,
A:G895,cWW ,A:U904,A:G895,cWW ,A:U904,0.055097,
A:C896,cWW ,A:G903,A:C896,cWW ,A:G903,0.064415,
A:C897,cWW ,A:G902,A:C897,cWW ,A:G902,0.053709,
A:G898,tSH ,A:A901,A:G898,tSH ,A:A901,0.063420,
A:C899, ,---,A:C899, ,---,0.052385,
A:A900, ,---,A:A900, ,---,0.066975,
A:A901,tHS ,A:G898,A:A901,tHS ,A:G898,0.077597,
A:G902,cWW ,A:C897,A:G902,cWW ,A:C897,0.071075,
A:G903,cWW ,A:C896,A:G903,cWW ,A:C896,0.070646,
A:U904,cWW ,A:G895,A:U904,cWW ,A:G895,0.061735,
A:U905,cWW ,A:G894,A:U905,cWW ,A:G894,0.071523,
A:A906,tSH ,A:A892,A:A906,tSH ,A:A892,0.074691,
A:A907,tHW ,A:U891,A:A907,tHW ,A:U891,0.055214,
A:A908,tHH ,A:A889,A:A908,tHH ,A:A889,0.064027,
A:A909,tHS ,A:G888,A:A909,tHS ,A:G888,0.058845,
A:A909,cSS ,A:A1413,A:A909,cSS ,A:A1413,0.058845,
A:C910,cWW ,A:G887,A:C910,cWW ,A:G887,0.054648,
A:U911,cWW ,A:G886,A:U911,cWW ,A:G886,0.075376,
A:C912,cWW ,A:G885,A:C912,cWW ,A:G885,0.076910,
A:A913,tSS ,A:G22,A:A913,tSS ,A:G22,0.092999,
A:A914,tHS ,A:G21,A:A914,tHS ,A:G21,0.139750,
A:A915,cHW ,A:U13,A:A915,cHW ,A:U13,0.125468,
A:U916,cWW ,A:A19,A:U916,cWW ,A:A19,0.099659,
A:G917,cWW ,A:C18,A:G917,cWW ,A:C18,0.044766,
A:G917,tSS ,A:A864,A:G917,tSS ,A:A864,0.044766,
A:A918,cWW ,A:U17,A:A918,cWW ,A:U17,0.063122,
A:A919,ntSS,A:A1080,A:A919,tSS ,A:A1080,0.074027,
A:U920,cWW ,A:G15,A:U920,cWW ,A:G15,0.061683,
A:U921,cWW ,A:A1396,A:U921,cWW ,A:A1396,0.073226,
A:G922,cWW ,A:C1395,A:G922,cWW ,A:C1395,0.061575,
A:G922,tSS ,A:A1398,A:G922,tSS ,A:A1398,0.061575,
A:A923,cWW ,A:U1393,A:A923,cWW ,A:U1393,0.072361,
A:C924,cWW ,A:G1392,A:C924,cWW ,A:G1392,0.096933,
A:C924,tSS ,A:A1502,A:C924,tSS ,A:A1502,0.096933,
A:G925,cWW ,A:U1391,A:G925,cWW ,A:U1391,0.053154,
A:G926, ,---,A:G926, ,---,0.082794,
A:G927,cWW ,A:U1390,A:G927,cWW ,A:U1390,0.094857,
A:G928,cWW ,A:C1389,A:G928,cWW ,A:C1389,0.077138,
A:G929,cWW ,A:C1388,A:G929,cWW ,A:C1388,0.160688,
A:C930,cWW ,A:G1387,A:C930,cWW ,A:G1387,0.222067,
A:C931,cWW ,A:G1386,A:C931,cWW ,A:G1386,0.184588,
A:C932,cWW ,A:G1385,A:C932,cWW ,A:G1385,0.089138,
A:G933,cWW ,A:C1384,A:G933,cWW ,A:C1384,0.107349,
A:C934,ntWW,A:A938,A:C934,tWW ,A:A938,0.169808,
A:C934,nbif,A:A1375,A:C934,bif ,A:A1375,0.169808,
A:A935,cWW ,A:U1380,A:A935,cWW ,A:U1380,0.115080,
A:A935,cSW ,A:C1383,A:A935,cSW ,A:C1383,0.115080,
A:C936,cWW ,A:G1379,A:C936,cWW ,A:G1379,0.096066,
A:A937,tSH ,A:C1378,A:A937,tSH ,A:C1378,0.161775,
A:A938,cSS ,A:U1376,A:A938,cSS ,A:U1376,0.172535,
A:A938,ntWW,A:C934,A:A938,tWW ,A:C934,0.172535,
A:G939,cWW ,A:C1344,A:G939,cWW ,A:C1344,0.164668,
A:G939,cSS ,A:A1375,A:G939,cSS ,A:A1375,0.164668,
A:C940,cWW ,A:G1343,A:C940,cWW ,A:G1343,0.077820,
A:G941,cWW ,A:C1342,A:G941,cWW ,A:C1342,0.074477,
A:G942,cWW ,A:U1341,A:G942,cWW ,A:U1341,0.080144,
A:U943,cWW ,A:A1340,A:U943,cWW ,A:A1340,0.114135,
A:G944,tSH ,A:A1339,A:G944,tSH ,A:A1339,0.162658,
A:G945,cWW ,A:A1236,A:G945,ncWW,A:A1236,0.124538,
A:A946,cWW ,A:U1235,A:A946,cWW ,A:U1235,0.094161,
A:A946,cSS ,A:A1333,A:A946,cSS ,A:A1333,0.094161,
A:G947,cWW ,A:C1234,A:G947,cWW ,A:C1234,0.098612,
A:C948,cWW ,A:G1233,A:C948,cWW ,A:G1233,0.085328,
A:A949,cWW ,A:U1232,A:A949,cWW ,A:U1232,0.066237,
A:U950,cWW ,A:G1231,A:U950,cWW ,A:G1231,0.081357,
A:G951,cSS ,A:C970,A:G951,cSS ,A:C970,0.085824,
A:G951,cWW ,A:C1230,A:G951,cWW ,A:C1230,0.085824,
A:U952,cWW ,A:A1229,A:U952,cWW ,A:A1229,0.080533,
A:G953,cWW ,A:C1228,A:G953,cWW ,A:C1228,0.087683,
A:G954,cWW ,A:C1226,A:G954,cWW ,A:C1226,0.100034,
A:U955,cWW ,A:A1225,A:U955,cWW ,A:A1225,0.112131,
A:U956, ,---,A:U956, ,---,0.126298,
A:U957,tSH ,A:A959,A:U957,tSH ,A:A959,0.144192,
A:A958, ,---,A:A958, ,---,0.130341,
A:A959,tHS ,A:U957,A:A959,tHS ,A:U957,0.157962,
A:A959,tSS ,A:G1221,A:A959,tSS ,A:G1221,0.157962,
A:U960, ,---,A:U960, ,---,0.144192,
A:U961, ,---,A:U961, ,---,0.164218,
A:C962,cWW ,A:G973,A:C962,cWW ,A:G973,0.216666,
A:G963,cWW ,A:C972,A:G963,cWW ,A:C972,0.141326,
A:A964,cSS ,A:A969,A:A964,cSS ,A:A969,0.140979,
A:U965, ,---,A:U965, ,---,0.181437,
A:G966, ,---,A:G966, ,---,0.834819,
A:C967, ,---,A:C967, ,---,0.835380,
---, ,---,A:A968, ,---, ,
A:A968, ,---,---, ,---, ,
A:A969,cSS ,A:A964,A:A969,cSS ,A:A964,0.166278,
A:C970,cSS ,A:G951,A:C970,cSS ,A:G951,0.144444,
A:G971, ,---,A:G971, ,---,0.164485,
A:C972,cWW ,A:G963,A:C972,cWW ,A:G963,0.194348,
A:G973,cWW ,A:C962,A:G973,cWW ,A:C962,0.186328,
A:A974, ,---,A:A974, ,---,0.199575,
---, ,---,A:A975, ,---, ,
A:A975, ,---,---, ,---, ,
A:G976, ,---,A:G976, ,---,0.113395,
---, ,---,A:A977, ,---, ,
A:A977, ,---,---, ,---, ,
A:A978,tWS ,A:G1316,A:A978,tWS ,A:G1316,0.189277,
A:A978,tHW ,A:A1360,A:A978,tHW ,A:A1360,0.189277,
A:C979, ,---,A:C979, ,---,0.179437,
A:C980, ,---,A:C980, ,---,0.145524,
A:U981, ,---,A:U981, ,---,0.138147,
A:U982, ,---,A:U982, ,---,0.139417,
A:A983,cSS ,A:U1049,A:A983,---- ,A:U1049,0.193126,
A:C984,cWW ,A:G1221,A:C984,cWW ,A:G1221,0.145608,
A:C985,cWW ,A:G1220,A:C985,cWW ,A:G1220,0.104330,
A:U986,cWW ,A:A1219,A:U986,cWW ,A:A1219,0.089379,
A:G987,cWW ,A:C1218,A:G987,cWW ,A:C1218,0.088048,
A:G988,tSS ,A:A1016,A:G988,---- ,A:A1016,0.101305,
A:G988,cWW ,A:C1217,A:G988,cWW ,A:C1217,0.101305,
A:U989,cWW ,A:A1216,A:U989,cWW ,A:A1216,0.106023,
A:C990,cWW ,A:G1215,A:C990,cWW ,A:G1215,0.171654,
A:U991,ntWH,A:A1213,A:U991,tWH ,A:A1213,0.179361,
A:U992,tWH ,A:A1044,A:U992,tWH ,A:A1044,0.119279,
A:G993,cWW ,A:C1045,A:G993,cWW ,A:C1045,0.118346,
A:A994, ,---,A:A994, ,---,0.105298,
A:C995,cWS ,A:A1046,A:C995,cWS ,A:A1046,0.122706,
A:A996,cWS ,A:C1045,A:A996,cWS ,A:C1045,0.137648,
A:U997,cWW ,A:A1044,A:U997,cWW ,A:A1044,0.126045,
A:C998,cWW ,A:G1043,A:C998,cWW ,A:G1043,0.107623,
A:C999,cWW ,A:G1041,A:C999,cWW ,A:G1041,0.182276,
A:A1000,cWW ,A:U1040,A:A1000,cWW ,A:U1040,0.214228,
A:C1001,cWW ,A:G1039,A:C1001,cWW ,A:G1039,0.112292,
A:G1002,cWW ,A:C1038,A:G1002,cWW ,A:C1038,0.168226,
A:G1003,cWW ,A:C1037,A:G1003,cWW ,A:C1037,0.197077,
A:A1004,tHS ,A:U1025,A:A1004,ntHS,A:U1025,0.522444,
A:A1005,tHS ,A:G1024,A:A1005,---- ,A:G1024,0.622409,
A:G1006,cWW ,A:U1023,A:G1006,cWW ,A:U1023,0.430595,
A:U1007,cWW ,A:A1022,A:U1007,cWW ,A:A1022,0.225225,
A:U1008,cWW ,A:A1021,A:U1008,cWW ,A:A1021,0.263508,
A:U1009,cWW ,A:G1020,A:U1009,cWW ,A:G1020,0.170951,
A:U1010,cWW ,A:A1019,A:U1010,cWW ,A:A1019,0.106542,
A:C1011,cWW ,A:G1018,A:C1011,cWW ,A:G1018,0.113418,
A:A1012,cWW ,A:U1017,A:A1012,cWW ,A:U1017,0.212127,
A:G1013, ,---,A:G1013, ,---,0.267577,
A:A1014, ,---,A:A1014, ,---,0.142582,
A:G1015,cSS ,A:C1218,A:G1015,cSS ,A:C1218,0.205405,
A:A1016,tSS ,A:G988,A:A1016,---- ,A:G988,0.197224,
A:A1016,cSS ,A:C1217,A:A1016,cSS ,A:C1217,0.197224,
A:U1017,cWW ,A:A1012,A:U1017,cWW ,A:A1012,0.285221,
A:G1018,cWW ,A:C1011,A:G1018,cWW ,A:C1011,0.139692,
A:A1019,cWW ,A:U1010,A:A1019,cWW ,A:U1010,0.106461,
A:G1020,cWW ,A:U1009,A:G1020,cWW ,A:U1009,0.143807,
A:A1021,cWW ,A:U1008,A:A1021,cWW ,A:U1008,0.241238,
A:A1022,cWW ,A:U1007,A:A1022,cWW ,A:U1007,0.261313,
A:U1023,cWW ,A:G1006,A:U1023,cWW ,A:G1006,0.266586,
A:G1024,tSH ,A:A1005,A:G1024,---- ,A:A1005,0.461321,
A:U1025,tSH ,A:A1004,A:U1025,ntSH,A:A1004,0.462123,
A:G1026,cWW ,A:A1035,A:G1026,cWW ,A:A1035,0.418207,
A:C1027,cWW ,A:G1034,A:C1027,cWW ,A:G1034,0.386085,
A:C1028,cWW ,A:G1033,A:C1028,cWW ,A:G1033,0.349948,
---, ,---,A:U1029, ,---, ,
---, ,---,A:U1030, ,---, ,
---, ,---,A:C1031, ,---, ,
A:U1029, ,---,---, ,---, ,
A:U1030, ,---,---, ,---, ,
A:C1031, ,---,---, ,---, ,
A:G1032, ,---,A:G1032, ,---,0.359725,
A:G1033,cWW ,A:C1028,A:G1033,cWW ,A:C1028,0.364909,
A:G1034,cWW ,A:C1027,A:G1034,cWW ,A:C1027,0.349948,
A:A1035,cWW ,A:G1026,A:A1035,cWW ,A:G1026,0.397432,
A:A1036, ,---,A:A1036, ,---,0.384074,
A:C1037,cWW ,A:G1003,A:C1037,cWW ,A:G1003,0.207604,
A:C1038,cWW ,A:G1002,A:C1038,cWW ,A:G1002,0.197077,
A:G1039,cWW ,A:C1001,A:G1039,cWW ,A:C1001,0.110025,
A:U1040,cWW ,A:A1000,A:U1040,cWW ,A:A1000,0.172498,
A:G1041,cWW ,A:C999,A:G1041,cWW ,A:C999,0.210789,
A:A1042, ,---,A:A1042, ,---,0.183751,
A:G1043,cWW ,A:C998,A:G1043,cWW ,A:C998,0.140723,
A:A1044,tHW ,A:U992,A:A1044,tHW ,A:U992,0.136368,
A:A1044,cWW ,A:U997,A:A1044,cWW ,A:U997,0.136368,
A:C1045,cWW ,A:G993,A:C1045,cWW ,A:G993,0.054897,
A:C1045,cSW ,A:A996,A:C1045,cSW ,A:A996,0.054897,
A:A1046,cSW ,A:C995,A:A1046,cSW ,A:C995,0.094727,
A:A1046,tWW ,A:A1213,A:A1046,tWW ,A:A1213,0.094727,
A:G1047,cWW ,A:C1210,A:G1047,cWW ,A:C1210,0.175303,
A:G1048,cWW ,A:C1209,A:G1048,cWW ,A:C1209,0.099794,
A:U1049,cSS ,A:A983,A:U1049,---- ,A:A983,0.297322,
A:G1050,cWW ,A:C1208,A:G1050,cWW ,A:C1208,0.095164,
A:C1051,cWW ,A:G1207,A:C1051,cWW ,A:G1207,0.067123,
A:U1052,cWW ,A:G1206,A:U1052,cWW ,A:G1206,0.100053,
A:G1053,cWH ,A:G1057,A:G1053,cWH ,A:G1057,0.080616,
A:C1054, ,---,A:C1054, ,---,0.816874,
A:A1055,tHW ,A:C1200,A:A1055,tHW ,A:C1200,0.094680,
A:A1055,cWS ,A:U1205,A:A1055,ncWS,A:U1205,0.094680,
A:U1056,cWW ,A:A1204,A:U1056,cWW ,A:A1204,0.107964,
A:G1057,cHW ,A:G1053,A:G1057,cHW ,A:G1053,0.064343,
A:G1057,cWW ,A:C1203,A:G1057,cWW ,A:C1203,0.064343,
A:G1058,cWW ,A:U1199,A:G1058,cWW ,A:U1199,0.088368,
A:G1058,tSH ,A:U1202,A:G1058,tSH ,A:U1202,0.088368,
A:C1059,cWW ,A:G1198,A:C1059,cWW ,A:G1198,0.084330,
A:U1060,cWW ,A:A1197,A:U1060,cWW ,A:A1197,0.054659,
A:G1061,cWW ,A:C1195,A:G1061,cWW ,A:C1195,0.069633,
A:U1062,cWW ,A:U1194,A:U1062,cWW ,A:U1194,0.100027,
A:C1063,cWW ,A:G1193,A:C1063,cWW ,A:G1193,0.112619,
A:G1064,tSS ,A:G1190,A:G1064,tSS ,A:G1190,0.140768,
A:U1065, ,---,A:U1065, ,---,0.152976,
A:C1066,tWH ,A:A1191,A:C1066,tWH ,A:A1191,0.136346,
A:A1067, ,---,A:A1067, ,---,0.142427,
A:G1068,cWW ,A:C1107,A:G1068,cWW ,A:C1107,0.168610,
A:C1069,cWW ,A:G1106,A:C1069,cWW ,A:G1106,0.132237,
A:U1070,cWW ,A:A1105,A:U1070,cWW ,A:A1105,0.135511,
A:C1071,tHH ,A:U1085,A:C1071,tHH ,A:U1085,0.067492,
A:C1071,cWW ,A:G1104,A:C1071,cWW ,A:G1104,0.067492,
A:G1072,tHS ,A:G1084,A:G1072,tHS ,A:G1084,0.097931,
A:G1072,cWW ,A:C1103,A:G1072,cWW ,A:C1103,0.097931,
A:U1073,cWW ,A:A1102,A:U1073,cWW ,A:A1102,0.141156,
A:G1074,cWW ,A:U1083,A:G1074,cWW ,A:U1083,0.127505,
A:G1074,tSS ,A:A1101,A:G1074,tSS ,A:A1101,0.127505,
A:U1075,cWW ,A:A1082,A:U1075,cWW ,A:A1082,0.051622,
A:U1076,cWW ,A:A1081,A:U1076,cWW ,A:A1081,0.090018,
A:G1077, ,---,A:G1077, ,---,0.108617,
A:U1078, ,---,A:U1078, ,---,0.111132,
A:G1079, ,---,A:G1079, ,---,0.204763,
A:A1080,ncSS,A:A16,A:A1080,cSS ,A:A16,0.186690,
A:A1080,ntSS,A:A919,A:A1080,tSS ,A:A919,0.186690,
A:A1081,cWW ,A:U1076,A:A1081,cWW ,A:U1076,0.102784,
A:A1082,cWW ,A:U1075,A:A1082,cWW ,A:U1075,0.048643,
A:U1083,cWW ,A:G1074,A:U1083,cWW ,A:G1074,0.115851,
A:G1084,tSH ,A:G1072,A:G1084,tSH ,A:G1072,0.133152,
A:U1085,tHH ,A:C1071,A:U1085,tHH ,A:C1071,0.120937,
A:U1086, ,---,A:U1086, ,---,0.110965,
A:G1087,cWW ,A:C1098,A:G1087,cWW ,A:C1098,0.101932,
A:G1088,cWW ,A:C1097,A:G1088,cWW ,A:C1097,0.074731,
A:G1088,ntSW,A:A1167,A:G1088,tSW ,A:A1167,0.074731,
A:G1089,cWW ,A:C1096,A:G1089,cWW ,A:C1096,0.075308,
A:U1090,cWW ,A:U1095,A:U1090,cWW ,A:U1095,0.085384,
A:U1091, ,---,A:U1091, ,---,0.085980,
A:A1092, ,---,A:A1092, ,---,0.144322,
A:A1093, ,---,A:A1093, ,---,0.144322,
A:G1094, ,---,A:G1094, ,---,0.138195,
A:U1095,cWW ,A:U1090,A:U1095,cWW ,A:U1090,0.085980,
A:C1096,cWW ,A:G1089,A:C1096,cWW ,A:G1089,0.089907,
A:C1096,cSS ,A:A1170,A:C1096,cSS ,A:A1170,0.089907,
A:C1097,cWW ,A:G1088,A:C1097,cWW ,A:G1088,0.081856,
A:C1097,cSS ,A:A1169,A:C1097,cSS ,A:A1169,0.081856,
A:C1098,cWW ,A:G1087,A:C1098,cWW ,A:G1087,0.074298,
A:G1099, ,---,A:G1099, ,---,0.117222,
A:C1100, ,---,A:C1100, ,---,0.117222,
A:A1101,tSS ,A:G1074,A:A1101,tSS ,A:G1074,0.134980,
A:A1102,cWW ,A:U1073,A:A1102,cWW ,A:U1073,0.145284,
A:C1103,cWW ,A:G1072,A:C1103,cWW ,A:G1072,0.111444,
A:G1104,cWW ,A:C1071,A:G1104,cWW ,A:C1071,0.057746,
A:A1105,cWW ,A:U1070,A:A1105,cWW ,A:U1070,0.098146,
A:G1106,cWW ,A:C1069,A:G1106,cWW ,A:C1069,0.128431,
A:C1107,cWW ,A:G1068,A:C1107,cWW ,A:G1068,0.125005,
A:G1108, ,---,A:G1108, ,---,0.117959,
A:C1109, ,---,A:C1109, ,---,0.144223,
A:A1110, ,---,A:A1110, ,---,0.150822,
A:A1111, ,---,A:A1111, ,---,0.149954,
A:C1112, ,---,A:C1112, ,---,0.145437,
A:C1113,cWW ,A:G1187,A:C1113,cWW ,A:G1187,0.107585,
A:C1114,cWW ,A:G1186,A:C1114,cWW ,A:G1186,0.098176,
A:U1115,cWW ,A:G1185,A:U1115,cWW ,A:G1185,0.080028,
A:U1116,cWW ,A:G1184,A:U1116,cWW ,A:G1184,0.091295,
A:A1117, ,---,A:A1117, ,---,0.071077,
A:U1118,cWW ,A:A1155,A:U1118,cWW ,A:A1155,0.070372,
A:C1119,cWW ,A:G1154,A:C1119,cWW ,A:G1154,0.115697,
A:C1120,cWW ,A:G1153,A:C1120,cWW ,A:G1153,0.146475,
A:U1121,cWW ,A:A1152,A:U1121,cWW ,A:A1152,0.111748,
A:U1122,cWW ,A:A1151,A:U1122,cWW ,A:A1151,0.105977,
A:U1123,cWW ,A:A1150,A:U1123,cWW ,A:A1150,0.164354,
A:G1124,cSH ,A:U1125,A:G1124,cSH ,A:U1125,0.177176,
A:G1124,cWW ,A:C1149,A:G1124,cWW ,A:C1149,0.177176,
A:U1125,cHS ,A:G1124,A:U1125,cHS ,A:G1124,0.288011,
A:U1125,cWH ,A:A1280,A:U1125,cWH ,A:A1280,0.288011,
A:U1126, ,---,A:U1126, ,---,0.350814,
A:G1127,cWW ,A:A1145,A:G1127,cWW ,A:A1145,0.167707,
A:C1128,cWW ,A:G1144,A:C1128,cWW ,A:G1144,0.151323,
A:C1129,cWW ,A:G1143,A:C1129,cWW ,A:G1143,0.153553,
A:A1130, ,---,A:A1130, ,---,0.272257,
A:G1131, ,---,A:G1131, ,---,0.292936,
A:C1132,cWW ,A:G1142,A:C1132,cWW ,A:G1142,0.236454,
A:G1133,cWW ,A:C1141,A:G1133,cWW ,A:C1141,0.214555,
A:G1134,cWW ,A:C1140,A:G1134,cWW ,A:C1140,0.189763,
---, ,---,A:U1135, ,---, ,
---, ,---,A:C1136, ,---, ,
---, ,---,A:C1137, ,---, ,
A:U1135,tSW ,A:G1138,---, ,A:G1138, ,
A:C1136, ,---,---, ,---, ,
A:C1137, ,---,---, ,---, ,
A:G1138,tWS ,A:U1135,A:G1138, ,---,0.278889,
A:G1139,cWH ,A:G1142,A:G1139,cWH ,A:G1142,0.152926,
A:C1140,cWW ,A:G1134,A:C1140,cWW ,A:G1134,0.278889,
A:C1141,cWW ,A:G1133,A:C1141,cWW ,A:G1133,0.189763,
A:G1142,cWW ,A:C1132,A:G1142,cWW ,A:C1132,0.213567,
A:G1142,cHW ,A:G1139,A:G1142,cHW ,A:G1139,0.213567,
A:G1143,cWW ,A:C1129,A:G1143,cWW ,A:C1129,0.167272,
A:G1144,cWW ,A:C1128,A:G1144,cWW ,A:C1128,0.162045,
A:A1145,cWW ,A:G1127,A:A1145,cWW ,A:G1127,0.170573,
A:A1146, ,---,A:A1146, ,---,0.211349,
A:C1147, ,---,A:C1147, ,---,0.216183,
A:U1148, ,---,A:U1148, ,---,0.183307,
A:C1149,cWW ,A:G1124,A:C1149,cWW ,A:G1124,0.196162,
A:C1149,cSW ,A:A1280,A:C1149,cSW ,A:A1280,0.196162,
A:A1150,cWW ,A:U1123,A:A1150,cWW ,A:U1123,0.157248,
A:A1151,cWW ,A:U1122,A:A1151,cWW ,A:U1122,0.106732,
A:A1152,cWW ,A:U1121,A:A1152,cWW ,A:U1121,0.109936,
A:G1153,cWW ,A:C1120,A:G1153,cWW ,A:C1120,0.157431,
A:G1154,cWW ,A:C1119,A:G1154,cWW ,A:C1119,0.134671,
A:A1155,cWW ,A:U1118,A:A1155,cWW ,A:U1118,0.081682,
A:G1156,tSW ,A:A1179,A:G1156,tSW ,A:A1179,0.077900,
A:A1157,tWS ,A:G1178,A:A1157,tWS ,A:G1178,0.087503,
A:C1158,cWW ,A:G1181,A:C1158,cWW ,A:G1181,0.106255,
A:U1159,cSH ,A:C1161,A:U1159,---- ,A:C1161,0.154806,
A:G1160,cWW ,A:A1176,A:G1160,cWW ,A:A1176,0.107972,
A:G1160,cHW ,A:G1182,A:G1160,cHW ,A:G1182,0.107972,
A:C1161,cHS ,A:U1159,A:C1161,---- ,A:U1159,0.115484,
A:C1161,cWW ,A:G1175,A:C1161,cWW ,A:G1175,0.115484,
A:C1162,cWW ,A:G1174,A:C1162,cWW ,A:G1174,0.096265,
A:A1163,cWW ,A:U1173,A:A1163,cWW ,A:U1173,0.081751,
A:G1164,cWW ,A:C1172,A:G1164,cWW ,A:C1172,0.057800,
A:U1165,cWW ,A:A1171,A:U1165,cWW ,A:A1171,0.076797,
A:G1166,tSH ,A:A1170,A:G1166,tSH ,A:A1170,0.167061,
A:A1167,ntWS,A:G1088,A:A1167,tWS ,A:G1088,0.220977,
A:U1168, ,---,A:U1168, ,---,0.427011,
A:A1169,cSS ,A:C1097,A:A1169,cSS ,A:C1097,0.223452,
A:A1170,cSS ,A:C1096,A:A1170,cSS ,A:C1096,0.223452,
A:A1170,tHS ,A:G1166,A:A1170,tHS ,A:G1166,0.223452,
A:A1171,cWW ,A:U1165,A:A1171,cWW ,A:U1165,0.084521,
A:C1172,cWW ,A:G1164,A:C1172,cWW ,A:G1164,0.051362,
A:U1173,cWW ,A:A1163,A:U1173,cWW ,A:A1163,0.074431,
A:G1174,cWW ,A:C1162,A:G1174,cWW ,A:C1162,0.079268,
A:G1175,cWW ,A:C1161,A:G1175,cWW ,A:C1161,0.097059,
A:A1176,cWW ,A:G1160,A:A1176,cWW ,A:G1160,0.104449,
A:G1177,tWH ,A:G1181,A:G1177,tWH ,A:G1181,0.083189,
A:G1178,tSW ,A:A1157,A:G1178,tSW ,A:A1157,0.099832,
A:A1179,tWS ,A:G1156,A:A1179,tWS ,A:G1156,0.089878,
A:A1180, ,---,A:A1180, ,---,0.100357,
A:G1181,cWW ,A:C1158,A:G1181,cWW ,A:C1158,0.078672,
A:G1181,tHW ,A:G1177,A:G1181,tHW ,A:G1177,0.078672,
A:G1182,cWH ,A:G1160,A:G1182,cWH ,A:G1160,0.141346,
A:U1183, ,---,A:U1183, ,---,0.154845,
A:G1184,cWW ,A:U1116,A:G1184,cWW ,A:U1116,0.086951,
A:G1185,cWW ,A:U1115,A:G1185,cWW ,A:U1115,0.085708,
A:G1186,cWW ,A:C1114,A:G1186,cWW ,A:C1114,0.092666,
A:G1187,cWW ,A:C1113,A:G1187,cWW ,A:C1113,0.102917,
A:A1188, ,---,A:A1188, ,---,0.146222,
A:U1189, ,---,A:U1189, ,---,0.177606,
A:G1190,tSS ,A:G1064,A:G1190,tSS ,A:G1064,0.156403,
A:A1191,tHW ,A:C1066,A:A1191,tHW ,A:C1066,0.173715,
A:C1192, ,---,A:C1192, ,---,0.195525,
A:G1193,cWW ,A:C1063,A:G1193,cWW ,A:C1063,0.193275,
A:U1194,cWW ,A:U1062,A:U1194,cWW ,A:U1062,0.096446,
A:C1195,cWW ,A:G1061,A:C1195,cWW ,A:G1061,0.098411,
A:A1196, ,---,A:A1196, ,---,0.858290,
A:A1197,cWW ,A:U1060,A:A1197,cWW ,A:U1060,0.068298,
A:G1198,cWW ,A:C1059,A:G1198,cWW ,A:C1059,0.065940,
A:U1199,cWW ,A:G1058,A:U1199,cWW ,A:G1058,0.088599,
A:C1200,tWH ,A:A1055,A:C1200,tWH ,A:A1055,0.102167,
A:C1200,ntSW,A:U1205,A:C1200,tSW ,A:U1205,0.102167,
A:A1201, ,---,A:A1201, ,---,0.297322,
A:U1202,tHS ,A:G1058,A:U1202,tHS ,A:G1058,0.097901,
A:C1203,cWW ,A:G1057,A:C1203,cWW ,A:G1057,0.097901,
A:A1204,cWW ,A:U1056,A:A1204,cWW ,A:U1056,0.078095,
A:U1205,cSW ,A:A1055,A:U1205,ncSW,A:A1055,0.110590,
A:U1205,ntWS,A:C1200,A:U1205,tWS ,A:C1200,0.110590,
A:G1206,cWW ,A:U1052,A:G1206,cWW ,A:U1052,0.101619,
A:G1207,cWW ,A:C1051,A:G1207,cWW ,A:C1051,0.068959,
A:C1208,cWW ,A:G1050,A:C1208,cWW ,A:G1050,0.079388,
A:C1209,cWW ,A:G1048,A:C1209,cWW ,A:G1048,0.106794,
A:C1210,cWW ,A:G1047,A:C1210,cWW ,A:G1047,0.152267,
A:U1211, ,---,A:U1211, ,---,0.175303,
A:U1212, ,---,A:U1212, ,---,0.227564,
A:A1213,tWW ,A:A1046,A:A1213,tWW ,A:A1046,0.168846,
A:A1213,ntHW,A:U991,A:A1213,tHW ,A:U991,0.168846,
A:C1214, ,---,A:C1214, ,---,0.097398,
A:G1215,cWW ,A:C990,A:G1215,cWW ,A:C990,0.179361,
A:A1216,cWW ,A:U989,A:A1216,cWW ,A:U989,0.095395,
A:C1217,cWW ,A:G988,A:C1217,cWW ,A:G988,0.098222,
A:C1217,cSS ,A:A1016,A:C1217,cSS ,A:A1016,0.098222,
A:C1218,cWW ,A:G987,A:C1218,cWW ,A:G987,0.099163,
A:C1218,cSS ,A:G1015,A:C1218,cSS ,A:G1015,0.099163,
A:A1219,cWW ,A:U986,A:A1219,cWW ,A:U986,0.083375,
A:G1220,cWW ,A:C985,A:G1220,cWW ,A:C985,0.090167,
A:G1221,tSS ,A:A959,A:G1221,tSS ,A:A959,0.135339,
A:G1221,cWW ,A:C984,A:G1221,cWW ,A:C984,0.135339,
A:G1222, ,---,A:G1222, ,---,0.133139,
A:C1223, ,---,A:C1223, ,---,0.158350,
---, ,A:A1362,A:U1224,cWW ,A:A1362, ,
A:U1224,cWW ,A:A1362,---, ,A:A1362, ,
A:A1225,cWW ,A:U955,A:A1225,cWW ,A:U955,0.136745,
A:C1226,cWW ,A:G954,A:C1226,cWW ,A:G954,0.095690,
---, ,---,A:A1227, ,---, ,
A:A1227, ,---,---, ,---, ,
A:C1228,cWW ,A:G953,A:C1228,cWW ,A:G953,0.124325,
A:A1229,cWW ,A:U952,A:A1229,cWW ,A:U952,0.082312,
A:C1230,cWW ,A:G951,A:C1230,cWW ,A:G951,0.084779,
A:G1231,cWW ,A:U950,A:G1231,cWW ,A:U950,0.085677,
A:U1232,cWW ,A:A949,A:U1232,cWW ,A:A949,0.082300,
A:G1233,cWW ,A:C948,A:G1233,cWW ,A:C948,0.085867,
A:C1234,cWW ,A:G947,A:C1234,cWW ,A:G947,0.098420,
A:U1235,cWW ,A:A946,A:U1235,cWW ,A:A946,0.119371,
A:A1236,cWW ,A:G945,A:A1236,ncWW,A:G945,0.125942,
A:C1237,cWW ,A:G1337,A:C1237,cWW ,A:G1337,0.116005,
A:A1238,cSS ,A:G1241,A:A1238,cSS ,A:G1241,0.354443,
A:A1238,tHW ,A:U1301,A:A1238,tHW ,A:U1301,0.354443,
A:A1239, ,---,A:A1239, ,---,0.255252,
A:U1240, ,---,A:U1240, ,---,0.237546,
A:G1241,cSS ,A:A1238,A:G1241,cSS ,A:A1238,0.149944,
A:G1241,cWW ,A:C1296,A:G1241,cWW ,A:C1296,0.149944,
A:G1242,cWW ,A:U1295,A:G1242,cWW ,A:U1295,0.144360,
A:C1243,cWW ,A:G1294,A:C1243,cWW ,A:G1294,0.087770,
A:G1244,cWW ,A:C1293,A:G1244,cWW ,A:C1293,0.100074,
A:C1245,cWW ,A:G1292,A:C1245,cWW ,A:G1292,0.097608,
A:A1246,cWW ,A:U1291,A:A1246,cWW ,A:U1291,0.103110,
A:U1247,cWW ,A:G1290,A:U1247,cWW ,A:G1290,0.146991,
A:A1248,tWH ,A:A1289,A:A1248,tWH ,A:A1289,0.151618,
A:C1249,tWH ,A:A1288,A:C1249,tWH ,A:A1288,0.132250,
A:C1249,---- ,A:A1289,A:C1249,tWH ,A:A1289,0.132250,
A:A1250, ,---,A:A1250, ,---,0.105403,
A:A1251, ,---,A:A1251, ,---,0.138724,
A:A1252,tWW ,A:A1285,A:A1252,tWW ,A:A1285,0.190030,
A:G1253,cWW ,A:C1284,A:G1253,cWW ,A:C1284,0.249110,
A:A1254,cWW ,A:U1283,A:A1254,cWW ,A:U1283,0.228893,
A:G1255,cSS ,A:C1259,A:G1255,cSS ,A:C1259,0.190218,
A:G1255,cWW ,A:C1282,A:G1255,cWW ,A:C1282,0.190218,
---, ,---,A:A1256, ,---, ,
---, ,---,A:A1257, ,---, ,
A:A1256, ,---,---, ,---, ,
A:A1257, ,---,---, ,---, ,
A:G1258,cWW ,A:C1277,A:G1258,cWW ,A:C1277,0.120522,
A:C1259,cSS ,A:G1255,A:C1259,cSS ,A:G1255,0.120522,
A:C1259,cWW ,A:G1276,A:C1259,cWW ,A:G1276,0.120522,
A:G1260,tSH ,A:A1275,A:G1260,tSH ,A:A1275,0.108847,
A:A1261,tHS ,A:A1274,A:A1261,tHS ,A:A1274,0.143798,
A:C1262,bif ,A:C1273,A:C1262,bif ,A:C1273,0.122600,
A:C1263,cWW ,A:G1272,A:C1263,cWW ,A:G1272,0.076132,
A:U1264,cWW ,A:A1271,A:U1264,cWW ,A:A1271,0.083875,
A:C1265,cWW ,A:G1270,A:C1265,cWW ,A:G1270,0.085116,
A:G1266, ,---,A:G1266, ,---,0.108854,
A:C1267, ,---,A:C1267, ,---,0.140379,
A:G1268,cSS ,A:U1326,A:G1268,cSS ,A:U1326,0.140379,
A:A1269,tSS ,A:G1312,A:A1269,tSS ,A:G1312,0.123186,
A:G1270,cWW ,A:C1265,A:G1270,cWW ,A:C1265,0.084996,
A:A1271,cWW ,A:U1264,A:A1271,cWW ,A:U1264,0.079179,
A:G1272,cWW ,A:C1263,A:G1272,cWW ,A:C1263,0.074233,
A:C1273,bif ,A:C1262,A:C1273,bif ,A:C1262,0.106914,
A:A1274,tSH ,A:A1261,A:A1274,tSH ,A:A1261,0.125011,
A:A1275,tHS ,A:G1260,A:A1275,tHS ,A:G1260,0.129228,
A:G1276,cWW ,A:C1259,A:G1276,cWW ,A:C1259,0.100708,
A:G1276,cSS ,A:C1282,A:G1276,cSS ,A:C1282,0.100708,
A:C1277,cWW ,A:G1258,A:C1277,cWW ,A:G1258,0.103718,
A:C1277,cSS ,A:G1279,A:C1277, ,---,0.103718,
---, ,---,A:G1278, ,---, ,
---, ,---,A:G1279, ,---, ,
A:G1278, ,---,---, ,---, ,
A:G1279,cSS ,A:C1277,---, ,A:C1277, ,
A:A1280,cHW ,A:U1125,A:A1280,cHW ,A:U1125,0.205334,
A:A1280,cWS ,A:C1149,A:A1280,cWS ,A:C1149,0.205334,
A:C1281, ,---,A:C1281, ,---,0.355281,
A:C1282,cWW ,A:G1255,A:C1282,cWW ,A:G1255,0.160983,
A:C1282,cSS ,A:G1276,A:C1282,cSS ,A:G1276,0.160983,
A:U1283,cWW ,A:A1254,A:U1283,cWW ,A:A1254,0.215318,
A:C1284,cWW ,A:G1253,A:C1284,cWW ,A:G1253,0.265788,
A:A1285,tWW ,A:A1252,A:A1285,tWW ,A:A1252,0.249110,
---, ,---,A:U1286, ,---, ,
A:U1286, ,---,---, ,---, ,
A:A1287, ,---,A:A1287, ,---,0.123177,
A:A1288,tHW ,A:C1249,A:A1288,tHW ,A:C1249,0.118794,
A:A1289,tHW ,A:A1248,A:A1289,tHW ,A:A1248,0.138865,
A:A1289,---- ,A:C1249,A:A1289,tHW ,A:C1249,0.138865,
A:G1290,cWW ,A:U1247,A:G1290,cWW ,A:U1247,0.143124,
A:U1291,cWW ,A:A1246,A:U1291,cWW ,A:A1246,0.106715,
A:G1292,cWW ,A:C1245,A:G1292,cWW ,A:C1245,0.076597,
A:C1293,cWW ,A:G1244,A:C1293,cWW ,A:G1244,0.120056,
A:G1294,cWW ,A:C1243,A:G1294,cWW ,A:C1243,0.085620,
A:U1295,cWW ,A:G1242,A:U1295,cWW ,A:G1242,0.124348,
A:C1296,cWW ,A:G1241,A:C1296,cWW ,A:G1241,0.181414,
A:G1297, ,A:U1298,A:G1297,cSH ,A:U1298,0.263793,
A:U1298, ,A:G1297,A:U1298,cHS ,A:G1297,0.406800,
A:A1299, ,---,A:A1299, ,---,0.411162,
A:G1300,cSH ,A:U1301,A:G1300,ncSH,A:U1301,0.326913,
A:U1301,tWH ,A:A1238,A:U1301,tWH ,A:A1238,0.403319,
A:U1301,cHS ,A:G1300,A:U1301,ncHS,A:G1300,0.403319,
A:C1302, ,---,A:C1302, ,---,0.266169,
A:C1303,cWW ,A:G1334,A:C1303,cWW ,A:G1334,0.313886,
A:G1304,tSH ,A:A1333,A:G1304,tSH ,A:A1333,0.145472,
A:G1305,tSH ,A:A1332,A:G1305,tSH ,A:A1332,0.126436,
A:A1306,tHS ,A:G1331,A:A1306,tHS ,A:G1331,0.129363,
A:U1307,cWW ,A:U1330,A:U1307,cWW ,A:U1330,0.141283,
A:U1308,cWW ,A:A1329,A:U1308,cWW ,A:A1329,0.145587,
A:G1309,cWW ,A:C1328,A:G1309,cWW ,A:C1328,0.087924,
A:G1310,cWW ,A:C1327,A:G1310,cWW ,A:C1327,0.126299,
A:A1311,cWW ,A:U1326,A:A1311,cWW ,A:U1326,0.122721,
A:G1312,tSS ,A:A1269,A:G1312,tSS ,A:A1269,0.099655,
A:G1312,cWW ,A:C1325,A:G1312,cWW ,A:C1325,0.099655,
A:U1313,cWW ,A:A1324,A:U1313,cWW ,A:A1324,0.133968,
A:C1314,cWW ,A:G1323,A:C1314,cWW ,A:G1323,0.169117,
A:U1315,tWH ,A:A1319,A:U1315,tWH ,A:A1319,0.145280,
A:U1315,ncSS,A:A1360,A:U1315,cSS ,A:A1360,0.145280,
A:G1316,tSW ,A:A978,A:G1316,tSW ,A:A978,0.117384,
A:C1317, ,---,A:C1317, ,---,0.175310,
A:A1318, ,---,A:A1318, ,---,0.175310,
A:A1319,tHW ,A:U1315,A:A1319,tHW ,A:U1315,0.143118,
A:A1319,tWS ,A:G1361,A:A1319,tWS ,A:G1361,0.143118,
A:C1320, ,---,A:C1320, ,---,0.201143,
A:U1321, ,---,A:U1321, ,---,0.245850,
---, ,---,A:C1322, ,---, ,
A:C1322, ,---,---, ,---, ,
A:G1323,cWW ,A:C1314,A:G1323,cWW ,A:C1314,0.111981,
A:A1324,cWW ,A:U1313,A:A1324,cWW ,A:U1313,0.150681,
A:C1325,cWW ,A:G1312,A:C1325,cWW ,A:G1312,0.096447,
A:U1326,cSS ,A:G1268,A:U1326,cSS ,A:G1268,0.133729,
A:U1326,cWW ,A:A1311,A:U1326,cWW ,A:A1311,0.133729,
A:C1327,cWW ,A:G1310,A:C1327,cWW ,A:G1310,0.110564,
A:C1328,cWW ,A:G1309,A:C1328,cWW ,A:G1309,0.078964,
A:A1329,cWW ,A:U1308,A:A1329,cWW ,A:U1308,0.104291,
A:U1330,cWW ,A:U1307,A:U1330,cWW ,A:U1307,0.153469,
A:G1331,tSH ,A:A1306,A:G1331,tSH ,A:A1306,0.097915,
A:A1332,tHS ,A:G1305,A:A1332,tHS ,A:G1305,0.131735,
A:A1333,cSS ,A:A946,A:A1333,cSS ,A:A946,0.095249,
A:A1333,tHS ,A:G1304,A:A1333,tHS ,A:G1304,0.095249,
A:G1334,cWW ,A:C1303,A:G1334,cWW ,A:C1303,0.298316,
A:U1335, ,---,A:U1335, ,---,0.405669,
A:C1336, ,---,A:C1336, ,---,0.123184,
A:G1337,cWW ,A:C1237,A:G1337,cWW ,A:C1237,0.123184,
A:G1338, ,---,A:G1338, ,---,0.162658,
A:A1339,tHS ,A:G944,A:A1339,tHS ,A:G944,0.133216,
A:A1340,cWW ,A:U943,A:A1340,cWW ,A:U943,0.118018,
A:U1341,cWW ,A:G942,A:U1341,cWW ,A:G942,0.094680,
A:C1342,cWW ,A:G941,A:C1342,cWW ,A:G941,0.083180,
A:G1343,cWW ,A:C940,A:G1343,cWW ,A:C940,0.057527,
A:C1344,cWW ,A:G939,A:C1344,cWW ,A:G939,0.149602,
A:U1345, ,---,A:U1345, ,---,0.159852,
A:A1346,tHH ,A:A1375,A:A1346,tHH ,A:A1375,0.157516,
A:G1347,cSH ,A:U1348,A:G1347,cSH ,A:U1348,0.128627,
A:U1348,cHS ,A:G1347,A:U1348,cHS ,A:G1347,0.137349,
A:U1348,tWH ,A:A1374,A:U1348,tWH ,A:A1374,0.137349,
A:A1349,tHS ,A:G1373,A:A1349,tHS ,A:G1373,0.104056,
A:A1350,cWW ,A:U1372,A:A1350,cWW ,A:U1372,0.071159,
A:U1351,cWW ,A:G1371,A:U1351,cWW ,A:G1371,0.061547,
A:C1352,cWW ,A:G1370,A:C1352,cWW ,A:G1370,0.134952,
A:G1353,cWW ,A:C1369,A:G1353,cWW ,A:C1369,0.148671,
A:U1354,cWW ,A:A1368,A:U1354,cWW ,A:A1368,0.091776,
A:G1355,cWW ,A:C1367,A:G1355,cWW ,A:C1367,0.070151,
A:G1356,cWW ,A:C1366,A:G1356,cWW ,A:C1366,0.052625,
A:A1357,cWW ,A:G1365,A:A1357,cWW ,A:G1365,0.096124,
A:U1358,tWW ,A:A1363,A:U1358,tWW ,A:A1363,0.113395,
A:C1359, ,---,A:C1359, ,---,0.113395,
A:A1360,tWH ,A:A978,A:A1360,tWH ,A:A978,0.169416,
A:A1360,ncSS,A:U1315,A:A1360,cSS ,A:U1315,0.169416,
A:G1361,tSW ,A:A1319,A:G1361,tSW ,A:A1319,0.347733,
A:A1362,cWW ,A:U1224,A:A1362, ,---,0.368842,
A:A1362, ,---,A:A1362,cWW ,A:U1224,0.368842,
A:A1363,tWW ,A:U1358,A:A1363,tWW ,A:U1358,0.119592,
A:U1364, ,---,A:U1364, ,---,0.172415,
A:G1365,cWW ,A:A1357,A:G1365,cWW ,A:A1357,0.076444,
A:C1366,cWW ,A:G1356,A:C1366,cWW ,A:G1356,0.052430,
A:C1367,cWW ,A:G1355,A:C1367,cWW ,A:G1355,0.043372,
A:A1368,cWW ,A:U1354,A:A1368,cWW ,A:U1354,0.079725,
A:C1369,cWW ,A:G1353,A:C1369,cWW ,A:G1353,0.130062,
A:G1370,cWW ,A:C1352,A:G1370,cWW ,A:C1352,0.121959,
A:G1371,cWW ,A:U1351,A:G1371,cWW ,A:U1351,0.057180,
A:U1372,cWW ,A:A1350,A:U1372,cWW ,A:A1350,0.084593,
A:G1373,tSH ,A:A1349,A:G1373,tSH ,A:A1349,0.093341,
A:A1374,tHW ,A:U1348,A:A1374,tHW ,A:U1348,0.157516,
A:A1375,cSS ,A:G939,A:A1375,cSS ,A:G939,0.189214,
A:A1375,tHH ,A:A1346,A:A1375,tHH ,A:A1346,0.189214,
A:A1375,nbif,A:C934,A:A1375,bif ,A:C934,0.189214,
A:U1376,cSS ,A:A938,A:U1376,cSS ,A:A938,0.138024,
A:A1377, ,---,A:A1377, ,---,0.126612,
A:C1378,tHS ,A:A937,A:C1378,tHS ,A:A937,0.173981,
A:G1379,cWW ,A:C936,A:G1379,cWW ,A:C936,0.150839,
A:U1380,cWW ,A:A935,A:U1380,cWW ,A:A935,0.096066,
A:U1381, ,---,A:U1381, ,---,0.120254,
A:C1382, ,---,A:C1382, ,---,0.134833,
A:C1383,cWS ,A:A935,A:C1383,cWS ,A:A935,0.132389,
A:C1384,cWW ,A:G933,A:C1384,cWW ,A:G933,0.125209,
A:G1385,cWW ,A:C932,A:G1385,cWW ,A:C932,0.095772,
A:G1386,cWW ,A:C931,A:G1386,cWW ,A:C931,0.129093,
A:G1387,cWW ,A:C930,A:G1387,cWW ,A:C930,0.234013,
A:C1388,cWW ,A:G929,A:C1388,cWW ,A:G929,0.183520,
A:C1389,cWW ,A:G928,A:C1389,cWW ,A:G928,0.081608,
A:U1390,cWW ,A:G927,A:U1390,cWW ,A:G927,0.089724,
A:U1391,cWW ,A:G925,A:U1391,cWW ,A:G925,0.052726,
A:G1392,cWW ,A:C924,A:G1392,cWW ,A:C924,0.080151,
A:U1393,cWW ,A:A923,A:U1393,cWW ,A:A923,0.092515,
A:A1394, ,---,A:A1394, ,---,0.072055,
A:C1395,cWW ,A:G922,A:C1395,cWW ,A:G922,0.064883,
A:C1395,cSS ,A:A1398,A:C1395,ncSS,A:A1398,0.064883,
A:A1396,cWW ,A:U921,A:A1396,cWW ,A:U921,0.074256,
---, ,---,A:C1397, ,---, ,
A:C1397, ,---,---, ,---, ,
A:A1398,tSS ,A:G922,A:A1398,tSS ,A:G922,0.071375,
A:A1398,cSS ,A:C1395,A:A1398,ncSS,A:C1395,0.071375,
A:C1399,cWW ,A:G1504,A:C1399,cWW ,A:G1504,0.044554,
A:C1400, ,---,A:C1400, ,---,0.789910,
A:G1401,cWW ,A:C1501,A:G1401,cWW ,A:C1501,0.049882,
A:C1402,cWW ,A:A1500,A:C1402,cWW ,A:A1500,0.082538,
A:C1403,cSW ,A:A1499,A:C1403,cSW ,A:A1499,0.061285,
A:C1404,cWW ,A:G1497,A:C1404,cWW ,A:G1497,0.067522,
A:C1404,cSS ,A:A1519,A:C1404,cSS ,A:A1519,0.067522,
A:G1405,cWW ,A:C1496,A:G1405,cWW ,A:C1496,0.108040,
A:G1405,cSS ,A:A1518,A:G1405,cSS ,A:A1518,0.108040,
A:U1406, ,---,A:U1406, ,---,0.154411,
A:C1407,cWW ,A:G1494,A:C1407,cWW ,A:G1494,0.241327,
A:A1408, ,---,A:A1408, ,---,0.300586,
A:C1409,cWW ,A:G1491,A:C1409,cWW ,A:G1491,0.270313,
A:A1410,cWW ,A:U1490,A:A1410,cWW ,A:U1490,0.259370,
A:C1411,cWW ,A:G1489,A:C1411,cWW ,A:G1489,0.185933,
A:C1412,cWW ,A:G1488,A:C1412,cWW ,A:G1488,0.116282,
A:A1413,cSS ,A:A909,A:A1413,cSS ,A:A909,0.116294,
A:A1413,cWW ,A:G1487,A:A1413,cWW ,A:G1487,0.116294,
A:U1414,cWW ,A:G1486,A:U1414,cWW ,A:G1486,0.125573,
A:G1415,cWW ,A:U1485,A:G1415,cWW ,A:U1485,0.104036,
A:G1416,cWW ,A:C1484,A:G1416,cWW ,A:C1484,0.148475,
A:G1417,tSH ,A:A1483,A:G1417,tSH ,A:A1483,0.135204,
A:A1418,tHS ,A:G1482,A:A1418,tHS ,A:G1482,0.120068,
A:G1419,cWW ,A:U1481,A:G1419,cWW ,A:U1481,0.085301,
A:U1420,cWW ,A:A1480,A:U1420,cWW ,A:A1480,0.110342,
A:G1421,cWW ,A:C1479,A:G1421,cWW ,A:C1479,0.180841,
A:G1422,cWW ,A:U1478,A:G1422,cWW ,A:U1478,0.190027,
A:G1423,cWW ,A:U1477,A:G1423,cWW ,A:U1477,0.082780,
A:U1424,cWW ,A:A1476,A:U1424,cWW ,A:A1476,0.119216,
A:U1425,cWW ,A:G1475,A:U1425,cWW ,A:G1475,0.129407,
A:G1426,cWW ,A:U1474,A:G1426,cWW ,A:U1474,0.091243,
A:C1427,cWW ,A:G1473,A:C1427,cWW ,A:G1473,0.075386,
A:A1428,cWW ,A:U1472,A:A1428,cWW ,A:U1472,0.056900,
A:A1429,cWW ,A:U1471,A:A1429,cWW ,A:U1471,0.059918,
A:A1430,cWW ,A:U1470,A:A1430,cWW ,A:U1470,0.098369,
A:A1431,tSH ,A:C1469,A:A1431,tSH ,A:C1469,0.091125,
A:G1432,tSH ,A:A1468,A:G1432,tSH ,A:A1468,0.117863,
A:A1433,tHS ,A:C1467,A:A1433,tHS ,A:C1467,0.107505,
A:A1433,ncSS,A:C335,A:A1433,cSS ,A:C335,0.107505,
A:A1434,---- ,A:C1466,A:A1434,bif ,A:C1466,0.107505,
A:G1435,cWW ,A:C1466,A:G1435,cWW ,A:C1466,0.131385,
A:U1436,cWW ,A:A1465,A:U1436,cWW ,A:A1465,0.117929,
A:A1437,cWW ,A:U1464,A:A1437,cWW ,A:U1464,0.089027,
A:G1438,cWW ,A:U1463,A:G1438,cWW ,A:U1463,0.065267,
A:G1439,cWW ,A:C1462,A:G1439,cWW ,A:C1462,0.090333,
A:U1440,cWW ,A:G1461,A:U1440,cWW ,A:G1461,0.081008,
A:A1441,tHS ,A:G1461,A:A1441,ntHS,A:G1461,0.070991,
A:G1442,cWW ,A:C1460,A:G1442,cWW ,A:C1460,0.076695,
A:C1443,cWW ,A:G1459,A:C1443,cWW ,A:G1459,0.076022,
A:U1444,cWW ,A:G1458,A:U1444,cWW ,A:G1458,0.134090,
A:U1445,cWW ,A:G1457,A:U1445,cWW ,A:G1457,0.140996,
A:A1446,cSS ,A:G148,A:A1446,cSS ,A:G148,0.109170,
A:A1447,tSS ,A:C175,A:A1447,tSS ,A:C175,0.112665,
A:C1448,cWW ,A:G1455,A:C1448,cWW ,A:G1455,0.109286,
A:C1449,cWW ,A:G1454,A:C1449,cWW ,A:G1454,0.110998,
A:U1450,ntSW,A:G1453,A:U1450,tSW ,A:G1453,0.174340,
A:U1451, ,---,A:U1451, ,---,0.197185,
A:C1452, ,---,A:C1452, ,---,0.197185,
A:G1453,ntWS,A:U1450,A:G1453,tWS ,A:U1450,0.197185,
A:G1454,cWW ,A:C1449,A:G1454,cWW ,A:C1449,0.106074,
A:G1455,cWW ,A:C1448,A:G1455,cWW ,A:C1448,0.111224,
A:A1456, ,---,A:A1456, ,---,0.109286,
A:G1457,cWW ,A:U1445,A:G1457,cWW ,A:U1445,0.144117,
A:G1458,cWW ,A:U1444,A:G1458,cWW ,A:U1444,0.140996,
A:G1459,cWW ,A:C1443,A:G1459,cWW ,A:C1443,0.085029,
A:C1460,cWW ,A:G1442,A:C1460,cWW ,A:G1442,0.055654,
A:G1461,cWW ,A:U1440,A:G1461,cWW ,A:U1440,0.061986,
A:G1461,tSH ,A:A1441,A:G1461,ntSH,A:A1441,0.061986,
A:C1462,cWW ,A:G1439,A:C1462,cWW ,A:G1439,0.074591,
A:U1463,cWW ,A:G1438,A:U1463,cWW ,A:G1438,0.072957,
A:U1464,cWW ,A:A1437,A:U1464,cWW ,A:A1437,0.094431,
A:A1465,cWW ,A:U1436,A:A1465,cWW ,A:U1436,0.109301,
A:C1466,cWW ,A:G1435,A:C1466,cWW ,A:G1435,0.125166,
A:C1466,---- ,A:A1434,A:C1466,bif ,A:A1434,0.125166,
A:C1467,tSH ,A:A1433,A:C1467,tSH ,A:A1433,0.100320,
A:A1468,tHS ,A:G1432,A:A1468,tHS ,A:G1432,0.117213,
A:C1469,tHS ,A:A1431,A:C1469,tHS ,A:A1431,0.128273,
A:U1470,cWW ,A:A1430,A:U1470,cWW ,A:A1430,0.116286,
A:U1471,cWW ,A:A1429,A:U1471,cWW ,A:A1429,0.059769,
A:U1472,cWW ,A:A1428,A:U1472,cWW ,A:A1428,0.062412,
A:G1473,cWW ,A:C1427,A:G1473,cWW ,A:C1427,0.065394,
A:U1474,cWW ,A:G1426,A:U1474,cWW ,A:G1426,0.087343,
A:G1475,cWW ,A:U1425,A:G1475,cWW ,A:U1425,0.086277,
A:A1476,cWW ,A:U1424,A:A1476,cWW ,A:U1424,0.123589,
A:U1477,cWW ,A:G1423,A:U1477,cWW ,A:G1423,0.092730,
A:U1478,cWW ,A:G1422,A:U1478,cWW ,A:G1422,0.196259,
A:C1479,cWW ,A:G1421,A:C1479,cWW ,A:G1421,0.199597,
A:A1480,cWW ,A:U1420,A:A1480,cWW ,A:U1420,0.144009,
A:U1481,cWW ,A:G1419,A:U1481,cWW ,A:G1419,0.101808,
A:G1482,tSH ,A:A1418,A:G1482,tSH ,A:A1418,0.088742,
A:A1483,tHS ,A:G1417,A:A1483,tHS ,A:G1417,0.126972,
A:C1484,cWW ,A:G1416,A:C1484,cWW ,A:G1416,0.138553,
A:U1485,cWW ,A:G1415,A:U1485,cWW ,A:G1415,0.103734,
A:G1486,cWW ,A:U1414,A:G1486,cWW ,A:U1414,0.107043,
A:G1487,cWW ,A:A1413,A:G1487,cWW ,A:A1413,0.141919,
A:G1488,cWW ,A:C1412,A:G1488,cWW ,A:C1412,0.125988,
A:G1489,cWW ,A:C1411,A:G1489,cWW ,A:C1411,0.181168,
A:U1490,cWW ,A:A1410,A:U1490,cWW ,A:A1410,0.293408,
A:G1491,cWW ,A:C1409,A:G1491,cWW ,A:C1409,0.259370,
---, ,---,A:A1492, ,---, ,
---, ,---,A:A1493, ,---, ,
A:A1492, ,---,---, ,---, ,
A:A1493, ,---,---, ,---, ,
A:G1494,cWW ,A:C1407,A:G1494,cWW ,A:C1407,0.300586,
A:U1495, ,---,A:U1495, ,---,0.180342,
A:C1496,cWW ,A:G1405,A:C1496,cWW ,A:G1405,0.144326,
A:G1497,cWW ,A:C1404,A:G1497,cWW ,A:C1404,0.078087,
A:G1497,ntSS,A:A1518,A:G1497,tSS ,A:A1518,0.078087,
A:G1497,ntSS,A:A1519,A:G1497,tSS ,A:A1519,0.078087,
A:U1498,cSH ,A:A1499,A:U1498,cSH ,A:A1499,0.043631,
A:A1499,cWS ,A:C1403,A:A1499,cWS ,A:C1403,0.080507,
A:A1499,cHS ,A:U1498,A:A1499,cHS ,A:U1498,0.080507,
A:A1500,cWW ,A:C1402,A:A1500,cWW ,A:C1402,0.073461,
A:C1501,cWW ,A:G1401,A:C1501,cWW ,A:G1401,0.075932,
A:A1502,tSS ,A:C924,A:A1502,tSS ,A:C924,0.107565,
A:A1503, ,---,A:A1503, ,---,0.173588,
A:G1504,cWW ,A:C1399,A:G1504,cWW ,A:C1399,0.071079,
A:G1505, ,---,A:G1505, ,---,0.083323,
A:U1506, ,---,A:U1506, ,---,0.076211,
A:A1507,cWW ,A:U1528,A:A1507,cWW ,A:U1528,0.113928,
A:A1508,cWW ,A:U1527,A:A1508,cWW ,A:U1527,0.085274,
A:C1509,cWW ,A:G1526,A:C1509,cWW ,A:G1526,0.075755,
A:C1510,cWW ,A:G1525,A:C1510,cWW ,A:G1525,0.070857,
A:G1511,tSS ,A:A767,A:G1511,tSS ,A:A767,0.058064,
A:G1511,cSS ,A:U813,A:G1511,cSS ,A:U813,0.058064,
A:G1511,cWW ,A:C1524,A:G1511,cWW ,A:C1524,0.058064,
A:U1512,cWW ,A:G1523,A:U1512,cWW ,A:G1523,0.065760,
A:A1513,cWW ,A:U1522,A:A1513,cWW ,A:U1522,0.093254,
A:G1514,cWW ,A:C1521,A:G1514,cWW ,A:C1521,0.080420,
A:G1515,cWW ,A:C1520,A:G1515,cWW ,A:C1520,0.079891,
A:G1516, ,---,A:G1516, ,---,0.079891,
A:G1517, ,---,A:G1517, ,---,0.095036,
A:A1518,cSS ,A:G1405,A:A1518,cSS ,A:G1405,0.075954,
A:A1518,ntSS,A:G1497,A:A1518,tSS ,A:G1497,0.075954,
A:A1519,cSS ,A:C1404,A:A1519,cSS ,A:C1404,0.089409,
A:A1519,ntSS,A:G1497,A:A1519,tSS ,A:G1497,0.089409,
A:C1520,cWW ,A:G1515,A:C1520,cWW ,A:G1515,0.096954,
A:C1521,cWW ,A:G1514,A:C1521,cWW ,A:G1514,0.083437,
A:U1522,cWW ,A:A1513,A:U1522,cWW ,A:A1513,0.088968,
A:G1523,cWW ,A:U1512,A:G1523,cWW ,A:U1512,0.075569,
A:C1524,cSS ,A:A767,A:C1524,cSS ,A:A767,0.064200,
A:C1524,cWW ,A:G1511,A:C1524,cWW ,A:G1511,0.064200,
A:G1525,cSS ,A:A766,A:G1525,cSS ,A:A766,0.054736,
A:G1525,cWW ,A:C1510,A:G1525,cWW ,A:C1510,0.054736,
A:G1526,cWW ,A:C1509,A:G1526,cWW ,A:C1509,0.072095,
A:U1527,cWW ,A:A1508,A:U1527,cWW ,A:A1508,0.097771,
A:U1528,cWW ,A:A1507,A:U1528,cWW ,A:A1507,0.112023,
A:G1529,cWW ,A:C817,A:G1529,cWW ,A:C817,0.054381,
A:G1530, ,---,A:G1530, ,---,0.124095,
A:A1531, ,---,A:A1531, ,---,0.226106,
A:U1532, ,---,A:U1532, ,---,0.223317,
---, ,---,A:C1533, ,---, ,
---, ,---,A:A1534, ,---, ,
A:C1533, ,---,---, ,---, ,
A:A1534, ,---,---, ,---, ,
